frame,time_seconds,mean_abs_difference,changed_fraction_ge_12
1,0.0,0.0,0.0
2,0.016667,0.012361,0.0
3,0.033333,0.020833,0.0
4,0.05,0.017778,0.0
5,0.066667,0.000972,0.0
6,0.083333,6.9e-05,0.0
7,0.1,0.0,0.0
8,0.116667,0.000208,0.0
9,0.133333,0.005208,0.000139
10,0.15,0.004028,6.9e-05
11,0.166667,0.001806,6.9e-05
12,0.183333,0.000208,0.0
13,0.2,0.174722,0.0
14,0.216667,0.074583,0.0
15,0.233333,0.061667,0.0
16,0.25,0.156736,0.0
17,0.266667,0.060069,0.0
18,0.283333,0.032292,0.0
19,0.3,0.0125,0.0
20,0.316667,0.002083,0.0
21,0.333333,0.022639,0.0
22,0.35,0.001181,0.0
23,0.366667,0.000208,0.0
24,0.383333,0.0,0.0
25,0.4,0.001736,0.0
26,0.416667,0.0,0.0
27,0.433333,0.0,0.0
28,0.45,0.0,0.0
29,0.466667,0.0,0.0
30,0.483333,0.043889,0.0
31,0.5,0.017222,0.0
32,0.516667,0.098264,0.0
33,0.533333,0.178889,0.0
34,0.55,0.044583,0.0
35,0.566667,0.034722,0.0
36,0.583333,0.14375,0.0
37,0.6,0.062778,0.0
38,0.616667,0.050556,0.0
39,0.633333,0.163681,0.0
40,0.65,0.042917,0.0
41,0.666667,0.091181,0.0
42,0.683333,0.017639,0.0
43,0.7,0.025556,0.0
44,0.716667,0.087361,0.0
45,0.733333,0.070139,0.0
46,0.75,0.009306,0.0
47,0.766667,0.014097,0.0
48,0.783333,0.063542,0.0
49,0.8,0.065694,0.0
50,0.816667,0.001528,0.0
51,0.833333,0.007292,0.0
52,0.85,0.034653,0.0
53,0.866667,0.033542,0.0
54,0.883333,0.009236,0.0
55,0.9,0.016597,0.0
56,0.916667,0.059028,0.0
57,0.933333,0.199583,0.0
58,0.95,0.080764,0.0
59,0.966667,0.080139,0.0
60,0.983333,0.238958,0.0
61,1.0,0.173889,0.0
62,1.016667,0.012292,0.0
63,1.033333,0.015208,0.0
64,1.05,0.084653,0.0
65,1.066667,0.085,0.0
66,1.083333,0.039861,0.0
67,1.1,0.02875,0.0
68,1.116667,0.085625,0.0
69,1.133333,0.111875,0.0
70,1.15,0.038958,0.0
71,1.166667,0.029097,0.0
72,1.183333,0.110347,0.0
73,1.2,0.020556,0.0
74,1.216667,0.029792,0.0
75,1.233333,0.010208,0.0
76,1.25,0.013472,0.0
77,1.266667,0.272361,0.0
78,1.283333,0.131389,0.0
79,1.3,0.107639,0.0
80,1.316667,0.251181,6.9e-05
81,1.333333,0.247361,0.0
82,1.35,0.114583,0.0
83,1.366667,0.109514,0.0
84,1.383333,0.204167,0.0
85,1.4,0.152778,0.0
86,1.416667,0.087917,0.0
87,1.433333,0.105139,0.0
88,1.45,0.160417,0.0
89,1.466667,0.093194,0.0
90,1.483333,0.212569,0.0
91,1.5,0.199097,0.0
92,1.516667,0.1025,0.0
93,1.533333,0.050694,0.0
94,1.55,0.166944,6.9e-05
95,1.566667,0.168056,0.0
96,1.583333,0.095833,0.0
97,1.6,0.107222,0.0
98,1.616667,0.021597,0.0
99,1.633333,0.049306,0.0
100,1.65,0.335972,0.0
101,1.666667,0.119722,0.0
102,1.683333,0.134028,0.0
103,1.7,0.271944,0.0
104,1.716667,0.002153,0.0
105,1.733333,0.0,0.0
106,1.75,0.001042,0.0
107,1.766667,0.534653,0.0
108,1.783333,0.178333,0.0
109,1.8,0.106111,0.0
110,1.816667,0.137917,0.0
111,1.833333,0.225069,0.0
112,1.85,0.1925,0.0
113,1.866667,0.116875,0.0
114,1.883333,0.107639,0.0
115,1.9,0.244583,0.0
116,1.916667,0.152639,0.0
117,1.933333,0.183264,6.9e-05
118,1.95,0.125903,0.0
119,1.966667,0.246667,0.0
120,1.983333,0.195208,0.0
121,2.0,0.300694,0.0
122,2.016667,0.155625,0.0
123,2.033333,0.321875,0.000972
124,2.05,0.225069,0.0
125,2.066667,0.343056,0.000625
126,2.083333,0.348056,0.0
127,2.1,0.306458,0.000486
128,2.116667,0.311875,0.000486
129,2.133333,0.436806,0.001181
130,2.15,0.455694,0.001181
131,2.166667,0.425833,0.002986
132,2.183333,0.425278,0.002083
133,2.2,0.581944,0.005069
134,2.216667,0.586806,0.005417
135,2.233333,0.578889,0.005694
136,2.25,0.588472,0.006597
137,2.266667,0.762292,0.009167
138,2.283333,0.769653,0.009444
139,2.3,0.809028,0.011181
140,2.316667,0.847847,0.012986
141,2.333333,0.989514,0.015278
142,2.35,1.04875,0.017986
143,2.366667,1.174653,0.021806
144,2.383333,1.307986,0.025972
145,2.4,1.492986,0.030069
146,2.416667,1.651458,0.035208
147,2.433333,1.837014,0.038194
148,2.45,2.063889,0.043681
149,2.466667,2.402222,0.051806
150,2.483333,2.705417,0.060833
151,2.5,2.946667,0.067431
152,2.516667,3.122639,0.074236
153,2.533333,3.413889,0.084097
154,2.55,3.520972,0.090417
155,2.566667,3.722569,0.101944
156,2.583333,4.264375,0.117986
157,2.6,5.016944,0.13875
158,2.616667,5.288333,0.140556
159,2.633333,5.574444,0.140903
160,2.65,5.786458,0.143403
161,2.666667,6.33625,0.161806
162,2.683333,6.8475,0.175069
163,2.7,6.315486,0.156319
164,2.716667,4.788542,0.121806
165,2.733333,4.182361,0.113681
166,2.75,4.881458,0.124931
167,2.766667,8.565625,0.248681
168,2.783333,33.867917,0.771597
169,2.8,0.108958,0.0
170,2.816667,0.187847,0.0
171,2.833333,2.157361,0.033264
172,2.85,1.095972,0.016944
173,2.866667,0.952222,0.01
174,2.883333,0.893264,0.013958
175,2.9,0.962222,0.010417
176,2.916667,0.203125,0.0
177,2.933333,1.281597,0.024306
178,2.95,0.686806,0.005972
179,2.966667,0.970972,0.001042
180,2.983333,0.599236,0.005694
181,3.0,0.929028,0.007569
182,3.016667,0.171667,0.0
183,3.033333,0.79,0.007361
184,3.05,0.555069,0.000694
185,3.066667,0.690903,0.000208
186,3.083333,0.514028,0.000556
187,3.1,0.603958,0.0
188,3.116667,0.462153,0.000694
189,3.133333,0.409375,0.0
190,3.15,0.572292,6.9e-05
191,3.166667,0.538264,0.0
192,3.183333,0.3825,0.0
193,3.2,0.417222,0.0
194,3.216667,0.158542,0.0
195,3.233333,0.366667,0.0
196,3.25,0.183542,0.0
197,3.266667,0.225556,0.0
198,3.283333,0.195625,0.0
199,3.3,0.340625,0.0
200,3.316667,0.166389,0.0
201,3.333333,0.246944,0.0
202,3.35,0.148958,0.0
203,3.366667,0.344028,0.0
204,3.383333,0.084167,0.0
205,3.4,0.189236,0.0
206,3.416667,0.082708,0.0
207,3.433333,0.261042,0.0
208,3.45,0.149653,0.0
209,3.466667,0.16,0.0
210,3.483333,0.150764,0.0
211,3.5,0.205,0.0
212,3.516667,0.137708,0.0
213,3.533333,0.158333,0.0
214,3.55,0.032986,0.0
215,3.566667,43.251389,0.781458
216,3.583333,0.046181,0.0
217,3.6,0.136319,0.000347
218,3.616667,0.042569,0.0
219,3.633333,0.046875,0.0
220,3.65,0.263611,0.000625
221,3.666667,0.124792,0.0
222,3.683333,0.256042,6.9e-05
223,3.7,0.167778,0.0
224,3.716667,0.287708,0.000556
225,3.733333,0.138819,0.0
226,3.75,0.153403,0.0
227,3.766667,0.322569,0.000486
228,3.783333,0.077639,0.0
229,3.8,0.199514,0.000208
230,3.816667,0.058472,0.0
231,3.833333,0.081111,0.0
232,3.85,0.298194,0.000278
233,3.866667,0.166875,0.0
234,3.883333,0.310417,0.001458
235,3.9,0.222083,0.0
236,3.916667,0.305417,0.001319
237,3.933333,0.150972,0.0
238,3.95,0.144583,0.0
239,3.966667,0.393194,0.001042
240,3.983333,0.094861,0.0
241,4.0,0.464514,0.001597
242,4.016667,0.045903,0.0
243,4.033333,0.146875,0.0
244,4.05,0.370417,0.002153
245,4.066667,0.166458,0.0
246,4.083333,0.366597,0.002569
247,4.1,0.188958,0.0
248,4.116667,0.362569,0.003333
249,4.133333,0.173819,0.0
250,4.15,0.168472,0.000139
251,4.166667,0.454931,0.002361
252,4.183333,0.089792,0.000139
253,4.2,0.315347,0.003194
254,4.216667,0.076528,0.000278
255,4.233333,0.123125,0.000139
256,4.25,0.388056,0.003819
257,4.266667,0.167639,0.000139
258,4.283333,0.350764,0.003125
259,4.3,0.217569,0.000139
260,4.316667,0.367639,0.004306
261,4.333333,0.177569,0.0
262,4.35,0.1475,0.000208
263,4.366667,0.429028,0.004097
264,4.383333,0.096389,6.9e-05
265,4.4,0.319931,0.004167
266,4.416667,0.071181,0.000139
267,4.433333,0.133056,0.000139
268,4.45,0.390833,0.005347
269,4.466667,0.158958,6.9e-05
270,4.483333,0.377778,0.004444
271,4.5,0.225069,0.0
272,4.516667,0.374097,0.005278
273,4.533333,0.190139,6.9e-05
274,4.55,0.144444,6.9e-05
275,4.566667,0.458056,0.004306
276,4.583333,0.095347,6.9e-05
277,4.6,0.270556,0.003819
278,4.616667,0.085833,6.9e-05
279,4.633333,0.106597,0.0
280,4.65,0.371667,0.004167
281,4.666667,0.169583,6.9e-05
282,4.683333,0.343889,0.003958
283,4.7,0.222986,6.9e-05
284,4.716667,0.343611,0.004375
285,4.733333,0.152083,0.000139
286,4.75,0.143889,0.000139
287,4.766667,0.380903,0.00375
288,4.783333,0.129722,0.000208
289,4.8,0.292083,0.003194
290,4.816667,0.16875,0.000208
291,4.833333,0.172847,0.000208
292,4.85,0.370972,0.002361
293,4.866667,0.178194,0.000278
294,4.883333,0.397639,0.002153
295,4.9,0.047292,0.000208
296,4.916667,0.275903,0.001875
297,4.933333,0.113264,0.0
298,4.95,0.101667,0.0
299,4.966667,0.301597,0.001111
300,4.983333,0.021458,0.000139
301,5.0,45.740278,0.802222
302,5.016667,0.006319,0.000139
303,5.033333,3.871597,0.000208
304,5.05,4.492778,0.002708
305,5.066667,3.716736,0.000139
306,5.083333,4.499514,0.002014
307,5.1,3.719722,0.000694
308,5.116667,4.933264,0.002917
309,5.133333,2.574722,0.000278
310,5.15,4.180903,0.000764
311,5.166667,2.012222,0.001181
312,5.183333,2.467153,0.000208
313,5.2,1.062569,0.00125
314,5.216667,2.319167,0.000208
315,5.233333,2.493194,0.000139
316,5.25,3.958681,0.146597
317,5.266667,4.068125,0.152222
318,5.283333,4.457639,0.165972
319,5.3,3.901111,0.142153
320,5.316667,3.461875,0.081319
321,5.333333,3.519583,0.045208
322,5.35,3.180278,0.030208
323,5.366667,3.647917,0.014306
324,5.383333,2.155278,0.000208
325,5.4,2.290278,0.000625
326,5.416667,2.073611,0.0
327,5.433333,2.025139,6.9e-05
328,5.45,1.660903,0.000417
329,5.466667,1.651806,6.9e-05
330,5.483333,1.594167,0.000486
331,5.5,1.582917,6.9e-05
332,5.516667,1.122708,0.000833
333,5.533333,0.810139,0.000347
334,5.55,0.799861,0.000347
335,5.566667,1.042708,0.001111
336,5.583333,0.619028,6.9e-05
337,5.6,0.680625,0.000833
338,5.616667,0.391042,0.0
339,5.633333,0.54375,0.0
340,5.65,0.795903,0.000694
341,5.666667,0.478125,0.0
342,5.683333,0.631597,0.000625
343,5.7,0.20375,0.0
344,5.716667,0.223681,0.0
345,5.733333,0.123819,0.0
346,5.75,0.258333,0.0
347,5.766667,0.452569,0.000625
348,5.783333,0.260486,6.9e-05
349,5.8,0.597847,0.000625
350,5.816667,0.26625,0.0
351,5.833333,0.15625,0.000139
352,5.85,0.592569,0.000972
353,5.866667,0.164931,0.000347
354,5.883333,0.43375,0.000833
355,5.9,0.195,0.000278
356,5.916667,0.438056,0.000694
357,5.933333,0.105,0.000278
358,5.95,0.144583,0.000278
359,5.966667,0.412361,0.000694
360,5.983333,0.13,0.000278
361,6.0,0.465278,0.000764
362,6.016667,0.132292,0.000347
363,6.033333,0.162569,0.000278
364,6.05,0.529722,0.000694
365,6.066667,0.126042,0.000347
366,6.083333,0.361597,0.000903
367,6.1,0.105069,0.0
368,6.116667,0.427778,0.000347
369,6.133333,0.044792,0.0
370,6.15,0.062361,0.000139
371,6.166667,0.301181,0.000625
372,6.183333,0.142708,0.0
373,6.2,0.396875,0.000278
374,6.216667,0.143958,0.0
375,6.233333,0.129514,0.0
376,6.25,0.435972,0.000972
377,6.266667,0.133403,0.0
378,6.283333,0.364931,0.000417
379,6.3,0.115486,0.0
380,6.316667,0.398264,0.000625
381,6.333333,0.054722,0.000278
382,6.35,0.057569,0.000139
383,6.366667,0.268472,0.000833
384,6.383333,0.137917,0.000208
385,6.4,0.494514,0.000903
386,6.416667,0.034167,0.000347
387,6.433333,0.008889,6.9e-05
388,6.45,0.377014,0.000625
389,6.466667,0.161181,0.0
390,6.483333,0.447361,0.000972
391,6.5,0.116944,0.0
392,6.516667,0.24375,0.000764
393,6.533333,0.049236,0.0
394,6.55,0.087986,0.0
395,6.566667,0.344931,0.000208
396,6.583333,0.124306,0.0
397,6.6,0.366319,0.000486
398,6.616667,0.182778,0.0
399,6.633333,0.112292,0.0
400,6.65,0.336875,0.000694
401,6.666667,0.002431,0.0
402,6.683333,19.918125,0.542222
403,6.7,0.174653,0.0
404,6.716667,0.159514,0.0
405,6.733333,0.1925,0.0
406,6.75,0.08875,0.0
407,6.766667,0.266528,0.0
408,6.783333,0.057986,0.0
409,6.8,0.054583,0.0
410,6.816667,0.290139,0.0
411,6.833333,0.071528,0.0
412,6.85,0.252708,0.0
413,6.866667,0.047639,0.0
414,6.883333,0.312778,0.0
415,6.9,0.069792,0.0
416,6.916667,0.041389,0.0
417,6.933333,0.245347,0.000208
418,6.95,64.188264,0.982778
419,6.966667,0.659514,0.006042
420,6.983333,0.122153,0.0
421,7.0,0.184306,0.000278
422,7.016667,0.699167,0.007153
423,7.033333,0.228125,0.002431
424,7.05,0.768958,0.009167
425,7.066667,0.169306,0.0025
426,7.083333,0.849306,0.00875
427,7.1,0.1025,0.001944
428,7.116667,0.031528,0.0
429,7.133333,0.839444,0.012431
430,7.15,0.144444,0.001111
431,7.166667,0.804028,0.010139
432,7.183333,0.130903,0.0
433,7.2,0.123611,6.9e-05
434,7.216667,0.847708,0.009375
435,7.233333,0.141181,0.000625
436,7.25,0.889236,0.014097
437,7.266667,0.180903,0.001111
438,7.283333,0.991597,0.012917
439,7.3,0.096319,0.001458
440,7.316667,0.054792,0.0
441,7.333333,1.088056,0.029097
442,7.35,0.124722,0.001458
443,7.366667,1.110625,0.021111
444,7.383333,0.136181,0.002014
445,7.4,0.125347,0.002083
446,7.416667,1.191944,0.022639
447,7.433333,0.164236,0.002083
448,7.45,1.131736,0.026597
449,7.466667,0.179306,0.002083
450,7.483333,1.134306,0.019236
451,7.5,0.10875,0.001875
452,7.516667,0.092917,0.001875
453,7.533333,1.021944,0.025
454,7.55,0.136736,0.001597
455,7.566667,0.984583,0.016944
456,7.583333,0.093056,0.001319
457,7.6,0.066528,0.001111
458,7.616667,0.055694,0.0
459,7.633333,1.113333,0.029097
460,7.65,1.074028,0.0175
461,7.666667,0.120347,0.000625
462,7.683333,1.052431,0.022153
463,7.7,0.058194,0.000347
464,7.716667,0.045764,0.000208
465,7.733333,0.789792,0.011458
466,7.75,0.068542,6.9e-05
467,7.766667,0.757708,0.009444
468,7.783333,0.093194,0.0
469,7.8,0.099653,0.0
470,7.816667,0.752917,0.008958
471,7.833333,0.071458,0.0
472,7.85,0.731944,0.009861
473,7.866667,0.083333,0.0
474,7.883333,0.701736,0.007014
475,7.9,0.047014,0.0
476,7.916667,0.042083,0.0
477,7.933333,0.512639,0.008819
478,7.95,0.090208,0.0
479,7.966667,0.561736,0.006875
480,7.983333,0.127014,0.0
481,8.0,0.208056,0.0
482,8.016667,0.568681,0.002847
483,8.033333,0.047847,0.0
484,8.05,0.037153,0.0
485,8.066667,0.396319,0.002361
486,8.083333,0.072431,0.0
487,8.1,0.441875,0.004931
488,8.116667,0.04,0.0
489,8.133333,0.041111,0.0
490,8.15,26.476042,0.704167
491,8.166667,0.140556,0.0
492,8.183333,2.406458,0.044375
493,8.2,0.082361,0.0
494,8.216667,0.091806,0.0
495,8.233333,2.782292,0.060764
496,8.25,0.010139,0.0
497,8.266667,2.690208,0.060278
498,8.283333,0.082222,0.0
499,8.3,2.692292,0.060972
500,8.316667,0.082361,0.0
501,8.333333,0.060347,0.0
502,8.35,2.779583,0.062986
503,8.366667,0.222083,0.0
504,8.383333,2.17625,0.044028
505,8.4,0.074931,0.0
506,8.416667,0.111181,0.0
507,8.433333,2.501458,0.054375
508,8.45,2.489444,0.044514
509,8.466667,0.121875,0.0
510,8.483333,2.586944,0.051528
511,8.5,0.153333,0.000139
512,8.516667,0.143403,0.0
513,8.533333,2.093056,0.045417
514,8.55,0.187361,0.0
515,8.566667,2.275069,0.047222
516,8.583333,0.115347,0.0
517,8.6,0.092639,0.0
518,8.616667,0.124167,0.0
519,8.633333,2.430556,0.043542
520,8.65,2.477222,0.036111
521,8.666667,0.067431,0.0
522,8.683333,2.327569,0.041806
523,8.7,0.095139,0.0
524,8.716667,0.130833,0.0
525,8.733333,2.307292,0.038958
526,8.75,0.061667,0.0
527,8.766667,2.105,0.035417
528,8.783333,0.197431,0.0
529,8.8,0.100972,0.0
530,8.816667,0.117153,0.0
531,8.833333,1.936806,0.027778
532,8.85,2.154653,0.037083
533,8.866667,0.130417,0.0
534,8.883333,1.831528,0.029167
535,8.9,0.095417,0.0
536,8.916667,0.200694,0.0
537,8.933333,0.286528,0.0
538,8.95,1.846806,0.028194
539,8.966667,2.098819,0.031111
540,8.983333,0.084861,0.0
541,9.0,0.305417,0.0
542,9.016667,0.016458,0.0
543,9.033333,0.046736,0.0
544,9.05,1.752847,0.023403
545,9.066667,1.792083,0.026806
546,9.083333,0.258125,0.000347
547,9.1,1.876111,0.02375
548,9.116667,0.20375,0.0
549,9.133333,0.216875,0.0
550,9.15,1.772431,0.027847
551,9.166667,0.164306,0.000139
552,9.183333,1.854375,0.021736
553,9.2,0.106389,0.000694
554,9.216667,0.098264,0.0
555,9.233333,0.037986,0.0
556,9.25,1.789722,0.0225
557,9.266667,1.797639,0.025486
558,9.283333,1.766736,0.019792
559,9.3,0.070069,0.000556
560,9.316667,0.127778,0.000625
561,9.333333,1.762917,0.025556
562,9.35,0.232014,0.001181
563,9.366667,1.663819,0.024931
564,9.383333,0.324514,0.00125
565,9.4,0.24875,0.001528
566,9.416667,1.668681,0.019583
567,9.433333,0.223611,0.001389
568,9.45,1.764167,0.020417
569,9.466667,0.125278,0.000764
570,9.483333,1.654514,0.023958
571,9.5,0.1575,0.000694
572,9.516667,0.072153,0.0
573,9.533333,1.794583,0.021458
574,9.55,0.095069,0.0
575,9.566667,1.75875,0.024931
576,9.583333,0.262014,0.0
577,9.6,0.180903,0.0
578,9.616667,1.6225,0.020694
579,9.633333,0.115556,0.0
580,9.65,1.762986,0.023542
581,9.666667,0.226111,0.0
582,9.683333,1.500833,0.027153
583,9.7,0.065139,0.0
584,9.716667,0.11,0.0
585,9.733333,1.6625,0.023403
586,9.75,0.317778,0.0
587,9.766667,1.528264,0.017639
588,9.783333,0.337014,6.9e-05
589,9.8,0.215139,0.0
590,9.816667,1.540764,0.016597
591,9.833333,0.197014,0.0
592,9.85,1.629653,0.021736
593,9.866667,0.164722,0.0
594,9.883333,1.422569,0.024514
595,9.9,0.099722,0.0
596,9.916667,0.189653,0.0
597,9.933333,1.526042,0.023472
598,9.95,0.342222,0.0
599,9.966667,34.876458,0.816667
600,9.983333,0.055417,0.0
601,10.0,0.184792,0.0
602,10.016667,0.092014,0.0
603,10.033333,0.093819,0.0
604,10.05,0.279306,0.0
605,10.066667,0.160208,0.0
606,10.083333,0.232083,6.9e-05
607,10.1,0.2075,0.0
608,10.116667,0.159306,0.0
609,10.133333,0.196597,0.0
610,10.15,0.140278,0.0
611,10.166667,0.256528,0.0
612,10.183333,0.055347,0.0
613,10.2,0.052361,0.0
614,10.216667,0.092847,0.0
615,10.233333,0.101875,0.0
616,10.25,0.201736,0.0
617,10.266667,0.165972,0.0
618,10.283333,0.202847,0.0
619,10.3,0.197847,0.0
620,10.316667,0.18,0.0
621,10.333333,0.192639,0.000139
622,10.35,0.144306,0.000208
623,10.366667,0.254792,0.000139
624,10.383333,0.058681,0.000139
625,10.4,0.047917,6.9e-05
626,10.416667,0.091806,0.0
627,10.433333,0.093889,0.0
628,10.45,0.180486,0.0
629,10.466667,0.157639,0.0
630,10.483333,0.168472,0.0
631,10.5,0.195556,0.0
632,10.516667,0.149792,0.0
633,10.533333,0.164653,0.0
634,10.55,0.127986,0.0
635,10.566667,0.237014,6.9e-05
636,10.583333,0.014861,0.000139
637,10.6,0.004306,0.0
638,10.616667,0.004444,6.9e-05
639,10.633333,0.000694,0.0
640,10.65,0.309931,0.002361
641,10.666667,0.190417,6.9e-05
642,10.683333,0.249861,0.000139
643,10.7,0.2175,0.0
644,10.716667,0.1825,0.0
645,10.733333,0.211806,0.000208
646,10.75,0.150903,6.9e-05
647,10.766667,0.267292,0.0
648,10.783333,0.058542,0.0
649,10.8,0.059167,0.0
650,10.816667,0.126319,6.9e-05
651,10.833333,0.079653,0.0
652,10.85,0.219236,0.0
653,10.866667,0.180208,0.0
654,10.883333,0.221042,0.0
655,10.9,0.203611,0.0
656,10.916667,0.180764,6.9e-05
657,10.933333,0.238056,0.0
658,10.95,0.141806,0.0
659,10.966667,0.304792,0.000347
660,10.983333,0.077014,0.0
661,11.0,0.202361,0.0
662,11.016667,0.159792,0.000208
663,11.033333,0.117361,0.000139
664,11.05,0.292222,0.000347
665,11.066667,0.180556,6.9e-05
666,11.083333,0.277639,0.000278
667,11.1,0.247847,0.0
668,11.116667,0.217292,0.0
669,11.133333,0.258889,0.000208
670,11.15,0.160556,0.0
671,11.166667,0.340903,0.000208
672,11.183333,0.031111,0.0
673,11.2,0.034583,0.0
674,11.216667,0.052361,0.0
675,11.233333,0.16375,0.000278
676,11.25,30.919236,0.821597
677,11.266667,0.144167,0.000139
678,11.283333,0.748472,0.001458
679,11.3,0.065,0.0
680,11.316667,0.103125,0.0
681,11.333333,0.946806,0.001181
682,11.35,0.249792,0.0
683,11.366667,0.892222,0.001181
684,11.383333,0.274375,0.0
685,11.4,0.279236,0.0
686,11.416667,0.901111,0.001111
687,11.433333,0.205556,0.0
688,11.45,1.061667,0.001806
689,11.466667,0.166389,0.0
690,11.483333,0.829375,0.001528
691,11.5,0.072361,0.0
692,11.516667,0.135208,0.0
693,11.533333,0.975417,0.001875
694,11.55,0.257083,0.0
695,11.566667,0.994653,0.002153
696,11.583333,0.274931,0.0
697,11.6,0.326806,0.0
698,11.616667,0.986597,0.001875
699,11.633333,0.237778,6.9e-05
700,11.65,1.103819,0.001597
701,11.666667,0.157083,0.0
702,11.683333,0.900903,0.002431
703,11.7,0.074375,0.0
704,11.716667,0.133889,0.0
705,11.733333,1.133542,0.003333
706,11.75,0.212083,6.9e-05
707,11.766667,0.956042,0.00125
708,11.783333,0.300903,6.9e-05
709,11.8,0.256528,0.0
710,11.816667,0.813264,0.000764
711,11.833333,0.232917,0.0
712,11.85,0.950972,0.001458
713,11.866667,0.177014,6.9e-05
714,11.883333,0.765556,0.000972
715,11.9,0.069236,6.9e-05
716,11.916667,0.128472,0.0
717,11.933333,0.92125,0.000625
718,11.95,0.234861,0.0
719,11.966667,0.825764,0.000347
720,11.983333,0.281181,0.0
721,12.0,0.35375,0.0
722,12.016667,0.774097,0.000972
723,12.033333,0.171389,0.0
724,12.05,0.921042,0.001111
725,12.066667,0.183681,0.0
726,12.083333,0.742917,0.000903
727,12.1,0.069375,0.0
728,12.116667,0.128333,0.0
729,12.133333,0.903403,0.000694
730,12.15,0.232639,0.0
731,12.166667,0.884583,0.00125
732,12.183333,0.264236,0.0
733,12.2,0.252153,0.0
734,12.216667,0.954236,0.001944
735,12.233333,0.221667,0.0
736,12.25,1.060139,0.002778
737,12.266667,0.147986,0.000139
738,12.283333,0.988958,0.003333
739,12.3,0.073056,0.000139
740,12.316667,0.123611,0.000139
741,12.333333,1.211736,0.003264
742,12.35,0.177083,6.9e-05
743,12.366667,1.075833,0.003264
744,12.383333,0.295139,0.0
745,12.4,0.257431,0.0
746,12.416667,0.976111,0.001597
747,12.433333,0.194375,0.0
748,12.45,0.972778,0.002083
749,12.466667,0.018958,0.0
750,12.483333,34.501597,0.749306
751,12.5,0.032778,0.0
752,12.516667,0.078472,0.0
753,12.533333,0.092986,6.9e-05
754,12.55,0.0775,0.0
755,12.566667,0.257847,0.0
756,12.583333,0.304514,0.002222
757,12.6,0.316944,0.002569
758,12.616667,0.359167,0.001875
759,12.633333,0.21375,0.001458
760,12.65,0.239792,0.001389
761,12.666667,0.180278,0.000694
762,12.683333,0.278542,0.000625
763,12.7,0.101875,0.0
764,12.716667,0.100486,0.0
765,12.733333,0.143125,0.000139
766,12.75,0.147569,0.0
767,12.766667,0.118472,0.0
768,12.783333,0.131042,0.000486
769,12.8,0.109167,0.0
770,12.816667,0.139167,0.0
771,12.833333,0.236597,0.000625
772,12.85,0.193125,0.0
773,12.866667,0.230972,0.000764
774,12.883333,0.270833,0.0
775,12.9,0.239306,0.000694
776,12.916667,0.204722,0.0
777,12.933333,0.245833,0.000833
778,12.95,0.274931,0.0
779,12.966667,0.229444,0.000833
780,12.983333,0.214236,0.0
781,13.0,0.321042,6.9e-05
782,13.016667,0.290764,0.001389
783,13.033333,0.200278,0.000278
784,13.05,0.265625,0.000833
785,13.066667,0.189167,6.9e-05
786,13.083333,0.352222,0.001042
787,13.1,0.096597,0.0
788,13.116667,0.104722,0.0
789,13.133333,0.179792,0.000833
790,13.15,0.163819,0.0
791,13.166667,0.315278,0.001111
792,13.183333,0.212847,0.0
793,13.2,0.186597,0.0
794,13.216667,0.407778,0.001111
795,13.233333,0.199583,0.0
796,13.25,0.278681,0.001042
797,13.266667,0.186042,0.0
798,13.283333,0.378542,0.000972
799,13.3,0.079514,0.0
800,13.316667,0.118472,0.0
801,13.333333,0.211111,0.000972
802,13.35,0.175625,0.0
803,13.366667,0.292778,0.001181
804,13.383333,0.215972,0.0
805,13.4,0.196458,0.0
806,13.416667,0.39625,0.001181
807,13.433333,0.208194,0.0
808,13.45,0.303333,0.000972
809,13.466667,0.192083,0.0
810,13.483333,0.391042,0.001042
811,13.5,0.087986,6.9e-05
812,13.516667,0.129792,0.0
813,13.533333,0.21125,0.001111
814,13.55,0.173681,0.0
815,13.566667,0.354028,0.001597
816,13.583333,0.210694,0.0
817,13.6,0.191806,0.0
818,13.616667,0.393889,0.001389
819,13.633333,0.199861,0.000139
820,13.65,0.311389,0.001736
821,13.666667,0.171806,0.0
822,13.683333,0.405694,0.001458
823,13.7,0.022639,0.0
824,13.716667,0.025486,0.0
825,13.733333,48.491875,0.799514
826,13.75,0.065278,0.0
827,13.766667,0.089653,0.0
828,13.783333,0.06875,0.0
829,13.8,0.088681,0.0
830,13.816667,0.285764,0.0
831,13.833333,0.057153,0.0
832,13.85,0.155069,0.0
833,13.866667,0.178472,0.0
834,13.883333,0.204653,0.0
835,13.9,0.159167,0.0
836,13.916667,0.167569,0.0
837,13.933333,0.234028,0.0
838,13.95,0.1075,0.000139
839,13.966667,0.12375,0.000139
840,13.983333,0.087431,0.0
841,14.0,0.298125,0.0
842,14.016667,0.147014,0.0
843,14.033333,0.225069,0.0
844,14.05,0.209167,6.9e-05
845,14.066667,0.085486,0.000139
846,14.083333,0.098333,0.000139
847,14.1,0.124931,0.000139
848,14.116667,0.142222,0.000139
849,14.133333,0.182639,6.9e-05
850,14.15,0.134583,0.000278
851,14.166667,0.089514,0.000278
852,14.183333,0.150625,0.000417
853,14.2,0.270833,0.000278
854,14.216667,0.305972,0.000278
855,14.233333,0.199653,0.000486
856,14.25,0.21,0.000278
857,14.266667,0.179167,0.000278
858,14.283333,0.263194,0.0
859,14.3,0.055486,0.0
860,14.316667,0.083611,0.0
861,14.333333,0.070278,0.0
862,14.35,0.095694,0.0
863,14.366667,0.216667,0.0
864,14.383333,0.187222,0.0
865,14.4,0.171944,0.0
866,14.416667,0.272083,0.0
867,14.433333,0.163819,0.0
868,14.45,0.197569,0.0
869,14.466667,0.175972,0.0
870,14.483333,0.285278,0.0
871,14.5,0.090208,0.0
872,14.516667,0.112986,6.9e-05
873,14.533333,0.125556,0.0
874,14.55,0.133403,0.000139
875,14.566667,0.239028,0.0
876,14.583333,0.199167,0.0
877,14.6,0.184653,0.0
878,14.616667,0.280625,0.0
879,14.633333,0.121042,0.0
880,14.65,0.149583,0.0
881,14.666667,0.102917,0.0
882,14.683333,0.206806,0.0
883,14.7,0.082014,0.0
884,14.716667,0.095208,0.0
885,14.733333,0.103194,0.0
886,14.75,0.14625,0.0
887,14.766667,0.211181,0.0
888,14.783333,0.189097,0.0
889,14.8,0.141806,0.0
890,14.816667,0.23,0.0
891,14.833333,0.173264,0.0
892,14.85,0.172986,0.0
893,14.866667,0.142986,0.0
894,14.883333,0.264861,0.0
895,14.9,0.110278,6.9e-05
896,14.916667,0.119861,0.0
897,14.933333,0.129792,0.000417
898,14.95,0.195972,0.000278
899,14.966667,0.143125,0.000417
900,14.983333,0.124792,0.000347
901,15.0,0.299931,0.000139
902,15.016667,0.099444,0.0
903,15.033333,0.245694,6.9e-05
904,15.05,0.191042,0.000139
905,15.066667,0.193403,0.000208
906,15.083333,0.290903,0.000278
907,15.1,0.077778,0.000278
908,15.116667,0.077431,0.000208
909,15.133333,0.073889,0.000208
910,15.15,0.080694,0.001042
911,15.166667,0.072986,0.001319
912,15.183333,0.057639,0.001042
913,15.2,0.070486,0.001597
914,15.216667,43.719028,0.803889
915,15.233333,0.213403,0.002014
916,15.25,1.938819,0.024861
917,15.266667,0.209514,0.001597
918,15.283333,1.978819,0.022639
919,15.3,0.131111,0.001042
920,15.316667,0.162083,0.000972
921,15.333333,1.999306,0.023819
922,15.35,0.273264,0.000972
923,15.366667,1.997014,0.022153
924,15.383333,0.262431,0.000694
925,15.4,0.201528,0.000625
926,15.416667,2.008958,0.022292
927,15.433333,3.254583,0.045694
928,15.45,1.600833,0.023542
929,15.466667,2.387153,0.034028
930,15.483333,2.859375,0.037292
931,15.5,4.232361,0.059444
932,15.516667,0.126319,0.0
933,15.533333,4.315069,0.078681
934,15.55,1.773472,0.028056
935,15.566667,3.237778,0.046806
936,15.583333,1.473472,0.024167
937,15.6,2.224653,0.029792
938,15.616667,4.867153,0.083194
939,15.633333,3.155278,0.035903
940,15.65,4.125208,0.073333
941,15.666667,1.873611,0.024583
942,15.683333,3.779306,0.063333
943,15.7,1.463056,0.021875
944,15.716667,2.467569,0.036875
945,15.733333,2.371319,0.039444
946,15.75,1.365625,0.026944
947,15.766667,1.972847,0.034931
948,15.783333,1.287917,0.019028
949,15.8,1.512847,0.028056
950,15.816667,1.381597,0.020069
951,15.833333,1.269444,0.027431
952,15.85,1.017847,0.017778
953,15.866667,2.849722,0.049306
954,15.883333,3.665764,0.068264
955,15.9,2.356111,0.051806
956,15.916667,3.008056,0.063472
957,15.933333,3.309097,0.071667
958,15.95,5.993472,0.164583
959,15.966667,2.765,0.057222
960,15.983333,1.756042,0.042431
961,16.0,2.293681,0.048681
962,16.016667,5.691458,0.127639
963,16.033333,3.590764,0.079861
964,16.05,4.264236,0.100417
965,16.066667,3.056181,0.066667
966,16.083333,3.420972,0.077986
967,16.1,2.444722,0.061944
968,16.116667,3.000486,0.070417
969,16.133333,2.735208,0.057222
970,16.15,2.015764,0.049375
971,16.166667,2.206042,0.052986
972,16.183333,1.656389,0.031875
973,16.2,2.069028,0.048819
974,16.216667,1.461597,0.024097
975,16.233333,1.526806,0.0325
976,16.25,1.284514,0.024306
977,16.266667,1.18125,0.015694
978,16.283333,0.914514,0.0175
979,16.3,1.173819,0.015139
980,16.316667,0.693611,0.009375
981,16.333333,1.066944,0.014444
982,16.35,1.194931,0.005694
983,16.366667,0.677778,0.007014
984,16.383333,1.124792,0.010347
985,16.4,0.700694,0.009861
986,16.416667,0.536042,0.000417
987,16.433333,1.140208,0.012639
988,16.45,0.446389,0.000139
989,16.466667,1.082778,0.009097
990,16.483333,0.495903,0.0
991,16.5,2.672847,0.061667
992,16.516667,2.684097,0.061319
993,16.533333,2.897778,0.060833
994,16.55,1.903819,0.045417
995,16.566667,2.233056,0.055764
996,16.583333,1.650347,0.038403
997,16.6,1.919167,0.045069
998,16.616667,1.666319,0.038264
999,16.633333,1.415972,0.030278
1000,16.65,1.204792,0.026597
1001,16.666667,1.297153,0.026736
1002,16.683333,0.919792,0.016181
1003,16.7,1.191667,0.027361
1004,16.716667,3.618125,0.081736
1005,16.733333,3.050972,0.075903
1006,16.75,2.793194,0.070278
1007,16.766667,2.668333,0.068194
1008,16.783333,2.001458,0.055417
1009,16.8,2.501458,0.052292
1010,16.816667,1.774514,0.04875
1011,16.833333,7.893194,0.188125
1012,16.85,1.612986,0.036181
1013,16.866667,1.334583,0.036181
1014,16.883333,1.400417,0.032569
1015,16.9,1.112708,0.028403
1016,16.916667,0.872847,0.012778
1017,16.933333,1.103542,0.025208
1018,16.95,0.854236,0.018611
1019,16.966667,0.845139,0.013681
1020,16.983333,0.618681,0.011389
1021,17.0,0.129861,0.000278
1022,17.016667,0.020556,0.0
1023,17.033333,0.583958,0.009306
1024,17.05,0.897083,0.019097
1025,17.066667,3.092708,0.079236
1026,17.083333,2.371528,0.068194
1027,17.1,2.644097,0.071528
1028,17.116667,2.138056,0.053264
1029,17.133333,1.88375,0.049167
1030,17.15,1.903472,0.059722
1031,17.166667,1.906528,0.055694
1032,17.183333,1.431389,0.035556
1033,17.2,1.409028,0.040764
1034,17.216667,1.390972,0.035833
1035,17.233333,1.118125,0.026736
1036,17.25,1.174653,0.030139
1037,17.266667,1.148264,0.028125
1038,17.283333,0.573472,0.004722
1039,17.3,0.855764,0.015764
1040,17.316667,0.879444,0.018819
1041,17.333333,0.598958,0.009792
1042,17.35,0.557847,0.004375
1043,17.366667,0.610694,0.007083
1044,17.383333,0.608542,0.007569
1045,17.4,0.342014,0.001389
1046,17.416667,0.612778,0.011389
1047,17.433333,0.290486,0.000139
1048,17.45,0.325347,0.000417
1049,17.466667,0.304792,0.000139
1050,17.483333,0.32875,0.000417
1051,17.5,0.325764,0.000417
1052,17.516667,0.404097,0.001528
1053,17.533333,0.054306,0.000139
1054,17.55,0.312361,0.000417
1055,17.566667,0.325486,0.000833
1056,17.583333,0.045417,0.000208
1057,17.6,0.343333,0.001875
1058,17.616667,0.06125,6.9e-05
1059,17.633333,0.055278,0.0
1060,17.65,0.369028,0.001111
1061,17.666667,0.030833,0.000139
1062,17.683333,0.04,6.9e-05
1063,17.7,0.339236,0.000278
1064,17.716667,0.089722,6.9e-05
1065,17.733333,0.024861,0.000139
1066,17.75,0.027569,0.000139
1067,17.766667,0.051736,6.9e-05
1068,17.783333,0.361319,0.000139
1069,17.8,0.028611,6.9e-05
1070,17.816667,0.018472,6.9e-05
1071,17.833333,0.014583,0.0
1072,17.85,0.039861,0.0
1073,17.866667,0.014861,6.9e-05
1074,17.883333,0.020417,6.9e-05
1075,17.9,0.0125,0.000139
1076,17.916667,0.019931,0.0
1077,17.933333,3.034514,0.085972
1078,17.95,2.866667,0.083472
1079,17.966667,2.660278,0.082986
1080,17.983333,2.134861,0.0775
1081,18.0,1.639931,0.045486
1082,18.016667,1.653819,0.047361
1083,18.033333,1.400347,0.034444
1084,18.05,1.402569,0.037986
1085,18.066667,1.129375,0.02375
1086,18.083333,1.127639,0.022083
1087,18.1,1.143889,0.030486
1088,18.116667,0.885903,0.012083
1089,18.133333,0.867361,0.010347
1090,18.15,3.114583,0.099028
1091,18.166667,3.023056,0.094722
1092,18.183333,2.526389,0.083333
1093,18.2,2.222569,0.078194
1094,18.216667,2.133056,0.073403
1095,18.233333,1.875625,0.058125
1096,18.25,1.905764,0.061806
1097,18.266667,1.665486,0.051667
1098,18.283333,1.537917,0.041806
1099,18.3,1.442153,0.039236
1100,18.316667,1.543264,0.044236
1101,18.333333,1.26375,0.026111
1102,18.35,0.988472,0.014653
1103,18.366667,1.348472,0.032361
1104,18.383333,0.999097,0.010139
1105,18.4,0.705694,0.001667
1106,18.416667,1.086736,0.017083
1107,18.433333,0.664722,0.002083
1108,18.45,0.722569,0.001111
1109,18.466667,0.743264,0.002014
1110,18.483333,0.431389,0.0
1111,18.5,0.721806,0.002431
1112,18.516667,0.388819,0.0
1113,18.533333,0.395069,0.0
1114,18.55,0.768542,0.001597
1115,18.566667,0.399653,0.0
1116,18.583333,0.095069,0.0
1117,18.6,0.391806,0.0
1118,18.616667,0.388611,0.0
1119,18.633333,0.359444,0.0
1120,18.65,0.048472,0.0
1121,18.666667,0.366319,0.0
1122,18.683333,0.099583,0.0
1123,18.7,0.375278,0.0
1124,18.716667,0.065833,0.0
1125,18.733333,0.041667,0.0
1126,18.75,0.432361,0.0
1127,18.766667,0.042014,0.0
1128,18.783333,0.059722,0.0
1129,18.8,0.311875,0.0
1130,18.816667,0.076319,0.0
1131,18.833333,0.030833,0.0
1132,18.85,0.034306,0.0
1133,18.866667,0.039167,0.0
1134,18.883333,0.359097,0.0
1135,18.9,0.005417,0.0
1136,18.916667,0.010694,0.0
1137,18.933333,0.007847,0.0
1138,18.95,0.015556,0.0
1139,18.966667,0.002083,0.0
1140,18.983333,0.005069,0.0
1141,19.0,0.080764,0.0
1142,19.016667,0.001181,0.0
1143,19.033333,0.005764,0.0
1144,19.05,0.018056,0.0
1145,19.066667,0.326597,0.0
1146,19.083333,0.044167,0.0
1147,19.1,0.015486,0.0
1148,19.116667,0.013819,0.0
1149,19.133333,3.301806,0.109236
1150,19.15,3.121667,0.106458
1151,19.166667,4.545,0.140069
1152,19.183333,4.354931,0.139514
1153,19.2,4.321667,0.138681
1154,19.216667,0.014236,0.0
1155,19.233333,0.014028,0.0
1156,19.25,5.069931,0.150972
1157,19.266667,3.702014,0.116667
1158,19.283333,4.968611,0.145486
1159,19.3,4.531528,0.135486
1160,19.316667,0.026944,0.0
1161,19.333333,0.108681,0.0
1162,19.35,0.026806,0.0
1163,19.366667,5.36,0.134167
1164,19.383333,4.232292,0.122431
1165,19.4,3.816875,0.115139
1166,19.416667,3.130069,0.101736
1167,19.433333,0.048403,0.0
1168,19.45,7.092778,0.163125
1169,19.466667,4.912708,0.144236
1170,19.483333,3.674028,0.118194
1171,19.5,5.375694,0.149167
1172,19.516667,0.042292,0.0
1173,19.533333,0.060486,0.0
1174,19.55,3.898889,0.121389
1175,19.566667,4.565278,0.133819
1176,19.583333,0.815347,0.008194
1177,19.6,5.700486,0.153542
1178,19.616667,0.047014,0.0
1179,19.633333,0.058819,0.0
1180,19.65,7.746597,0.189167
1181,19.666667,0.049306,0.0
1182,19.683333,4.528542,0.140486
1183,19.7,4.329167,0.129861
1184,19.716667,0.009444,0.0
1185,19.733333,0.01875,0.0
1186,19.75,6.179028,0.171875
1187,19.766667,6.557847,0.179375
1188,19.783333,2.905764,0.102361
1189,19.8,2.899514,0.101319
1190,19.816667,0.086875,0.0
1191,19.833333,1.625,0.043889
1192,19.85,3.695556,0.126319
1193,19.866667,2.081319,0.073125
1194,19.883333,1.48625,0.030833
1195,19.9,1.622083,0.039028
1196,19.916667,0.023889,0.0
1197,19.933333,0.073472,0.0
1198,19.95,0.094583,0.0
1199,19.966667,3.184444,0.107361
1200,19.983333,1.092986,0.010625
1201,20.0,0.715833,0.001458
1202,20.016667,1.140069,0.008611
1203,20.033333,0.811875,0.0075
1204,20.05,2.089167,0.056042
1205,20.066667,0.619028,0.000486
1206,20.083333,4.099792,0.132639
1207,20.1,5.347917,0.159167
1208,20.116667,0.042708,0.0
1209,20.133333,0.049306,0.0
1210,20.15,6.902083,0.200278
1211,20.166667,3.250903,0.105
1212,20.183333,7.722292,0.224792
1213,20.2,5.619236,0.173819
1214,20.216667,0.087778,0.0
1215,20.233333,0.085417,0.0
1216,20.25,0.0825,0.0
1217,20.266667,9.918889,0.26125
1218,20.283333,4.281042,0.142917
1219,20.3,4.406875,0.145347
1220,20.316667,8.248056,0.230972
1221,20.333333,6.016458,0.174722
1222,20.35,10.333333,0.257639
1223,20.366667,6.117708,0.179861
1224,20.383333,4.014861,0.132569
1225,20.4,5.369444,0.160347
1226,20.416667,0.076111,0.0
1227,20.433333,0.082153,0.0
1228,20.45,0.066597,0.0
1229,20.466667,0.1125,0.0
1230,20.483333,3.984375,0.123542
1231,20.5,4.407708,0.128194
1232,20.516667,0.056667,0.0
1233,20.533333,6.297569,0.162917
1234,20.55,0.012639,0.0
1235,20.566667,0.041944,0.0
1236,20.583333,9.719167,0.243056
1237,20.6,0.011111,0.0
1238,20.616667,0.011944,0.0
1239,20.633333,0.053125,0.0
1240,20.65,0.035208,0.0
1241,20.666667,0.038333,0.0
1242,20.683333,0.019097,0.0
1243,20.7,0.025417,0.0
1244,20.716667,0.002014,0.0
1245,20.733333,0.000556,0.0
1246,20.75,0.000347,0.0
1247,20.766667,0.001736,0.0
1248,20.783333,0.000347,0.0
1249,20.8,0.0,0.0
1250,20.816667,0.000278,0.0
1251,20.833333,0.001389,0.0
1252,20.85,0.0,0.0
1253,20.866667,6.9e-05,0.0
1254,20.883333,0.000486,0.0
1255,20.9,0.001736,0.0
1256,20.916667,0.036736,0.0
1257,20.933333,0.105556,0.0
1258,20.95,2.115556,0.052778
1259,20.966667,2.064097,0.041875
1260,20.983333,0.004514,0.0
1261,21.0,0.101875,0.0
1262,21.016667,0.006458,0.0
1263,21.033333,0.021667,0.0
1264,21.05,0.012083,0.0
1265,21.066667,0.005486,0.0
1266,21.083333,0.000556,0.0
1267,21.1,0.002847,0.0
1268,21.116667,1.527361,0.022917
1269,21.133333,3.761042,0.118264
1270,21.15,19.522153,0.325278
1271,21.166667,0.8625,0.002569
1272,21.183333,13.743611,0.269514
1273,21.2,3.307292,0.106736
1274,21.216667,0.032569,0.0
1275,21.233333,0.038958,0.0
1276,21.25,6.004653,0.189444
1277,21.266667,2.764583,0.07875
1278,21.283333,1.312639,0.014653
1279,21.3,1.374514,0.015764
1280,21.316667,2.853819,0.096319
1281,21.333333,1.307083,0.018472
1282,21.35,0.739444,0.004444
1283,21.366667,1.267222,0.013889
1284,21.383333,0.71625,0.002361
1285,21.4,0.816389,0.002222
1286,21.416667,0.028681,0.0
1287,21.433333,0.049028,0.0
1288,21.45,0.717569,0.001458
1289,21.466667,0.749792,0.003194
1290,21.483333,1.390139,0.018889
1291,21.5,0.072847,0.0
1292,21.516667,0.086111,0.0
1293,21.533333,1.295486,0.016597
1294,21.55,0.652431,0.004028
1295,21.566667,0.065625,0.0
1296,21.583333,0.673611,0.005139
1297,21.6,0.081667,0.0
1298,21.616667,0.060208,0.0
1299,21.633333,0.039306,0.0
1300,21.65,0.670139,0.00125
1301,21.666667,0.044861,0.0
1302,21.683333,0.675903,0.00125
1303,21.7,0.032222,0.0
1304,21.716667,0.030069,0.0
1305,21.733333,0.051667,0.0
1306,21.75,0.730972,0.002292
1307,21.766667,0.041944,0.0
1308,21.783333,0.023333,0.0
1309,21.8,0.075556,0.0
1310,21.816667,0.003542,0.0
1311,21.833333,0.002153,0.0
1312,21.85,0.001458,0.0
1313,21.866667,0.004514,0.0
1314,21.883333,0.017014,0.0
1315,21.9,0.036528,0.0
1316,21.916667,0.739375,0.003194
1317,21.933333,0.055625,0.0
1318,21.95,0.001042,0.0
1319,21.966667,0.003125,0.0
1320,21.983333,0.002222,0.0
1321,22.0,0.083889,0.0
1322,22.016667,0.003611,0.0
1323,22.033333,0.020625,0.000278
1324,22.05,0.011042,0.0
1325,22.066667,0.025417,0.0
1326,22.083333,0.000764,0.0
1327,22.1,0.000278,0.0
1328,22.116667,0.002431,0.0
1329,22.133333,0.001736,0.0
1330,22.15,0.0,0.0
1331,22.166667,0.000208,0.0
1332,22.183333,0.000556,0.0
1333,22.2,0.000486,0.0
1334,22.216667,0.0,0.0
1335,22.233333,0.0,0.0
1336,22.25,0.0,0.0
1337,22.266667,0.000278,0.0
1338,22.283333,0.0,0.0
1339,22.3,0.0,0.0
1340,22.316667,0.0,0.0
1341,22.333333,0.000208,0.0
1342,22.35,0.001389,0.0
1343,22.366667,0.000903,0.0
1344,22.383333,0.001181,0.0
1345,22.4,0.002083,0.0
1346,22.416667,0.000694,0.0
1347,22.433333,0.001875,0.0
1348,22.45,0.000972,0.0
1349,22.466667,0.001181,0.0
1350,22.483333,0.001528,0.0
1351,22.5,0.001181,0.0
1352,22.516667,0.0,0.0
1353,22.533333,0.001111,0.0
1354,22.55,0.001944,0.0
1355,22.566667,0.001111,0.0
1356,22.583333,0.004861,0.000139
1357,22.6,0.000903,0.0
1358,22.616667,0.028403,0.0
1359,22.633333,0.691389,0.006667
1360,22.65,0.012917,0.0
1361,22.666667,0.029792,0.0
1362,22.683333,0.675139,0.003958
1363,22.7,0.697847,0.005417
1364,22.716667,0.051181,0.0
1365,22.733333,0.656667,0.005
1366,22.75,0.056597,0.0
1367,22.766667,0.621042,0.003889
1368,22.783333,0.685069,0.005625
1369,22.8,0.056319,0.0
1370,22.816667,0.685139,0.002222
1371,22.833333,0.732917,0.000417
1372,22.85,0.764653,0.002986
1373,22.866667,0.732222,0.002847
1374,22.883333,0.697986,0.005764
1375,22.9,0.739792,0.007361
1376,22.916667,0.672014,0.003958
1377,22.933333,0.670278,0.005833
1378,22.95,0.654375,0.004097
1379,22.966667,0.688125,0.004792
1380,22.983333,0.693264,0.001597
1381,23.0,0.757014,0.000833
1382,23.016667,0.712222,0.002153
1383,23.033333,0.751111,0.002083
1384,23.05,0.753472,0.006944
1385,23.066667,1.289931,0.018194
1386,23.083333,0.674514,0.005069
1387,23.1,0.652569,0.004028
1388,23.116667,0.689444,0.005694
1389,23.133333,1.372778,0.019653
1390,23.15,0.754167,0.003403
1391,23.166667,0.750556,0.002153
1392,23.183333,0.749583,0.007222
1393,23.2,1.307083,0.017778
1394,23.216667,0.652083,0.004306
1395,23.233333,1.322292,0.014792
1396,23.25,0.686528,0.002639
1397,23.266667,0.735625,0.001319
1398,23.283333,1.476458,0.02375
1399,23.3,0.751389,0.006042
1400,23.316667,0.037361,0.0
1401,23.333333,1.936875,0.034028
1402,23.35,1.328542,0.014792
1403,23.366667,0.75625,0.004375
1404,23.383333,1.391667,0.017222
1405,23.4,1.431875,0.023056
1406,23.416667,0.036667,0.0
1407,23.433333,0.074167,0.0
1408,23.45,1.915278,0.033056
1409,23.466667,1.344167,0.014722
1410,23.483333,2.126597,0.059167
1411,23.5,1.411597,0.021319
1412,23.516667,0.050764,0.0
1413,23.533333,0.060972,0.0
1414,23.55,3.362639,0.085
1415,23.566667,0.028542,0.0
1416,23.583333,2.140764,0.059236
1417,23.6,2.077014,0.047431
1418,23.616667,0.04,0.0
1419,23.633333,0.053264,0.0
1420,23.65,3.803194,0.119931
1421,23.666667,1.46375,0.022014
1422,23.683333,2.517014,0.056944
1423,23.7,1.875139,0.028819
1424,23.716667,0.116875,0.0
1425,23.733333,3.816528,0.122431
1426,23.75,1.877917,0.026667
1427,23.766667,1.978819,0.052292
1428,23.783333,2.497847,0.070208
1429,23.8,1.889306,0.029236
1430,23.816667,1.971042,0.053194
1431,23.833333,1.936597,0.041667
1432,23.85,1.795139,0.030556
1433,23.866667,2.470069,0.081042
1434,23.883333,1.924792,0.043889
1435,23.9,1.786458,0.029028
1436,23.916667,0.054514,0.0
1437,23.933333,3.685139,0.122917
1438,23.95,1.746597,0.028264
1439,23.966667,2.387431,0.068889
1440,23.983333,1.984236,0.051389
1441,24.0,1.827222,0.030625
1442,24.016667,0.029722,0.0
1443,24.033333,3.538194,0.119236
1444,24.05,1.756319,0.033125
1445,24.066667,2.327847,0.056389
1446,24.083333,1.915278,0.057222
1447,24.1,1.711806,0.031875
1448,24.116667,1.664097,0.025903
1449,24.133333,1.870903,0.053889
1450,24.15,2.280972,0.067083
1451,24.166667,1.748403,0.029931
1452,24.183333,1.797639,0.052847
1453,24.2,1.774861,0.041111
1454,24.216667,1.625486,0.029722
1455,24.233333,1.645,0.0375
1456,24.25,2.311667,0.071389
1457,24.266667,1.497847,0.024583
1458,24.283333,1.613194,0.034861
1459,24.3,1.770417,0.045833
1460,24.316667,0.021806,0.0
1461,24.333333,3.193403,0.114792
1462,24.35,1.654236,0.041597
1463,24.366667,1.414514,0.021319
1464,24.383333,1.435278,0.017222
1465,24.4,1.581528,0.046389
1466,24.416667,1.476319,0.024375
1467,24.433333,1.859792,0.045625
1468,24.45,1.580903,0.048819
1469,24.466667,1.493056,0.025903
1470,24.483333,1.340208,0.015764
1471,24.5,1.521528,0.047014
1472,24.516667,1.908958,0.055278
1473,24.533333,1.381181,0.01875
1474,24.55,1.460347,0.042292
1475,24.566667,1.070903,0.015069
1476,24.583333,1.763681,0.038264
1477,24.6,1.423056,0.030139
1478,24.616667,1.586597,0.041528
1479,24.633333,1.39625,0.021528
1480,24.65,1.827083,0.050903
1481,24.666667,1.611111,0.041667
1482,24.683333,1.688819,0.035556
1483,24.7,1.337153,0.025556
1484,24.716667,0.039375,0.0
1485,24.733333,2.972986,0.102292
1486,24.75,0.856667,0.004931
1487,24.766667,1.871111,0.065556
1488,24.783333,1.223194,0.02
1489,24.8,1.619514,0.049236
1490,24.816667,1.799097,0.059028
1491,24.833333,1.155625,0.017847
1492,24.85,1.636597,0.059792
1493,24.866667,1.661111,0.050069
1494,24.883333,1.22875,0.015278
1495,24.9,1.735208,0.065069
1496,24.916667,1.732708,0.039306
1497,24.933333,1.215486,0.016389
1498,24.95,1.770486,0.065694
1499,24.966667,1.264861,0.020556
1500,24.983333,1.650208,0.048819
1501,25.0,1.729792,0.054306
1502,25.016667,1.122014,0.015486
1503,25.033333,1.582569,0.055556
1504,25.05,1.58625,0.047014
1505,25.066667,1.158264,0.014861
1506,25.083333,1.620833,0.059444
1507,25.1,1.437917,0.032292
1508,25.116667,1.107361,0.016528
1509,25.133333,1.638403,0.056111
1510,25.15,1.409028,0.028056
1511,25.166667,1.113333,0.022847
1512,25.183333,1.522778,0.048681
1513,25.2,1.444514,0.028819
1514,25.216667,0.017361,0.0
1515,25.233333,2.5025,0.085139
1516,25.25,1.138333,0.01375
1517,25.266667,1.558125,0.057778
1518,25.283333,1.396667,0.031597
1519,25.3,1.098819,0.017014
1520,25.316667,1.600139,0.056319
1521,25.333333,1.391528,0.028264
1522,25.35,1.085556,0.023403
1523,25.366667,1.506875,0.048472
1524,25.383333,1.369375,0.028264
1525,25.4,2.483056,0.083264
1526,25.416667,0.077222,0.0
1527,25.433333,2.365139,0.076944
1528,25.45,0.035278,0.0
1529,25.466667,1.335347,0.028056
1530,25.483333,1.059097,0.016319
1531,25.5,1.449792,0.051181
1532,25.516667,0.075625,0.0
1533,25.533333,3.401736,0.102847
1534,25.55,1.409028,0.028056
1535,25.566667,1.140972,0.027708
1536,25.583333,1.498264,0.043333
1537,25.6,1.445,0.032778
1538,25.616667,1.308194,0.034375
1539,25.633333,1.475764,0.033542
1540,25.65,1.529028,0.045069
1541,25.666667,1.254792,0.030972
1542,25.683333,1.485556,0.031389
1543,25.7,1.221042,0.025694
1544,25.716667,0.036875,0.0
1545,25.733333,2.861806,0.097986
1546,25.75,1.281736,0.035
1547,25.766667,1.594444,0.049306
1548,25.783333,1.540833,0.038819
1549,25.8,1.269167,0.038264
1550,25.816667,1.555833,0.036667
1551,25.833333,1.500972,0.046458
1552,25.85,1.303056,0.034722
1553,25.866667,1.367847,0.030486
1554,25.883333,1.548819,0.054236
1555,25.9,1.156736,0.026806
1556,25.916667,0.054583,0.0
1557,25.933333,2.458681,0.078889
1558,25.95,1.392292,0.042778
1559,25.966667,1.397083,0.034722
1560,25.983333,1.115972,0.032431
1561,26.0,1.334097,0.030972
1562,26.016667,1.378264,0.040694
1563,26.033333,1.097361,0.026111
1564,26.05,1.311111,0.031111
1565,26.066667,1.421042,0.0475
1566,26.083333,0.991736,0.018333
1567,26.1,1.180347,0.025764
1568,26.116667,0.034792,0.0
1569,26.133333,2.171944,0.071042
1570,26.15,1.292431,0.029375
1571,26.166667,1.250278,0.04125
1572,26.183333,1.002986,0.016736
1573,26.2,1.284028,0.030556
1574,26.216667,0.073819,0.0
1575,26.233333,2.113264,0.075694
1576,26.25,1.227153,0.035556
1577,26.266667,1.130417,0.027431
1578,26.283333,1.203194,0.022083
1579,26.3,1.552986,0.054375
1580,26.316667,0.018194,0.0
1581,26.333333,0.022569,0.0
1582,26.35,0.027222,0.0
1583,26.366667,2.058681,0.073889
1584,26.383333,1.438819,0.046736
1585,26.4,1.043681,0.011875
1586,26.416667,0.047292,0.0
1587,26.433333,3.820972,0.1275
1588,26.45,0.051944,0.0
1589,26.466667,1.041319,0.019722
1590,26.483333,1.29625,0.043125
1591,26.5,1.488542,0.047639
1592,26.516667,0.056181,0.0
1593,26.533333,3.374375,0.118958
1594,26.55,1.100764,0.021944
1595,26.566667,1.449931,0.038681
1596,26.583333,1.573472,0.055972
1597,26.6,1.245764,0.021875
1598,26.616667,0.020556,0.0
1599,26.633333,0.021597,0.0
1600,26.65,0.024861,0.0
1601,26.666667,2.982708,0.107361
1602,26.683333,0.054236,0.0
1603,26.7,1.048819,0.016667
1604,26.716667,1.579375,0.053958
1605,26.733333,1.209306,0.025556
1606,26.75,4.411528,0.135
1607,26.766667,1.624236,0.062778
1608,26.783333,1.105,0.018403
1609,26.8,1.667986,0.059028
1610,26.816667,1.603125,0.053958
1611,26.833333,1.122708,0.020486
1612,26.85,1.652292,0.060139
1613,26.866667,1.489931,0.041806
1614,26.883333,1.325556,0.029653
1615,26.9,1.661528,0.062847
1616,26.916667,0.082708,0.0
1617,26.933333,2.712014,0.094583
1618,26.95,1.747014,0.056389
1619,26.966667,1.273889,0.027014
1620,26.983333,1.770486,0.065486
1621,27.0,1.612639,0.041875
1622,27.016667,0.097361,0.0
1623,27.033333,2.995903,0.108889
1624,27.05,1.7025,0.047222
1625,27.066667,1.391042,0.032639
1626,27.083333,1.817361,0.060694
1627,27.1,1.856667,0.057986
1628,27.116667,0.054931,0.0
1629,27.133333,3.032708,0.105556
1630,27.15,1.421736,0.033194
1631,27.166667,1.846458,0.066528
1632,27.183333,1.760069,0.050556
1633,27.2,1.429514,0.036597
1634,27.216667,0.114861,0.0
1635,27.233333,3.385556,0.114931
1636,27.25,1.448264,0.038403
1637,27.266667,1.792708,0.04875
1638,27.283333,1.941806,0.067847
1639,27.3,1.451597,0.036181
1640,27.316667,1.785139,0.049861
1641,27.333333,1.928958,0.072361
1642,27.35,1.444583,0.028125
1643,27.366667,1.917361,0.061736
1644,27.383333,1.454861,0.036944
1645,27.4,1.800139,0.048264
1646,27.416667,1.975764,0.071042
1647,27.433333,1.455694,0.032986
1648,27.45,1.848125,0.052847
1649,27.466667,1.979583,0.075417
1650,27.483333,1.482083,0.028819
1651,27.5,1.929583,0.061181
1652,27.516667,0.069097,0.0
1653,27.533333,3.108958,0.108125
1654,27.55,1.988542,0.068194
1655,27.566667,1.887569,0.056736
1656,27.583333,1.462292,0.030347
1657,27.6,1.923264,0.067847
1658,27.616667,0.100625,0.0
1659,27.633333,3.271875,0.108542
1660,27.65,2.063542,0.074722
1661,27.666667,1.657569,0.041042
1662,27.683333,2.249583,0.077431
1663,27.7,2.148472,0.066944
1664,27.716667,0.407083,0.0
1665,27.733333,3.905833,0.128681
1666,27.75,2.171875,0.062778
1667,27.766667,1.785069,0.046875
1668,27.783333,2.349722,0.079097
1669,27.8,2.234792,0.065694
1670,27.816667,1.770903,0.046597
1671,27.833333,2.227222,0.067222
1672,27.85,2.299931,0.075278
1673,27.866667,1.723194,0.043542
1674,27.883333,2.204028,0.064375
1675,27.9,1.846528,0.047222
1676,27.916667,0.062014,0.0
1677,27.933333,4.187222,0.138472
1678,27.95,0.059306,0.0
1679,27.966667,1.805833,0.046736
1680,27.983333,2.261458,0.067778
1681,28.0,2.329236,0.075069
1682,28.016667,3.813681,0.127222
1683,28.033333,2.332153,0.083264
1684,28.05,1.7725,0.039861
1685,28.066667,2.241389,0.064931
1686,28.083333,2.443958,0.089444
1687,28.1,1.706389,0.038542
1688,28.116667,2.336736,0.075972
1689,28.133333,1.870556,0.049306
1690,28.15,2.255,0.062986
1691,28.166667,2.349861,0.081944
1692,28.183333,1.700833,0.036736
1693,28.2,2.248472,0.067083
1694,28.216667,2.357639,0.083958
1695,28.233333,1.801667,0.041458
1696,28.25,2.320903,0.074722
1697,28.266667,2.329583,0.072847
1698,28.283333,1.690069,0.036111
1699,28.3,2.308056,0.079167
1700,28.316667,0.127778,0.0
1701,28.333333,3.905,0.118472
1702,28.35,2.387083,0.077361
1703,28.366667,1.726111,0.038056
1704,28.383333,2.453958,0.078125
1705,28.4,2.265278,0.066528
1706,28.416667,1.770278,0.038611
1707,28.433333,2.374792,0.079375
1708,28.45,2.335278,0.059514
1709,28.466667,1.776181,0.041111
1710,28.483333,2.386389,0.074514
1711,28.5,2.112014,0.056806
1712,28.516667,0.143611,0.0
1713,28.533333,3.902292,0.122431
1714,28.55,2.327778,0.065903
1715,28.566667,1.876181,0.049792
1716,28.583333,2.182917,0.054236
1717,28.6,1.863056,0.043194
1718,28.616667,2.28,0.068889
1719,28.633333,2.225694,0.059792
1720,28.65,1.912569,0.047639
1721,28.666667,2.274653,0.058333
1722,28.683333,2.359028,0.067569
1723,28.7,1.816528,0.047222
1724,28.716667,0.161181,0.0
1725,28.733333,0.073958,0.0
1726,28.75,4.383264,0.125139
1727,28.766667,1.760833,0.038819
1728,28.783333,2.350139,0.060625
1729,28.8,2.356597,0.079028
1730,28.816667,0.137014,0.0
1731,28.833333,3.868958,0.114583
1732,28.85,2.429861,0.069792
1733,28.866667,1.758264,0.034097
1734,28.883333,2.417847,0.075972
1735,28.9,1.763264,0.039514
1736,28.916667,0.109514,0.0
1737,28.933333,4.598819,0.131597
1738,28.95,0.099931,0.0
1739,28.966667,1.733472,0.034792
1740,28.983333,2.400208,0.066736
1741,29.0,2.450694,0.06625
1742,29.016667,3.954792,0.112083
1743,29.033333,2.335625,0.057986
1744,29.05,1.815,0.034306
1745,29.066667,2.327222,0.073125
1746,29.083333,2.234722,0.051042
1747,29.1,1.783958,0.041389
1748,29.116667,0.138611,0.0
1749,29.133333,2.259931,0.06125
1750,29.15,1.713194,0.031944
1751,29.166667,2.352431,0.070764
1752,29.183333,2.250347,0.049861
1753,29.2,1.646111,0.034028
1754,29.216667,0.173611,0.0
1755,29.233333,5.465625,0.139306
1756,29.25,2.240208,0.055833
1757,29.266667,2.184653,0.052847
1758,29.283333,1.818264,0.042222
1759,29.3,2.142292,0.044861
1760,29.316667,0.087014,0.0
1761,29.333333,3.872847,0.102639
1762,29.35,2.1725,0.042153
1763,29.366667,1.729236,0.039514
1764,29.383333,2.274514,0.05125
1765,29.4,2.104236,0.048958
1766,29.416667,0.144722,0.0
1767,29.433333,3.760625,0.098542
1768,29.45,2.335069,0.062778
1769,29.466667,1.774097,0.035347
1770,29.483333,2.154444,0.042986
1771,29.5,2.411528,0.065764
1772,29.516667,0.087708,0.0
1773,29.533333,3.618889,0.091944
1774,29.55,2.289375,0.062431
1775,29.566667,1.649792,0.022222
1776,29.583333,2.232986,0.059792
1777,29.6,1.783819,0.034722
1778,29.616667,0.081736,0.0
1779,29.633333,4.185625,0.102986
1780,29.65,0.112431,0.0
1781,29.666667,1.687847,0.029167
1782,29.683333,2.137778,0.04375
1783,29.7,2.294306,0.059653
1784,29.716667,0.077778,0.0
1785,29.733333,5.521875,0.132361
1786,29.75,1.618889,0.022431
1787,29.766667,2.368056,0.061111
1788,29.783333,2.144236,0.043333
1789,29.8,1.695417,0.025833
1790,29.816667,0.090417,0.0
1791,29.833333,2.23,0.056042
1792,29.85,3.670556,0.086389
1793,29.866667,2.215,0.047569
1794,29.883333,1.611736,0.022639
1795,29.9,2.252708,0.057639
1796,29.916667,2.064653,0.041667
1797,29.933333,1.689653,0.022917
1798,29.95,2.185069,0.052431
1799,29.966667,2.083542,0.037708
1800,29.983333,1.628889,0.028333
1801,30.0,2.276806,0.045278
1802,30.016667,0.080278,0.0
1803,30.033333,3.638125,0.079375
1804,30.05,2.029861,0.038264
1805,30.066667,1.778194,0.025139
1806,30.083333,2.057778,0.047569
1807,30.1,2.047153,0.03875
1808,30.116667,1.63,0.029444
1809,30.133333,2.1125,0.041181
1810,30.15,2.115833,0.040208
1811,30.166667,1.640139,0.030347
1812,30.183333,2.027361,0.037778
1813,30.2,2.141806,0.045694
1814,30.216667,1.525417,0.024444
1815,30.233333,1.999583,0.035764
1816,30.25,2.067708,0.044375
1817,30.266667,1.545903,0.02375
1818,30.283333,2.003194,0.038542
1819,30.3,2.094514,0.039931
1820,30.316667,0.059653,0.0
1821,30.333333,3.362708,0.069444
1822,30.35,0.060972,0.0
1823,30.366667,1.522917,0.023542
1824,30.383333,1.975417,0.033542
1825,30.4,2.06,0.045
1826,30.416667,3.284931,0.064931
1827,30.433333,2.02125,0.039167
1828,30.45,1.444931,0.024028
1829,30.466667,1.919028,0.038681
1830,30.483333,1.946389,0.030764
1831,30.5,1.500347,0.024375
1832,30.516667,1.893958,0.039444
1833,30.533333,1.904167,0.027569
1834,30.55,0.077153,0.0
1835,30.566667,1.424653,0.025069
1836,30.583333,1.947153,0.039306
1837,30.6,1.426667,0.021042
1838,30.616667,3.707708,0.071042
1839,30.633333,1.401806,0.024236
1840,30.65,1.952292,0.038333
1841,30.666667,1.864236,0.029375
1842,30.683333,1.511944,0.026458
1843,30.7,1.872708,0.034583
1844,30.716667,0.035347,0.0
1845,30.733333,0.054722,0.0
1846,30.75,3.180347,0.057708
1847,30.766667,1.811667,0.030764
1848,30.783333,1.740694,0.027917
1849,30.8,1.431042,0.024375
1850,30.816667,0.073194,0.0
1851,30.833333,3.101944,0.055486
1852,30.85,1.811736,0.0325
1853,30.866667,1.861736,0.027431
1854,30.883333,1.513472,0.024167
1855,30.9,3.598542,0.067917
1856,30.916667,0.095972,0.0
1857,30.933333,0.083611,0.0
1858,30.95,3.381736,0.064653
1859,30.966667,1.979583,0.037153
1860,30.983333,1.596111,0.032431
1861,31.0,2.124514,0.035694
1862,31.016667,3.516528,0.066528
1863,31.033333,2.030764,0.033403
1864,31.05,1.623681,0.031944
1865,31.066667,1.952222,0.04
1866,31.083333,1.991667,0.03375
1867,31.1,1.567708,0.031875
1868,31.116667,0.067222,0.0
1869,31.133333,3.890278,0.079653
1870,31.15,1.533958,0.032361
1871,31.166667,2.055278,0.035139
1872,31.183333,2.095556,0.039653
1873,31.2,1.467708,0.030417
1874,31.216667,2.035,0.034028
1875,31.233333,2.074514,0.04
1876,31.25,1.596319,0.03
1877,31.266667,2.028542,0.033542
1878,31.283333,2.086389,0.041806
1879,31.3,1.643056,0.025417
1880,31.316667,2.059583,0.038819
1881,31.333333,1.85875,0.040694
1882,31.35,2.826181,0.044028
1883,31.366667,2.896597,0.057292
1884,31.383333,2.157708,0.048194
1885,31.4,2.770278,0.041806
1886,31.416667,2.884097,0.059306
1887,31.433333,2.129583,0.046875
1888,31.45,2.871736,0.048056
1889,31.466667,2.669514,0.058819
1890,31.483333,1.850139,0.027431
1891,31.5,2.513889,0.045347
1892,31.516667,2.492708,0.048542
1893,31.533333,1.882014,0.028264
1894,31.55,0.170278,0.0
1895,31.566667,2.405833,0.046806
1896,31.583333,1.887361,0.038403
1897,31.6,2.537083,0.036528
1898,31.616667,4.199375,0.07375
1899,31.633333,2.461597,0.038194
1900,31.65,2.511111,0.048056
1901,31.666667,1.849583,0.028056
1902,31.683333,2.495069,0.045139
1903,31.7,2.414583,0.048472
1904,31.716667,1.895417,0.027569
1905,31.733333,2.305347,0.044653
1906,31.75,0.095417,0.0
1907,31.766667,2.464861,0.048056
1908,31.783333,1.9175,0.028403
1909,31.8,2.344653,0.046875
1910,31.816667,3.960833,0.072569
1911,31.833333,2.3,0.047569
1912,31.85,1.710208,0.027431
1913,31.866667,2.258958,0.043472
1914,31.883333,2.686528,0.048542
1915,31.9,1.760833,0.028264
1916,31.916667,2.184306,0.045278
1917,31.933333,2.2925,0.047778
1918,31.95,1.732917,0.027292
1919,31.966667,2.24625,0.045903
1920,31.983333,2.234444,0.045625
1921,32.0,1.804583,0.03
1922,32.016667,2.226458,0.046875
1923,32.033333,1.723958,0.026597
1924,32.05,2.213333,0.042569
1925,32.066667,2.227014,0.047361
1926,32.083333,1.696875,0.027778
1927,32.1,2.125764,0.044375
1928,32.116667,0.125486,0.0
1929,32.133333,3.814375,0.068403
1930,32.15,2.186319,0.044861
1931,32.166667,2.196319,0.044306
1932,32.183333,1.697778,0.032153
1933,32.2,2.127222,0.046181
1934,32.216667,2.166806,0.033056
1935,32.233333,1.647986,0.035694
1936,32.25,2.126944,0.045833
1937,32.266667,1.691181,0.028611
1938,32.283333,2.193611,0.045208
1939,32.3,2.179167,0.045347
1940,32.316667,1.678125,0.027361
1941,32.333333,2.089028,0.043194
1942,32.35,2.152361,0.045139
1943,32.366667,1.674722,0.030069
1944,32.383333,2.187153,0.047083
1945,32.4,2.084236,0.032431
1946,32.416667,1.695764,0.036667
1947,32.433333,2.171389,0.045069
1948,32.45,2.045347,0.032986
1949,32.466667,1.568611,0.036597
1950,32.483333,2.225139,0.046458
1951,32.5,2.156042,0.036042
1952,32.516667,0.119583,0.0
1953,32.533333,3.485694,0.066944
1954,32.55,1.670208,0.029583
1955,32.566667,2.159375,0.045903
1956,32.583333,2.036667,0.032569
1957,32.6,3.67,0.064306
1958,32.616667,2.069792,0.031111
1959,32.633333,1.513125,0.036667
1960,32.65,2.091319,0.044583
1961,32.666667,2.07625,0.036458
1962,32.683333,1.578681,0.036736
1963,32.7,1.970417,0.041597
1964,32.716667,2.0475,0.042708
1965,32.733333,1.720208,0.036944
1966,32.75,2.068264,0.031944
1967,32.766667,1.499583,0.034306
1968,32.783333,2.006875,0.043333
1969,32.8,2.007222,0.032708
1970,32.816667,1.505833,0.035139
1971,32.833333,2.059653,0.044028
1972,32.85,1.970764,0.037083
1973,32.866667,1.556181,0.036319
1974,32.883333,1.994653,0.043125
1975,32.9,2.074306,0.042986
1976,32.916667,1.483403,0.035278
1977,32.933333,1.97875,0.032639
1978,32.95,1.984028,0.041736
1979,32.966667,1.617222,0.035625
1980,32.983333,1.937569,0.032222
1981,33.0,1.580694,0.034375
1982,33.016667,2.043472,0.044861
1983,33.033333,1.978542,0.035764
1984,33.05,1.447708,0.036111
1985,33.066667,1.969236,0.042778
1986,33.083333,1.996458,0.041042
1987,33.1,1.486667,0.036319
1988,33.116667,1.870694,0.033125
1989,33.133333,1.929375,0.040972
1990,33.15,1.552431,0.034861
1991,33.166667,1.872847,0.032222
1992,33.183333,1.878472,0.041042
1993,33.2,1.523194,0.033681
1994,33.216667,1.916944,0.037083
1995,33.233333,1.436667,0.035833
1996,33.25,1.851667,0.043056
1997,33.266667,1.945139,0.040903
1998,33.283333,1.442014,0.035417
1999,33.3,1.875764,0.0325
2000,33.316667,1.841319,0.040486
2001,33.333333,1.688333,0.039653
2002,33.35,2.206458,0.040694
2003,33.366667,2.277014,0.0525
2004,33.383333,1.695833,0.042292
2005,33.4,2.235139,0.041528
2006,33.416667,2.274653,0.054722
2007,33.433333,1.669097,0.03375
2008,33.45,2.208194,0.048264
2009,33.466667,1.819028,0.046389
2010,33.483333,2.216667,0.041667
2011,33.5,2.176944,0.050278
2012,33.516667,1.696528,0.042569
2013,33.533333,2.272361,0.040417
2014,33.55,2.201389,0.052153
2015,33.566667,1.709028,0.042153
2016,33.583333,2.204792,0.043472
2017,33.6,2.282431,0.055347
2018,33.616667,1.63625,0.033264
2019,33.633333,2.287569,0.049306
2020,33.65,2.269514,0.057222
2021,33.666667,1.819583,0.032986
2022,33.683333,2.228333,0.052917
2023,33.7,1.844097,0.04625
2024,33.716667,2.232153,0.042153
2025,33.733333,2.375208,0.054236
2026,33.75,1.761319,0.04375
2027,33.766667,2.332639,0.046944
2028,33.783333,2.328611,0.058403
2029,33.8,1.754444,0.034861
2030,33.816667,2.395694,0.052569
2031,33.833333,2.404653,0.061944
2032,33.85,1.790833,0.034722
2033,33.866667,2.39125,0.054792
2034,33.883333,2.422292,0.06125
2035,33.9,1.833194,0.034861
2036,33.916667,2.387222,0.059097
2037,33.933333,2.430972,0.057847
2038,33.95,1.890625,0.040486
2039,33.966667,2.481181,0.062639
2040,33.983333,1.980556,0.03625
2041,34.0,2.544167,0.055903
2042,34.016667,2.546736,0.066458
2043,34.033333,1.890278,0.037708
2044,34.05,2.530764,0.059792
2045,34.066667,2.560347,0.065625
2046,34.083333,1.93125,0.037917
2047,34.1,2.533681,0.061389
2048,34.116667,2.543194,0.061389
2049,34.133333,1.993194,0.041667
2050,34.15,2.526806,0.063681
2051,34.166667,2.593889,0.048889
2052,34.183333,1.893333,0.044097
2053,34.2,2.654861,0.065764
2054,34.216667,1.984583,0.036181
2055,34.233333,2.529722,0.059375
2056,34.25,2.632014,0.064722
2057,34.266667,1.970208,0.03625
2058,34.283333,2.704306,0.062639
2059,34.3,2.550972,0.060208
2060,34.316667,2.014236,0.039306
2061,34.333333,2.610903,0.064583
2062,34.35,2.587708,0.048611
2063,34.366667,1.925972,0.044514
2064,34.383333,2.619792,0.062917
2065,34.4,2.658333,0.047778
2066,34.416667,1.898958,0.046389
2067,34.433333,2.635556,0.063264
2068,34.45,2.020069,0.035486
2069,34.466667,2.697708,0.062778
2070,34.483333,2.590208,0.059583
2071,34.5,2.051042,0.039167
2072,34.516667,2.671667,0.063472
2073,34.533333,0.120833,0.0
2074,34.55,2.619236,0.050903
2075,34.566667,1.942639,0.042986
2076,34.583333,2.703056,0.065972
2077,34.6,2.68375,0.048472
2078,34.616667,2.062917,0.049375
2079,34.633333,2.700347,0.063403
2080,34.65,2.709444,0.052361
2081,34.666667,2.122222,0.050208
2082,34.683333,2.608472,0.060347
2083,34.7,2.087917,0.039722
2084,34.716667,2.700625,0.0625
2085,34.733333,2.596458,0.047222
2086,34.75,0.081389,0.0
2087,34.766667,1.910556,0.038958
2088,34.783333,2.614861,0.060278
2089,34.8,2.657639,0.047917
2090,34.816667,4.526944,0.100417
2091,34.833333,2.704167,0.050208
2092,34.85,2.099861,0.045278
2093,34.866667,2.649931,0.057917
2094,34.883333,2.718542,0.054861
2095,34.9,2.159306,0.047986
2096,34.916667,2.671944,0.049375
2097,34.933333,2.053819,0.039861
2098,34.95,2.777153,0.063264
2099,34.966667,2.836667,0.051458
2100,34.983333,2.089722,0.045208
2101,35.0,2.848889,0.064028
2102,35.016667,2.810833,0.053056
2103,35.033333,2.261944,0.049236
2104,35.05,2.805833,0.064792
2105,35.066667,2.780556,0.060764
2106,35.083333,2.186042,0.052569
2107,35.1,2.884931,0.054792
2108,35.116667,2.830417,0.063403
2109,35.133333,1.7275,0.03375
2110,35.15,2.319722,0.045069
2111,35.166667,2.449653,0.049722
2112,35.183333,1.726458,0.030625
2113,35.2,2.394931,0.0475
2114,35.216667,1.888264,0.033403
2115,35.233333,2.385139,0.049653
2116,35.25,2.392708,0.046319
2117,35.266667,1.985833,0.037708
2118,35.283333,2.480903,0.049167
2119,35.3,2.454792,0.049375
2120,35.316667,1.878958,0.035764
2121,35.333333,2.542778,0.048403
2122,35.35,2.532986,0.052083
2123,35.366667,1.943889,0.033056
2124,35.383333,2.551944,0.049931
2125,35.4,2.610625,0.054583
2126,35.416667,2.005278,0.033681
2127,35.433333,2.519236,0.048611
2128,35.45,2.016597,0.037569
2129,35.466667,2.445069,0.054514
2130,35.483333,2.429583,0.052986
2131,35.5,1.891389,0.035972
2132,35.516667,2.505486,0.054444
2133,35.533333,0.050278,0.0
2134,35.55,2.570903,0.057153
2135,35.566667,1.868194,0.036458
2136,35.583333,2.575278,0.056042
2137,35.6,2.578542,0.057569
2138,35.616667,4.472778,0.112361
2139,35.633333,2.637639,0.062847
2140,35.65,2.014028,0.036667
2141,35.666667,2.534236,0.053681
2142,35.683333,2.151389,0.043542
2143,35.7,2.659306,0.0575
2144,35.716667,2.905556,0.065833
2145,35.733333,2.139444,0.040972
2146,35.75,2.960764,0.063056
2147,35.766667,3.063403,0.071667
2148,35.783333,2.235347,0.043403
2149,35.8,2.924514,0.066042
2150,35.816667,3.077917,0.070694
2151,35.833333,2.367847,0.044444
2152,35.85,3.091736,0.072986
2153,35.866667,2.940694,0.065972
2154,35.883333,2.441458,0.047014
2155,35.9,3.277083,0.07625
2156,35.916667,2.513681,0.047014
2157,35.933333,3.366528,0.079097
2158,35.95,3.479514,0.082361
2159,35.966667,2.569931,0.048819
2160,35.983333,3.322569,0.077292
2161,36.0,3.465486,0.078125
2162,36.016667,2.599514,0.050208
2163,36.033333,3.317917,0.077014
2164,36.05,3.660278,0.078542
2165,36.066667,2.662431,0.056597
2166,36.083333,3.472222,0.079931
2167,36.1,3.772986,0.076875
2168,36.116667,3.25375,0.069167
2169,36.133333,4.194167,0.101875
2170,36.15,3.138125,0.067431
2171,36.166667,4.028819,0.090903
2172,36.183333,4.179167,0.098194
2173,36.2,3.122083,0.060417
2174,36.216667,4.115903,0.097986
2175,36.233333,4.092153,0.094792
2176,36.25,0.124792,0.0
2177,36.266667,3.057708,0.064792
2178,36.283333,4.163403,0.101806
2179,36.3,4.05375,0.090903
2180,36.316667,7.159722,0.173125
2181,36.333333,4.093194,0.091875
2182,36.35,3.059375,0.064167
2183,36.366667,4.112014,0.0975
2184,36.383333,3.123958,0.06125
2185,36.4,4.090278,0.097639
2186,36.416667,4.022431,0.092778
2187,36.433333,3.150139,0.065694
2188,36.45,0.137917,0.0
2189,36.466667,4.062153,0.099167
2190,36.483333,3.982083,0.088472
2191,36.5,3.197083,0.067708
2192,36.516667,7.792986,0.177292
2193,36.533333,3.151319,0.067708
2194,36.55,4.154375,0.098264
2195,36.566667,4.116528,0.086111
2196,36.583333,3.125764,0.072569
2197,36.6,4.085625,0.093611
2198,36.616667,4.075903,0.089722
2199,36.633333,3.188889,0.077639
2200,36.65,3.945833,0.087222
2201,36.666667,3.167292,0.068958
2202,36.683333,4.096736,0.10125
2203,36.7,4.102708,0.094306
2204,36.716667,3.094444,0.065069
2205,36.733333,4.116181,0.098125
2206,36.75,4.103194,0.084097
2207,36.766667,3.109514,0.073472
2208,36.783333,4.060208,0.091042
2209,36.8,4.165903,0.090903
2210,36.816667,3.219097,0.075069
2211,36.833333,4.224931,0.090486
2212,36.85,4.271319,0.089861
2213,36.866667,3.406528,0.078125
2214,36.883333,4.236458,0.091319
2215,36.9,3.337083,0.066111
2216,36.916667,4.30125,0.097361
2217,36.933333,4.412778,0.086944
2218,36.95,3.409514,0.077986
2219,36.966667,4.211111,0.090833
2220,36.983333,4.206181,0.087569
2221,37.0,3.425139,0.075069
2222,37.016667,4.323056,0.090208
2223,37.033333,4.362778,0.089792
2224,37.05,3.381667,0.074653
2225,37.066667,4.315486,0.092917
2226,37.083333,4.309653,0.095972
2227,37.1,3.434306,0.073056
2228,37.116667,4.357986,0.087153
2229,37.133333,3.301458,0.074583
2230,37.15,0.181319,6.9e-05
2231,37.166667,4.078125,0.084375
2232,37.183333,4.084236,0.082222
2233,37.2,3.057639,0.065278
2234,37.216667,4.101389,0.08375
2235,37.233333,0.177361,6.9e-05
2236,37.25,0.408056,0.0
2237,37.266667,0.556944,0.0
2238,37.283333,0.66875,0.0
2239,37.3,0.616111,0.0
2240,37.316667,0.724792,0.0
2241,37.333333,0.256597,0.0
2242,37.35,0.572083,0.0
2243,37.366667,0.426111,0.0
2244,37.383333,0.557986,0.0
2245,37.4,0.470208,0.0
2246,37.416667,0.600069,0.000139
2247,37.433333,0.07125,0.0
2248,37.45,0.137778,0.0
2249,37.466667,0.616736,0.000764
2250,37.483333,0.598125,0.000139
2251,37.5,0.268819,0.000208
2252,37.516667,0.386736,0.000139
2253,37.533333,0.311944,0.000139
2254,37.55,0.440208,6.9e-05
2255,37.566667,0.175556,0.0
2256,37.583333,0.301667,0.000347
2257,37.6,0.241181,0.000139
2258,37.616667,0.325972,0.000486
2259,37.633333,0.069097,0.0
2260,37.65,0.296458,0.002222
2261,37.666667,0.162153,0.0
2262,37.683333,0.257778,0.0
2263,37.7,0.085208,0.0
2264,37.716667,0.195347,0.000347
2265,37.733333,0.113194,0.0
2266,37.75,0.231042,0.0
2267,37.766667,0.071944,6.9e-05
2268,37.783333,0.157639,6.9e-05
2269,37.8,0.102569,0.000139
2270,37.816667,0.203333,0.000278
2271,37.833333,0.133194,0.000139
2272,37.85,0.112014,0.0
2273,37.866667,0.076806,0.0
2274,37.883333,0.120278,6.9e-05
2275,37.9,0.108542,0.000347
2276,37.916667,0.170417,6.9e-05
2277,37.933333,0.079722,0.000347
2278,37.95,0.043333,0.000278
2279,37.966667,0.088958,0.000278
2280,37.983333,0.133056,0.000625
2281,38.0,0.280069,0.000764
2282,38.016667,0.120764,0.000556
2283,38.033333,0.110486,0.000972
2284,38.05,0.158681,0.000625
2285,38.066667,0.100347,0.000764
2286,38.083333,0.122292,0.000764
2287,38.1,0.108611,0.000833
2288,38.116667,0.121111,0.000486
2289,38.133333,0.103403,0.000764
2290,38.15,0.102847,0.000764
2291,38.166667,0.089653,0.000764
2292,38.183333,0.110833,0.000694
2293,38.2,0.072292,0.000625
2294,38.216667,0.054861,0.000417
2295,38.233333,0.081181,0.000903
2296,38.25,0.100139,0.000764
2297,38.266667,0.063611,0.000486
2298,38.283333,0.059097,0.000694
2299,38.3,0.063681,0.000764
2300,38.316667,0.052153,0.000417
2301,38.333333,0.050556,0.000486
2302,38.35,0.03625,0.000278
2303,38.366667,0.036389,0.000278
2304,38.383333,0.026319,0.0
2305,38.4,0.035069,0.000347
2306,38.416667,0.039097,0.000486
2307,38.433333,0.035069,0.000417
2308,38.45,0.02875,0.000417
2309,38.466667,2.059931,0.035347
2310,38.483333,1.086181,0.013056
2311,38.5,1.354375,0.015278
2312,38.516667,0.899792,0.000417
2313,38.533333,0.922917,0.000625
2314,38.55,1.066458,0.000278
2315,38.566667,1.053125,0.000417
2316,38.583333,1.120417,0.000417
2317,38.6,1.062708,0.000278
2318,38.616667,0.915694,0.000278
2319,38.633333,0.920139,0.000347
2320,38.65,0.948264,0.000278
2321,38.666667,0.893472,0.0
2322,38.683333,0.501389,0.0
2323,38.7,0.775903,0.0
2324,38.716667,0.610417,0.000347
2325,38.733333,0.63875,0.0
2326,38.75,0.547986,0.0
2327,38.766667,0.520972,0.000139
2328,38.783333,0.460417,0.0
2329,38.8,0.439931,0.0
2330,38.816667,0.464792,0.000833
2331,38.833333,0.335347,0.000208
2332,38.85,0.335139,0.0
2333,38.866667,0.348681,0.0
2334,38.883333,0.251736,0.0
2335,38.9,0.247778,6.9e-05
2336,38.916667,0.288681,0.000903
2337,38.933333,0.079861,0.0
2338,38.95,0.131875,0.000208
2339,38.966667,0.075,0.0
2340,38.983333,0.126944,6.9e-05
2341,39.0,0.441042,0.0
2342,39.016667,0.247986,0.0
2343,39.033333,0.435208,0.004444
2344,39.05,0.116319,0.0
2345,39.066667,0.130208,0.0
2346,39.083333,0.117986,0.0
2347,39.1,0.123264,0.0
2348,39.116667,0.146181,0.001319
2349,39.133333,0.135556,0.000486
2350,39.15,0.123056,0.000347
2351,39.166667,0.157431,0.0
2352,39.183333,0.170972,0.0
2353,39.2,0.093958,0.000208
2354,39.216667,0.091389,0.000417
2355,39.233333,0.128958,0.000764
2356,39.25,0.153819,0.000694
2357,39.266667,0.115556,0.000903
2358,39.283333,0.095208,0.000556
2359,39.3,0.077431,0.000417
2360,39.316667,0.089444,0.000625
2361,39.333333,0.078056,0.000625
2362,39.35,0.074028,0.000694
2363,39.366667,0.077153,0.000764
2364,39.383333,0.083125,0.000833
2365,39.4,3.420417,0.092083
2366,39.416667,1.176319,0.000694
2367,39.433333,1.190417,0.000833
2368,39.45,1.23125,0.000764
2369,39.466667,1.179653,0.000694
2370,39.483333,1.021597,0.000833
2371,39.5,0.999306,0.000764
2372,39.516667,1.023819,0.000764
2373,39.533333,1.006319,0.000833
2374,39.55,0.771736,0.000556
2375,39.566667,0.735,0.000278
2376,39.583333,0.756597,0.0
2377,39.6,0.721736,0.0
2378,39.616667,0.334792,0.000278
2379,39.633333,0.581458,0.000625
2380,39.65,0.522083,0.003681
2381,39.666667,0.920764,0.001736
2382,39.683333,0.826042,0.001042
2383,39.7,1.188889,0.000208
2384,39.716667,1.041181,0.000139
2385,39.733333,1.193889,0.000417
2386,39.75,1.093194,0.000208
2387,39.766667,1.160069,0.000208
2388,39.783333,1.048403,0.000278
2389,39.8,0.909861,0.000417
2390,39.816667,0.821736,0.000139
2391,39.833333,0.880208,0.000278
2392,39.85,0.787083,0.000208
2393,39.866667,0.605278,0.0
2394,39.883333,0.598194,0.0
2395,39.9,0.610208,0.000486
2396,39.916667,0.568819,0.0
2397,39.933333,0.388611,6.9e-05
2398,39.95,0.480625,0.0
2399,39.966667,0.397847,0.0
2400,39.983333,0.333681,0.0
2401,40.0,0.555486,0.000694
2402,40.016667,0.219583,0.000139
2403,40.033333,0.365833,0.0
2404,40.05,0.183819,0.0
2405,40.066667,0.248472,6.9e-05
2406,40.083333,0.231458,0.0
2407,40.1,0.190417,0.000625
2408,40.116667,0.218264,0.000347
2409,40.133333,0.18,0.000139
2410,40.15,0.215417,0.0
2411,40.166667,0.138194,0.0
2412,40.183333,0.173194,6.9e-05
2413,40.2,0.185069,0.000903
2414,40.216667,0.769861,0.000208
2415,40.233333,0.073819,6.9e-05
2416,40.25,0.084792,0.0
2417,40.266667,0.075139,6.9e-05
2418,40.283333,0.119444,0.0
2419,40.3,0.087361,0.000556
2420,40.316667,0.128403,0.000139
2421,40.333333,0.117292,0.000486
2422,40.35,0.150417,0.000417
2423,40.366667,0.084097,0.000486
2424,40.383333,0.104306,0.000556
2425,40.4,0.094792,0.000556
2426,40.416667,0.133194,0.000556
2427,40.433333,0.084514,0.000833
2428,40.45,0.109028,0.000625
2429,40.466667,0.0925,0.000625
2430,40.483333,0.121875,0.000764
2431,40.5,0.074653,0.000625
2432,40.516667,0.055,0.000208
2433,40.533333,0.045694,0.000278
2434,40.55,0.065556,0.000486
2435,40.566667,0.065069,0.000694
2436,40.583333,0.073611,0.000764
2437,40.6,0.922986,0.023194
2438,40.616667,0.838056,0.020208
2439,40.633333,2.777222,0.066319
2440,40.65,0.842292,0.000486
2441,40.666667,1.277361,0.000556
2442,40.683333,1.267708,0.000625
2443,40.7,1.035486,0.000625
2444,40.716667,1.020208,0.000139
2445,40.733333,1.0225,0.000208
2446,40.75,1.020764,0.000278
2447,40.766667,0.8,0.000417
2448,40.783333,0.800486,0.000139
2449,40.8,0.785556,0.000278
2450,40.816667,0.782222,6.9e-05
2451,40.833333,0.533403,0.0
2452,40.85,0.563333,0.000208
2453,40.866667,0.557153,6.9e-05
2454,40.883333,0.554514,0.000208
2455,40.9,0.391111,0.000417
2456,40.916667,0.403264,6.9e-05
2457,40.933333,0.40125,0.0
2458,40.95,0.396667,0.000486
2459,40.966667,0.256111,0.000278
2460,40.983333,0.289583,0.000486
2461,41.0,0.442569,0.000347
2462,41.016667,0.220139,6.9e-05
2463,41.033333,0.180347,6.9e-05
2464,41.05,0.241736,0.000208
2465,41.066667,0.203819,6.9e-05
2466,41.083333,0.257222,0.000486
2467,41.1,0.170694,0.000208
2468,41.116667,0.187431,0.000278
2469,41.133333,0.150486,0.000139
2470,41.15,0.230208,0.000208
2471,41.166667,0.154444,0.000694
2472,41.183333,0.146736,0.000625
2473,41.2,0.138472,0.000625
2474,41.216667,0.185486,0.000208
2475,41.233333,0.076875,0.0
2476,41.25,0.245208,0.001875
2477,41.266667,0.094583,0.000764
2478,41.283333,0.187222,0.000833
2479,41.3,0.15375,0.000833
2480,41.316667,0.137083,0.000833
2481,41.333333,0.237778,0.002431
2482,41.35,0.136528,0.000417
2483,41.366667,0.120486,0.000486
2484,41.383333,0.124028,0.000903
2485,41.4,0.130625,0.000833
2486,41.416667,0.156458,0.000625
2487,41.433333,0.967778,0.021944
2488,41.45,1.102847,0.018333
2489,41.466667,1.210694,0.017292
2490,41.483333,1.046667,0.000556
2491,41.5,1.053889,0.000486
2492,41.516667,1.053889,0.000278
2493,41.533333,1.084792,0.000694
2494,41.55,1.078333,0.000417
2495,41.566667,1.089653,0.000486
2496,41.583333,1.067778,0.000486
2497,41.6,1.058542,0.000278
2498,41.616667,0.631181,0.000347
2499,41.633333,0.94875,0.000278
2500,41.65,0.773819,0.0
2501,41.666667,0.735764,0.000139
2502,41.683333,0.709514,0.000486
2503,41.7,0.634444,6.9e-05
2504,41.716667,0.572083,0.0
2505,41.733333,0.520069,0.000278
2506,41.75,0.489236,0.000278
2507,41.766667,0.455903,0.000417
2508,41.783333,0.435486,0.001458
2509,41.8,0.402292,0.000556
2510,41.816667,0.43125,0.000694
2511,41.833333,0.426597,0.000764
2512,41.85,0.282778,0.000833
2513,41.866667,0.306042,0.000903
2514,41.883333,0.3175,0.001944
2515,41.9,0.293472,0.000903
2516,41.916667,0.255139,0.000625
2517,41.933333,0.272153,0.000556
2518,41.95,0.244722,0.000417
2519,41.966667,0.164722,0.000417
2520,41.983333,0.19,0.001458
2521,42.0,0.377708,0.000694
2522,42.016667,0.177361,0.000556
2523,42.033333,0.135556,0.000486
2524,42.05,0.141458,0.000278
2525,42.066667,0.1225,0.000208
2526,42.083333,0.154375,0.001528
2527,42.1,0.953194,0.017153
2528,42.116667,0.823194,0.013056
2529,42.133333,0.731528,0.007361
2530,42.15,0.558542,0.005347
2531,42.166667,0.702569,0.0025
2532,42.183333,0.514028,6.9e-05
2533,42.2,0.584583,0.0
2534,42.216667,0.445764,0.0
2535,42.233333,0.406528,0.0
2536,42.25,0.486181,0.0
2537,42.266667,0.389931,0.0
2538,42.283333,0.422361,0.0
2539,42.3,0.427708,0.0
2540,42.316667,0.305486,0.0
2541,42.333333,0.315694,0.0
2542,42.35,0.211111,0.0
2543,42.366667,0.180278,0.0
2544,42.383333,0.199861,0.0
2545,42.4,0.178681,0.0
2546,42.416667,0.147083,0.0
2547,42.433333,0.22625,0.0
2548,42.45,0.094375,0.0
2549,42.466667,0.086319,0.0
2550,42.483333,0.147917,0.0
2551,42.5,0.043472,0.0
2552,42.516667,0.056806,0.0
2553,42.533333,0.121944,0.0
2554,42.55,0.032569,0.0
2555,42.566667,0.072778,0.0
2556,42.583333,0.029028,0.0
2557,42.6,0.068194,0.0
2558,42.616667,0.011458,0.0
2559,42.633333,0.029236,0.0
2560,42.65,0.02875,0.0
2561,42.666667,0.054236,0.0
2562,42.683333,0.011736,0.0
2563,42.7,0.021875,0.0
2564,42.716667,0.017361,0.0
2565,42.733333,0.040486,0.0
2566,42.75,0.040486,0.000625
2567,42.766667,0.059653,0.000764
2568,42.783333,0.060833,0.000833
2569,42.8,0.044236,0.000486
2570,42.816667,0.017222,0.000556
2571,42.833333,0.025208,0.000556
2572,42.85,0.052361,0.000417
2573,42.866667,0.910069,0.014375
2574,42.883333,0.453958,0.000417
2575,42.9,0.601806,0.000347
2576,42.916667,0.552431,0.000486
2577,42.933333,0.293264,0.000764
2578,42.95,1.894375,0.067153
2579,42.966667,0.067014,0.000208
2580,42.983333,1.306667,0.003542
2581,43.0,0.818889,0.000694
2582,43.016667,0.702847,0.000625
2583,43.033333,2.144583,0.076389
2584,43.05,0.242708,0.000764
2585,43.066667,0.521597,0.000694
2586,43.083333,0.596806,0.000556
2587,43.1,0.585694,0.000764
2588,43.116667,0.653958,0.000833
2589,43.133333,0.478125,0.000694
2590,43.15,0.573472,0.000833
2591,43.166667,0.504514,0.000486
2592,43.183333,0.577986,0.000347
2593,43.2,0.233333,0.000139
2594,43.216667,4.221528,0.128681
2595,43.233333,0.053264,0.0
2596,43.25,0.042778,0.0
2597,43.266667,1.617361,0.060694
2598,43.283333,0.411667,0.000208
2599,43.3,0.528264,0.000208
2600,43.316667,0.634583,0.000278
2601,43.333333,0.415903,0.000764
2602,43.35,0.493542,0.000486
2603,43.366667,0.452986,0.000556
2604,43.383333,0.545833,0.000556
2605,43.4,0.290556,0.000347
2606,43.416667,0.367153,0.000139
2607,43.433333,0.305069,0.0
2608,43.45,0.389583,0.0
2609,43.466667,4.827917,0.135903
2610,43.483333,0.2425,0.0
2611,43.5,0.183889,0.0
2612,43.516667,0.148264,0.0
2613,43.533333,0.064861,0.0
2614,43.55,0.116458,0.0
2615,43.566667,0.025347,0.0
2616,43.583333,0.185417,0.0
2617,43.6,0.08625,0.0
2618,43.616667,0.145417,0.0
2619,43.633333,0.044931,0.0
2620,43.65,0.058056,0.0
2621,43.666667,0.008889,0.0
2622,43.683333,0.031667,0.0
2623,43.7,0.007917,0.0
2624,43.716667,0.012639,0.0
2625,43.733333,0.007153,0.0
2626,43.75,0.022639,0.0
2627,43.766667,0.002431,0.0
2628,43.783333,0.029097,0.0
2629,43.8,0.01,0.0
2630,43.816667,0.023611,0.0
2631,43.833333,0.005556,0.0
2632,43.85,0.011597,0.0
2633,43.866667,0.002431,0.0
2634,43.883333,0.009444,0.0
2635,43.9,0.002292,0.0
2636,43.916667,0.000278,0.0
2637,43.933333,0.000833,0.0
2638,43.95,0.002292,0.0
2639,43.966667,0.001528,0.0
2640,43.983333,18.108681,0.347986
2641,44.0,17.853472,0.344375
2642,44.016667,17.433542,0.334931
2643,44.033333,0.032569,0.0
2644,44.05,32.087014,0.480069
2645,44.066667,14.899653,0.294167
2646,44.083333,14.226806,0.279167
2647,44.1,13.800347,0.275
2648,44.116667,13.171389,0.266597
2649,44.133333,12.538333,0.252778
2650,44.15,11.989861,0.245764
2651,44.166667,10.885139,0.228403
2652,44.183333,10.449931,0.218194
2653,44.2,9.745903,0.211875
2654,44.216667,9.329028,0.200625
2655,44.233333,8.465556,0.188958
2656,44.25,7.83375,0.177083
2657,44.266667,7.235556,0.169167
2658,44.283333,6.725694,0.158611
2659,44.3,6.279236,0.148681
2660,44.316667,5.939514,0.147778
2661,44.333333,5.564444,0.140069
2662,44.35,0.132639,0.0
2663,44.366667,5.0125,0.127847
2664,44.383333,4.739722,0.115417
2665,44.4,4.342778,0.113889
2666,44.416667,7.143472,0.170208
2667,44.433333,0.043264,0.0
2668,44.45,6.111875,0.153542
2669,44.466667,2.812431,0.071736
2670,44.483333,2.541944,0.057778
2671,44.5,2.184722,0.057569
2672,44.516667,1.902083,0.043056
2673,44.533333,1.781319,0.032153
2674,44.55,1.590417,0.03
2675,44.566667,15.133958,0.21125
2676,44.583333,1.519931,0.023819
2677,44.6,1.290208,0.020139
2678,44.616667,1.0275,0.016458
2679,44.633333,0.212917,0.0
2680,44.65,1.669722,0.025556
2681,44.666667,0.650278,0.002431
2682,44.683333,8.168194,0.175972
2683,44.7,7.460764,0.171389
2684,44.716667,0.244722,0.0
2685,44.733333,0.171597,0.0
2686,44.75,20.181875,0.374444
2687,44.766667,2.466111,0.038403
2688,44.783333,4.407569,0.087986
2689,44.8,5.285694,0.090903
2690,44.816667,4.377014,0.085139
2691,44.833333,0.299097,0.0
2692,44.85,6.198403,0.124375
2693,44.866667,2.508542,0.040556
2694,44.883333,5.247083,0.112639
2695,44.9,0.691389,0.000208
2696,44.916667,1.314583,0.000556
2697,44.933333,0.503403,0.000417
2698,44.95,0.609097,0.000278
2699,44.966667,13.442917,0.265069
2700,44.983333,0.429375,0.000556
2701,45.0,2.138958,0.040347
2702,45.016667,1.343056,0.013333
2703,45.033333,0.159097,0.0
2704,45.05,3.129236,0.061597
2705,45.066667,0.252292,0.0
2706,45.083333,0.968611,0.016944
2707,45.1,1.112014,0.021806
2708,45.116667,1.175417,0.021389
2709,45.133333,0.239236,0.0
2710,45.15,1.944653,0.041736
2711,45.166667,1.112778,0.007708
2712,45.183333,0.126875,0.000556
2713,45.2,0.220903,0.000347
2714,45.216667,1.005139,0.013333
2715,45.233333,1.095625,0.019444
2716,45.25,0.110139,0.0
2717,45.266667,0.162292,0.000903
2718,45.283333,0.674514,0.011597
2719,45.3,1.756528,0.029583
2720,45.316667,0.869931,0.002083
2721,45.333333,0.852292,0.001319
2722,45.35,0.747431,0.000417
2723,45.366667,0.905139,0.000139
2724,45.383333,1.351042,0.017847
2725,45.4,0.718056,0.0
2726,45.416667,0.662569,0.0
2727,45.433333,0.103611,0.0
2728,45.45,0.077778,0.0
2729,45.466667,0.519722,0.0
2730,45.483333,0.389028,0.0
2731,45.5,0.529653,0.0
2732,45.516667,0.424722,0.0
2733,45.533333,0.229167,0.0
2734,45.55,1.161736,0.005347
2735,45.566667,0.4075,0.0
2736,45.583333,0.897917,0.015347
2737,45.6,0.298542,0.0
2738,45.616667,0.211806,0.0
2739,45.633333,0.188125,0.0
2740,45.65,0.124306,0.0
2741,45.666667,0.166111,0.0
2742,45.683333,0.074444,0.0
2743,45.7,0.151736,0.0
2744,45.716667,0.051181,0.0
2745,45.733333,0.104028,0.0
2746,45.75,0.039792,0.0
2747,45.766667,15.519583,0.311319
2748,45.783333,15.413472,0.311806
2749,45.8,15.2025,0.307847
2750,45.816667,14.913889,0.301806
2751,45.833333,0.041875,0.0
2752,45.85,14.534583,0.295
2753,45.866667,14.049792,0.283125
2754,45.883333,13.459653,0.275486
2755,45.9,13.177778,0.270417
2756,45.916667,19.696042,0.346597
2757,45.933333,11.018056,0.227639
2758,45.95,10.464375,0.222083
2759,45.966667,9.615694,0.212847
2760,45.983333,9.24375,0.197569
2761,46.0,8.568819,0.195903
2762,46.016667,8.191736,0.179722
2763,46.033333,7.54625,0.172222
2764,46.05,7.020417,0.166667
2765,46.066667,6.519514,0.159028
2766,46.083333,6.048403,0.149028
2767,46.1,5.704931,0.142569
2768,46.116667,5.309167,0.132986
2769,46.133333,4.970139,0.126319
2770,46.15,22.517986,0.294444
2771,46.166667,5.505556,0.145069
2772,46.183333,5.223403,0.134306
2773,46.2,4.6,0.111597
2774,46.216667,4.497569,0.120833
2775,46.233333,0.078542,0.0
2776,46.25,7.143611,0.169028
2777,46.266667,3.352847,0.085208
2778,46.283333,3.040972,0.061597
2779,46.3,2.684583,0.061458
2780,46.316667,2.314514,0.052083
2781,46.333333,0.057847,0.0
2782,46.35,0.066944,0.0
2783,46.366667,3.860694,0.083542
2784,46.383333,1.707708,0.032986
2785,46.4,1.527153,0.025208
2786,46.416667,1.266458,0.013611
2787,46.433333,1.179514,0.016806
2788,46.45,0.956389,0.011389
2789,46.466667,0.682153,0.006736
2790,46.483333,0.699097,0.005486
2791,46.5,0.463125,0.000833
2792,46.516667,0.463333,0.0
2793,46.533333,0.070347,0.0
2794,46.55,0.130069,0.0
2795,46.566667,0.081806,0.0
2796,46.583333,0.114792,0.0
2797,46.6,0.021181,0.0
2798,46.616667,0.017917,0.0
2799,46.633333,0.012014,0.0
2800,46.65,0.005486,0.0
2801,46.666667,0.005903,0.0
2802,46.683333,0.004653,0.0
2803,46.7,0.005139,0.0
2804,46.716667,0.008264,0.0
2805,46.733333,0.000833,0.0
2806,46.75,0.000833,0.0
2807,46.766667,0.001181,0.0
2808,46.783333,0.000903,0.0
2809,46.8,0.000139,0.0
2810,46.816667,0.000694,0.0
2811,46.833333,6.9e-05,0.0
2812,46.85,0.000486,0.0
2813,46.866667,0.000625,0.0
2814,46.883333,0.000486,0.0
2815,46.9,0.000278,0.0
2816,46.916667,0.000347,0.0
2817,46.933333,0.000139,0.0
2818,46.95,0.000139,0.0
2819,46.966667,0.000278,0.0
2820,46.983333,0.000139,0.0
2821,47.0,0.163264,0.0
2822,47.016667,0.000486,0.0
2823,47.033333,0.000208,0.0
2824,47.05,0.000139,0.0
2825,47.066667,0.000486,0.0
2826,47.083333,6.9e-05,0.0
2827,47.1,6.9e-05,0.0
2828,47.116667,0.000278,0.0
2829,47.133333,0.000278,0.0
2830,47.15,6.9e-05,0.0
2831,47.166667,6.9e-05,0.0
2832,47.183333,0.000139,0.0
2833,47.2,0.011806,0.000278
2834,47.216667,0.025347,0.000417
2835,47.233333,0.024792,0.000486
2836,47.25,0.025972,0.000486
2837,47.266667,0.033611,0.000556
2838,47.283333,0.032847,0.000486
2839,47.3,0.032708,0.000625
2840,47.316667,0.031597,0.000417
2841,47.333333,0.116597,0.0
2842,47.35,0.288889,0.000903
2843,47.366667,0.390208,0.000694
2844,47.383333,0.528681,0.000694
2845,47.4,0.470278,0.000556
2846,47.416667,0.591597,0.000486
2847,47.433333,0.193889,0.0
2848,47.45,0.706389,0.001111
2849,47.466667,0.449861,0.000347
2850,47.483333,0.567083,0.000278
2851,47.5,0.292917,6.9e-05
2852,47.516667,0.409653,0.0
2853,47.533333,0.351389,0.0
2854,47.55,0.452639,0.000139
2855,47.566667,0.224861,0.0
2856,47.583333,0.316042,0.000208
2857,47.6,0.261944,0.000278
2858,47.616667,0.362292,0.0
2859,47.633333,0.117986,0.0
2860,47.65,0.271528,0.000417
2861,47.666667,0.184931,0.0
2862,47.683333,0.306875,0.000764
2863,47.7,0.103819,0.000139
2864,47.716667,0.200278,6.9e-05
2865,47.733333,0.13625,0.0
2866,47.75,0.270903,0.000139
2867,47.766667,0.072153,0.0
2868,47.783333,0.13125,0.000625
2869,47.8,0.095139,0.0
2870,47.816667,0.223889,6.9e-05
2871,47.833333,0.074792,0.000139
2872,47.85,0.132153,0.000417
2873,47.866667,0.101736,6.9e-05
2874,47.883333,0.188542,0.000833
2875,47.9,0.083611,0.000625
2876,47.916667,0.143403,6.9e-05
2877,47.933333,0.007986,0.0
2878,47.95,0.072986,0.000556
2879,47.966667,0.062917,0.0
2880,47.983333,0.094861,0.0
2881,48.0,0.159236,0.0
2882,48.016667,0.073264,0.0
2883,48.033333,0.019236,0.0
2884,48.05,0.082083,0.000208
2885,48.066667,0.047639,0.0
2886,48.083333,0.112847,0.000347
2887,48.1,0.054306,6.9e-05
2888,48.116667,0.08625,6.9e-05
2889,48.133333,0.007639,0.0
2890,48.15,0.007639,0.0
2891,48.166667,0.057431,0.000486
2892,48.183333,0.047917,0.000486
2893,48.2,0.057639,0.000556
2894,48.216667,0.050625,0.000486
2895,48.233333,0.110278,0.000764
2896,48.25,0.118333,0.000694
2897,48.266667,0.071597,0.000764
2898,48.283333,0.081944,0.000833
2899,48.3,0.094236,0.000694
2900,48.316667,0.069722,0.000625
2901,48.333333,0.082639,0.000972
2902,48.35,0.077778,0.000833
2903,48.366667,0.072222,0.000764
2904,48.383333,0.072153,0.000833
2905,48.4,0.044514,0.000417
2906,48.416667,0.022847,0.000278
2907,48.433333,0.034583,0.000486
2908,48.45,0.030764,0.000556
2909,48.466667,0.040903,0.000556
2910,48.483333,0.912778,0.019861
2911,48.5,0.929653,0.021528
2912,48.516667,1.079583,0.017847
2913,48.533333,0.188333,0.000694
2914,48.55,1.505694,0.000764
2915,48.566667,1.420833,0.000764
2916,48.583333,1.400347,0.000764
2917,48.6,1.212569,0.000278
2918,48.616667,1.915833,0.014097
2919,48.633333,1.010417,0.000278
2920,48.65,1.003958,0.0
2921,48.666667,1.021736,0.0
2922,48.683333,0.980347,0.0
2923,48.7,0.753889,0.0
2924,48.716667,0.780625,0.0
2925,48.733333,0.128472,0.0
2926,48.75,0.161736,6.9e-05
2927,48.766667,0.490069,0.0
2928,48.783333,0.501181,0.0
2929,48.8,0.578542,0.0
2930,48.816667,0.590486,0.0
2931,48.833333,1.417361,0.002431
2932,48.85,0.283958,0.0
2933,48.866667,0.315417,0.0
2934,48.883333,0.337222,0.0
2935,48.9,0.250278,0.0
2936,48.916667,0.284444,0.0
2937,48.933333,0.28,0.0
2938,48.95,0.197014,0.0
2939,48.966667,0.237847,0.0
2940,48.983333,0.176111,0.0
2941,49.0,0.380208,0.0
2942,49.016667,0.084306,0.0
2943,49.033333,0.089306,0.0
2944,49.05,0.061319,0.0
2945,49.066667,0.217014,0.000417
2946,49.083333,0.141528,0.0
2947,49.1,0.175139,0.0
2948,49.116667,0.129375,0.0
2949,49.133333,0.238958,0.000486
2950,49.15,0.083056,0.0
2951,49.166667,0.090694,0.0
2952,49.183333,0.064097,0.0
2953,49.2,0.133611,0.0
2954,49.216667,0.051806,0.0
2955,49.233333,0.043125,0.0
2956,49.25,0.046389,0.0
2957,49.266667,0.06375,0.0
2958,49.283333,0.051944,0.0
2959,49.3,0.042083,0.0
2960,49.316667,0.054792,0.0
2961,49.333333,0.071736,0.0
2962,49.35,0.038056,0.0
2963,49.366667,0.051111,0.0
2964,49.383333,0.021042,0.0
2965,49.4,0.063681,0.0
2966,49.416667,0.040417,0.0
2967,49.433333,0.055139,0.0
2968,49.45,0.924167,0.015208
2969,49.466667,1.533194,0.022014
2970,49.483333,8.652222,0.41
2971,49.5,4.581319,0.039375
2972,49.516667,4.837361,0.042431
2973,49.533333,0.048333,0.0
2974,49.55,0.049097,0.0
2975,49.566667,4.08625,0.012083
2976,49.583333,0.131042,0.0
2977,49.6,3.797917,0.015208
2978,49.616667,3.309097,0.001736
2979,49.633333,3.467917,0.002083
2980,49.65,4.749306,0.029514
2981,49.666667,0.033333,0.0
2982,49.683333,0.071528,0.0
2983,49.7,0.070833,0.0
2984,49.716667,5.97375,0.021736
2985,49.733333,9.936319,0.475417
2986,49.75,9.628958,0.459375
2987,49.766667,36.814306,0.742431
2988,49.783333,7.492361,0.182917
2989,49.8,6.877847,0.123125
2990,49.816667,6.464167,0.071528
2991,49.833333,5.388889,0.001875
2992,49.85,9.432569,0.062639
2993,49.866667,3.894583,0.000278
2994,49.883333,3.582569,6.9e-05
2995,49.9,2.930764,0.001528
2996,49.916667,2.638194,0.000833
2997,49.933333,2.614792,0.0
2998,49.95,2.136458,0.000278
2999,49.966667,1.911458,6.9e-05
3000,49.983333,1.373194,0.0
3001,50.0,1.748611,6.9e-05
3002,50.016667,1.122153,0.0
3003,50.033333,1.1625,0.0
3004,50.05,0.302639,0.0
3005,50.066667,0.082708,0.0
3006,50.083333,9.978333,0.101806
3007,50.1,0.809236,0.000278
3008,50.116667,0.613264,0.000208
3009,50.133333,1.554028,0.000764
3010,50.15,0.502569,0.000208
3011,50.166667,0.627569,0.000208
3012,50.183333,0.264444,0.000139
3013,50.2,0.215486,0.000278
3014,50.216667,0.416944,0.000208
3015,50.233333,0.229236,0.000139
3016,50.25,0.493333,0.000139
3017,50.266667,0.134653,0.0
3018,50.283333,0.296528,0.000208
3019,50.3,0.151042,0.000208
3020,50.316667,0.119792,0.000208
3021,50.333333,0.051597,0.000347
3022,50.35,0.084583,0.000139
3023,50.366667,0.276458,0.000139
3024,50.383333,0.119722,0.000208
3025,50.4,0.274236,6.9e-05
3026,50.416667,0.106319,0.000139
3027,50.433333,0.019514,0.0
3028,50.45,0.010903,0.0
3029,50.466667,0.030278,0.000417
3030,50.483333,0.021667,6.9e-05
3031,50.5,0.031875,0.000139
3032,50.516667,0.052083,0.0
3033,50.533333,0.034653,6.9e-05
3034,50.55,0.010417,0.0
3035,50.566667,0.015694,6.9e-05
3036,50.583333,0.022292,0.0
3037,50.6,0.016319,6.9e-05
3038,50.616667,0.013403,6.9e-05
3039,50.633333,0.013194,0.000208
3040,50.65,0.01875,0.0
3041,50.666667,0.017222,6.9e-05
3042,50.683333,0.008542,6.9e-05
3043,50.7,0.011111,0.000208
3044,50.716667,0.014792,0.000278
3045,50.733333,0.014375,0.000139
3046,50.75,0.007569,0.000208
3047,50.766667,0.010694,0.000139
3048,50.783333,0.008056,0.0
3049,50.8,0.009236,0.0
3050,50.816667,0.005,6.9e-05
3051,50.833333,0.011181,0.000208
3052,50.85,0.015208,0.000278
3053,50.866667,0.008333,0.0
3054,50.883333,0.004792,6.9e-05
3055,50.9,0.006181,6.9e-05
3056,50.916667,0.007917,6.9e-05
3057,50.933333,0.007708,0.000278
3058,50.95,0.002917,0.0
3059,50.966667,0.003194,0.0
3060,50.983333,0.002153,0.0
3061,51.0,0.085833,0.0
3062,51.016667,6.9e-05,0.0
3063,51.033333,0.000694,0.0
3064,51.05,0.001389,0.0
3065,51.066667,0.001667,0.0
3066,51.083333,0.000278,0.0
3067,51.1,0.000139,0.0
3068,51.116667,0.000764,0.0
3069,51.133333,0.000694,0.0
3070,51.15,0.009236,0.0
3071,51.166667,0.036042,0.0
3072,51.183333,0.167569,0.000556
3073,51.2,0.243472,0.002292
3074,51.216667,0.663264,0.007361
3075,51.233333,0.828681,0.017153
3076,51.25,0.897778,0.012431
3077,51.266667,0.659375,0.008264
3078,51.283333,0.716597,0.010347
3079,51.3,0.654514,0.006667
3080,51.316667,0.757292,0.008819
3081,51.333333,0.835,0.009444
3082,51.35,0.916319,0.014306
3083,51.366667,0.588681,0.007847
3084,51.383333,0.642708,0.009167
3085,51.4,0.630764,0.008819
3086,51.416667,0.662569,0.011597
3087,51.433333,0.664792,0.010278
3088,51.45,0.693681,0.010417
3089,51.466667,0.840764,0.011806
3090,51.483333,0.829653,0.012708
3091,51.5,0.886736,0.014028
3092,51.516667,0.877153,0.014583
3093,51.533333,0.852708,0.012639
3094,51.55,0.993056,0.020278
3095,51.566667,1.264444,0.034236
3096,51.583333,1.583958,0.051944
3097,51.6,1.697292,0.059167
3098,51.616667,1.51,0.045694
3099,51.633333,1.425833,0.034653
3100,51.65,1.501597,0.038681
3101,51.666667,1.581736,0.048125
3102,51.683333,1.337569,0.036736
3103,51.7,1.040694,0.023542
3104,51.716667,0.76125,0.013889
3105,51.733333,0.500417,0.002708
3106,51.75,0.083056,0.0
3107,51.766667,0.073125,0.0
3108,51.783333,0.034792,0.0
3109,51.8,0.058819,0.0
3110,51.816667,0.003056,0.0
3111,51.833333,0.001319,0.0
3112,51.85,0.0,0.0
3113,51.866667,0.001389,0.0
3114,51.883333,0.001458,0.0
3115,51.9,0.000139,0.0
3116,51.916667,0.0,0.0
3117,51.933333,0.000486,0.0
3118,51.95,0.001458,0.0
3119,51.966667,0.001875,0.0
3120,51.983333,0.000694,0.0
3121,52.0,0.071528,0.0
3122,52.016667,6.9e-05,0.0
3123,52.033333,0.0,0.0
3124,52.05,0.002431,0.0
3125,52.066667,0.0,0.0
3126,52.083333,0.001389,0.0
3127,52.1,0.0,0.0
3128,52.116667,0.0,0.0
3129,52.133333,0.0,0.0
3130,52.15,0.033472,0.0
3131,52.166667,0.083889,0.0
3132,52.183333,0.389792,0.000972
3133,52.2,0.482847,0.003958
3134,52.216667,0.807986,0.01375
3135,52.233333,0.965347,0.020486
3136,52.25,1.405903,0.039792
3137,52.266667,1.472292,0.0425
3138,52.283333,1.425,0.037292
3139,52.3,1.316944,0.034236
3140,52.316667,1.664236,0.052639
3141,52.333333,1.971042,0.067153
3142,52.35,1.827708,0.06125
3143,52.366667,1.295208,0.032222
3144,52.383333,1.009792,0.019028
3145,52.4,0.760417,0.010486
3146,52.416667,0.625208,0.006528
3147,52.433333,0.038958,0.0
3148,52.45,0.562569,0.009236
3149,52.466667,0.039236,6.9e-05
3150,52.483333,0.030208,6.9e-05
3151,52.5,0.339583,0.000417
3152,52.516667,0.288958,0.000556
3153,52.533333,0.061111,0.0
3154,52.55,0.957917,0.019375
3155,52.566667,0.075278,0.000208
3156,52.583333,0.59625,0.008264
3157,52.6,0.546111,0.007153
3158,52.616667,0.44625,0.005625
3159,52.633333,0.026875,0.0
3160,52.65,0.013542,0.0
3161,52.666667,0.657847,0.013056
3162,52.683333,0.156806,0.000139
3163,52.7,0.021042,0.000139
3164,52.716667,0.015833,6.9e-05
3165,52.733333,0.012292,0.000139
3166,52.75,0.022014,0.000208
3167,52.766667,0.010764,0.000278
3168,52.783333,0.012569,0.000278
3169,52.8,0.008958,0.000278
3170,52.816667,0.006597,0.000139
3171,52.833333,0.005833,0.000139
3172,52.85,0.003819,0.000208
3173,52.866667,0.004583,0.000208
3174,52.883333,0.006111,0.000139
3175,52.9,0.002222,6.9e-05
3176,52.916667,0.0,0.0
3177,52.933333,0.002014,0.0
3178,52.95,0.003264,0.000139
3179,52.966667,0.004375,0.000139
3180,52.983333,0.010694,0.000278
3181,53.0,0.082292,0.000208
3182,53.016667,0.010069,0.000417
3183,53.033333,0.005833,0.000208
3184,53.05,0.002292,0.0
3185,53.066667,0.0,0.0
3186,53.083333,0.000208,0.0
3187,53.1,0.0,0.0
3188,53.116667,0.006111,0.000208
3189,53.133333,0.007986,0.000278
3190,53.15,0.018542,0.000278
3191,53.166667,0.004236,6.9e-05
3192,53.183333,0.0,0.0
3193,53.2,0.0,0.0
3194,53.216667,0.0,0.0
3195,53.233333,0.0,0.0
3196,53.25,0.0,0.0
3197,53.266667,0.00375,0.000139
3198,53.283333,0.007847,0.000278
3199,53.3,0.017569,0.000417
3200,53.316667,0.0,0.0
3201,53.333333,6.9e-05,0.0
3202,53.35,0.026319,0.000417
3203,53.366667,0.0,0.0
3204,53.383333,0.004444,0.000139
3205,53.4,0.003889,6.9e-05
3206,53.416667,0.0,0.0
3207,53.433333,0.0,0.0
3208,53.45,0.0,0.0
3209,53.466667,6.9e-05,0.0
3210,53.483333,0.0,0.0
3211,53.5,0.0,0.0
3212,53.516667,0.0,0.0
3213,53.533333,0.0,0.0
3214,53.55,0.0,0.0
3215,53.566667,0.0,0.0
3216,53.583333,0.0,0.0
3217,53.6,0.0,0.0
3218,53.616667,0.0,0.0
3219,53.633333,0.0,0.0
3220,53.65,0.000278,0.0
3221,53.666667,0.0,0.0
3222,53.683333,0.000139,0.0
3223,53.7,0.0,0.0
3224,53.716667,0.0,0.0
3225,53.733333,0.0,0.0
3226,53.75,6.9e-05,0.0
3227,53.766667,0.009792,0.0
3228,53.783333,0.031181,0.0
3229,53.8,5.971389,0.097431
3230,53.816667,6.655278,0.099583
3231,53.833333,0.007292,0.0
3232,53.85,6.545833,0.10375
3233,53.866667,6.247847,0.096389
3234,53.883333,6.130833,0.098681
3235,53.9,5.931667,0.094444
3236,53.916667,5.737222,0.088472
3237,53.933333,0.001597,0.0
3238,53.95,0.003333,0.0
3239,53.966667,6.976597,0.114028
3240,53.983333,0.007153,0.0
3241,54.0,5.085417,0.078681
3242,54.016667,4.753611,0.069653
3243,54.033333,0.008264,0.0
3244,54.05,6.053958,0.094583
3245,54.066667,3.602708,0.051736
3246,54.083333,3.337847,0.048472
3247,54.1,2.894306,0.046736
3248,54.116667,2.669028,0.042431
3249,54.133333,2.318542,0.039236
3250,54.15,2.137153,0.036042
3251,54.166667,2.046389,0.033194
3252,54.183333,1.850486,0.031389
3253,54.2,1.668472,0.029514
3254,54.216667,1.512083,0.026597
3255,54.233333,0.027014,0.0
3256,54.25,2.227083,0.030556
3257,54.266667,0.016597,0.0
3258,54.283333,1.13125,0.022708
3259,54.3,0.986319,0.018611
3260,54.316667,0.938958,0.017569
3261,54.333333,1.526667,0.027014
3262,54.35,0.656458,0.0125
3263,54.366667,0.617986,0.010278
3264,54.383333,0.573056,0.009653
3265,54.4,0.385556,0.006528
3266,54.416667,0.379792,0.004028
3267,54.433333,0.306111,0.003958
3268,54.45,0.271736,0.005903
3269,54.466667,0.210972,0.003194
3270,54.483333,0.238542,0.002986
3271,54.5,0.170625,0.002917
3272,54.516667,0.175278,0.002847
3273,54.533333,0.00875,0.0
3274,54.55,0.210625,0.003056
3275,54.566667,0.027708,0.0
3276,54.583333,0.088611,0.0
3277,54.6,0.043542,0.0
3278,54.616667,0.045417,0.0
3279,54.633333,0.013958,0.0
3280,54.65,0.028611,0.0
3281,54.666667,0.000694,0.0
3282,54.683333,0.001042,0.0
3283,54.7,0.001389,0.0
3284,54.716667,0.000694,0.0
3285,54.733333,2.225764,0.038333
3286,54.75,2.838403,0.043681
3287,54.766667,2.918542,0.045764
3288,54.783333,2.993403,0.045139
3289,54.8,3.189653,0.051389
3290,54.816667,3.527569,0.053542
3291,54.833333,0.004931,0.0
3292,54.85,4.484167,0.075
3293,54.866667,4.072569,0.064167
3294,54.883333,4.182361,0.068681
3295,54.9,4.122014,0.070903
3296,54.916667,4.243125,0.073472
3297,54.933333,4.184375,0.074375
3298,54.95,4.115139,0.076667
3299,54.966667,3.990556,0.077083
3300,54.983333,3.946875,0.074167
3301,55.0,3.612986,0.074583
3302,55.016667,3.654028,0.072361
3303,55.033333,3.454722,0.075764
3304,55.05,3.327292,0.074931
3305,55.066667,3.272778,0.070417
3306,55.083333,3.071042,0.068403
3307,55.1,2.930972,0.068264
3308,55.116667,2.749792,0.065
3309,55.133333,2.551528,0.061319
3310,55.15,2.372917,0.058264
3311,55.166667,2.187083,0.055069
3312,55.183333,2.049236,0.052986
3313,55.2,1.872292,0.046528
3314,55.216667,1.67375,0.042708
3315,55.233333,0.032083,0.0
3316,55.25,2.867014,0.068264
3317,55.266667,0.035694,0.0
3318,55.283333,1.331319,0.032847
3319,55.3,1.249444,0.032222
3320,55.316667,0.960208,0.022917
3321,55.333333,0.025,0.0
3322,55.35,2.122708,0.055764
3323,55.366667,0.555972,0.010208
3324,55.383333,0.544722,0.008264
3325,55.4,0.422708,0.005
3326,55.416667,0.403056,0.005417
3327,55.433333,0.323125,0.002361
3328,55.45,0.224028,0.000208
3329,55.466667,0.227639,0.0
3330,55.483333,0.118056,0.0
3331,55.5,0.134028,0.0
3332,55.516667,0.008264,0.0
3333,55.533333,0.007153,0.0
3334,55.55,0.006111,0.0
3335,55.566667,0.01125,0.0
3336,55.583333,0.001042,0.0
3337,55.6,0.002292,0.0
3338,55.616667,0.002361,0.0
3339,55.633333,0.003056,0.0
3340,55.65,0.000972,0.0
3341,55.666667,0.00125,0.0
3342,55.683333,0.001528,0.0
3343,55.7,0.000833,0.0
3344,55.716667,0.001458,0.0
3345,55.733333,0.001528,0.0
3346,55.75,5.788889,0.113333
3347,55.766667,6.407847,0.115417
3348,55.783333,6.425,0.115
3349,55.8,6.404028,0.115347
3350,55.816667,6.291944,0.115694
3351,55.833333,0.000903,0.0
3352,55.85,0.002569,0.0
3353,55.866667,7.165208,0.129097
3354,55.883333,5.615208,0.106944
3355,55.9,5.377361,0.103333
3356,55.916667,5.22375,0.100694
3357,55.933333,6.923472,0.123472
3358,55.95,4.483403,0.090486
3359,55.966667,4.220972,0.085972
3360,55.983333,4.049792,0.080278
3361,56.0,3.695069,0.078194
3362,56.016667,3.626806,0.07375
3363,56.033333,0.012361,0.0
3364,56.05,5.022361,0.092986
3365,56.066667,0.0075,0.0
3366,56.083333,3.029931,0.067222
3367,56.1,2.809792,0.063125
3368,56.116667,2.647083,0.060069
3369,56.133333,2.4475,0.056736
3370,56.15,2.209236,0.053264
3371,56.166667,2.055139,0.049722
3372,56.183333,1.990069,0.048889
3373,56.2,1.807083,0.044028
3374,56.216667,1.645486,0.03875
3375,56.233333,1.534583,0.037014
3376,56.25,1.389167,0.030903
3377,56.266667,1.275139,0.030764
3378,56.283333,1.170347,0.026875
3379,56.3,1.074583,0.025
3380,56.316667,0.872778,0.021528
3381,56.333333,0.742708,0.014444
3382,56.35,0.648611,0.011875
3383,56.366667,0.605069,0.014236
3384,56.383333,0.481667,0.008403
3385,56.4,0.480278,0.006319
3386,56.416667,0.382361,0.004583
3387,56.433333,0.332569,0.003958
3388,56.45,0.281111,0.002431
3389,56.466667,0.192361,0.000417
3390,56.483333,0.187153,0.0
3391,56.5,0.120764,0.0
3392,56.516667,0.128403,0.0
3393,56.533333,0.004722,0.0
3394,56.55,0.00625,0.0
3395,56.566667,0.006528,0.0
3396,56.583333,0.006875,0.0
3397,56.6,0.001458,0.0
3398,56.616667,0.001458,0.0
3399,56.633333,0.002083,0.0
3400,56.65,0.004306,0.0
3401,56.666667,0.001042,0.0
3402,56.683333,0.000972,0.0
3403,56.7,0.001528,0.0
3404,56.716667,0.00125,0.0
3405,56.733333,0.0,0.0
3406,56.75,0.000347,0.0
3407,56.766667,6.9e-05,0.0
3408,56.783333,0.000278,0.0
3409,56.8,0.006389,0.0
3410,56.816667,5.366181,0.103125
3411,56.833333,0.003403,0.0
3412,56.85,0.004792,0.0
3413,56.866667,7.778889,0.129514
3414,56.883333,5.051528,0.09625
3415,56.9,4.859444,0.095278
3416,56.916667,4.678819,0.093681
3417,56.933333,7.273194,0.116319
3418,56.95,4.102431,0.088681
3419,56.966667,3.898681,0.086667
3420,56.983333,3.701597,0.085139
3421,57.0,3.485208,0.081319
3422,57.016667,3.125208,0.076389
3423,57.033333,0.004792,0.0
3424,57.05,4.317292,0.095208
3425,57.066667,0.014167,0.0
3426,57.083333,2.517361,0.063542
3427,57.1,2.459097,0.063472
3428,57.116667,2.292431,0.058542
3429,57.133333,2.157292,0.054861
3430,57.15,1.958403,0.051389
3431,57.166667,1.795,0.046181
3432,57.183333,1.679653,0.041389
3433,57.2,1.587986,0.040694
3434,57.216667,1.470486,0.037708
3435,57.233333,1.378264,0.031806
3436,57.25,1.275,0.032917
3437,57.266667,1.188681,0.02375
3438,57.283333,1.069028,0.026181
3439,57.3,0.981181,0.018264
3440,57.316667,0.947639,0.017986
3441,57.333333,0.701111,0.012986
3442,57.35,0.617222,0.008333
3443,57.366667,0.537431,0.005694
3444,57.383333,0.497778,0.005417
3445,57.4,0.433264,0.002708
3446,57.416667,0.395417,0.002569
3447,57.433333,0.326597,0.002569
3448,57.45,0.292292,0.001389
3449,57.466667,0.224653,0.000486
3450,57.483333,0.159167,0.0
3451,57.5,0.162569,0.0
3452,57.516667,0.104861,0.0
3453,57.533333,0.115208,0.0
3454,57.55,0.002361,0.0
3455,57.566667,0.002569,0.0
3456,57.583333,0.003125,0.0
3457,57.6,0.005833,0.0
3458,57.616667,0.004653,0.0
3459,57.633333,4.115694,0.098889
3460,57.65,4.844444,0.097014
3461,57.666667,4.740694,0.093889
3462,57.683333,4.603681,0.096597
3463,57.7,4.642431,0.097222
3464,57.716667,4.667847,0.097917
3465,57.733333,4.688403,0.098403
3466,57.75,4.708542,0.096181
3467,57.766667,4.729514,0.098403
3468,57.783333,4.627778,0.098403
3469,57.8,4.593611,0.093681
3470,57.816667,4.523056,0.096458
3471,57.833333,4.411389,0.092917
3472,57.85,4.153542,0.085486
3473,57.866667,4.004653,0.085694
3474,57.883333,3.927014,0.082222
3475,57.9,3.679306,0.079514
3476,57.916667,3.600278,0.074444
3477,57.933333,3.280903,0.07125
3478,57.95,3.140764,0.068611
3479,57.966667,2.99375,0.064583
3480,57.983333,2.83625,0.061667
3481,58.0,2.707917,0.058264
3482,58.016667,2.452986,0.054236
3483,58.033333,2.242778,0.049097
3484,58.05,2.045278,0.046111
3485,58.066667,1.933125,0.044514
3486,58.083333,1.756736,0.041458
3487,58.1,1.625972,0.037292
3488,58.116667,1.493264,0.037431
3489,58.133333,1.389028,0.030417
3490,58.15,1.241667,0.031736
3491,58.166667,1.157708,0.027014
3492,58.183333,1.083611,0.027361
3493,58.2,1.569583,0.035278
3494,58.216667,0.68625,0.014167
3495,58.233333,0.628125,0.015
3496,58.25,0.505278,0.012778
3497,58.266667,0.494167,0.008889
3498,58.283333,0.388889,0.006042
3499,58.3,0.349931,0.005764
3500,58.316667,0.297847,0.003819
3501,58.333333,0.207153,0.002083
3502,58.35,0.193889,0.000278
3503,58.366667,0.115417,0.0
3504,58.383333,0.124097,0.0
3505,58.4,0.004236,0.0
3506,58.416667,0.004792,0.0
3507,58.433333,0.004514,0.0
3508,58.45,0.007639,0.0
3509,58.466667,0.001181,0.0
3510,58.483333,0.001597,0.0
3511,58.5,0.001528,0.0
3512,58.516667,0.005486,0.0
3513,58.533333,0.006389,0.000208
3514,58.55,0.004167,0.0
3515,58.566667,0.007778,0.000208
3516,58.583333,0.004722,6.9e-05
3517,58.6,0.004236,6.9e-05
3518,58.616667,0.002986,0.0
3519,58.633333,0.0,0.0
3520,58.65,0.000208,0.0
3521,58.666667,0.005833,0.000208
3522,58.683333,0.000972,0.0
3523,58.7,0.003681,0.0
3524,58.716667,0.000417,0.0
3525,58.733333,0.002569,6.9e-05
3526,58.75,0.004097,6.9e-05
3527,58.766667,0.005486,0.000139
3528,58.783333,0.007986,0.000278
3529,58.8,0.017778,0.000347
3530,58.816667,0.026042,0.000347
3531,58.833333,0.024722,0.000556
3532,58.85,0.020139,0.000417
3533,58.866667,0.024931,0.000486
3534,58.883333,0.024792,0.000486
3535,58.9,0.024306,0.000556
3536,58.916667,0.020069,0.000417
3537,58.933333,0.014028,0.000278
3538,58.95,0.008542,0.000208
3539,58.966667,0.008333,0.000139
3540,58.983333,0.009375,0.000278
3541,59.0,0.075417,0.000347
3542,59.016667,0.008194,0.000417
3543,59.033333,0.008264,0.000347
3544,59.05,0.007361,0.000278
3545,59.066667,0.006806,0.000208
3546,59.083333,0.006528,0.000139
3547,59.1,0.005347,0.000208
3548,59.116667,0.006181,0.000208
3549,59.133333,0.005972,0.000208
3550,59.15,0.006944,0.000278
3551,59.166667,0.005764,0.000208
3552,59.183333,0.003542,6.9e-05
3553,59.2,0.003472,0.0
3554,59.216667,0.001806,0.0
3555,59.233333,0.001597,0.0
3556,59.25,0.006528,0.000278
3557,59.266667,0.004167,0.0
3558,59.283333,0.002917,0.0
3559,59.3,0.004028,0.000208
3560,59.316667,0.002014,0.0
3561,59.333333,0.0025,0.0
3562,59.35,0.001667,0.0
3563,59.366667,0.000903,0.0
3564,59.383333,0.002222,0.0
3565,59.4,0.003472,0.0
3566,59.416667,0.001875,0.0
3567,59.433333,0.003472,0.0
3568,59.45,0.004097,6.9e-05
3569,59.466667,0.002986,0.0
3570,59.483333,0.007361,0.000139
3571,59.5,0.003264,0.0
3572,59.516667,0.0025,0.0
3573,59.533333,0.0,0.0
3574,59.55,0.003125,6.9e-05
3575,59.566667,0.001181,0.0
3576,59.583333,0.000833,0.0
3577,59.6,0.000278,0.0
3578,59.616667,0.00125,0.0
3579,59.633333,0.002778,0.0
3580,59.65,0.000694,0.0
3581,59.666667,0.0,0.0
3582,59.683333,0.000139,0.0
3583,59.7,0.000278,0.0
3584,59.716667,0.000417,0.0
3585,59.733333,0.0,0.0
3586,59.75,0.0,0.0
3587,59.766667,0.0,0.0
3588,59.783333,0.0,0.0
3589,59.8,0.0,0.0
3590,59.816667,0.0,0.0
3591,59.833333,0.0,0.0
3592,59.85,0.0,0.0
3593,59.866667,0.0,0.0
3594,59.883333,0.001736,0.0
3595,59.9,0.0,0.0
3596,59.916667,6.9e-05,0.0
3597,59.933333,0.0,0.0
3598,59.95,0.004792,6.9e-05
3599,59.966667,0.0,0.0
3600,59.983333,0.0,0.0
3601,60.0,0.021806,0.0
3602,60.016667,9.527292,0.515
3603,60.033333,9.589306,0.500139
3604,60.05,8.665764,0.382778
3605,60.066667,8.701042,0.415972
3606,60.083333,8.455625,0.405972
3607,60.1,7.542847,0.279375
3608,60.116667,6.618889,0.212153
3609,60.133333,0.297778,0.0
3610,60.15,16.428472,0.629375
3611,60.166667,0.161181,0.0
3612,60.183333,4.633681,0.000764
3613,60.2,2.877083,0.0
3614,60.216667,3.146944,6.9e-05
3615,60.233333,2.574653,0.000278
3616,60.25,2.837222,0.000278
3617,60.266667,4.037847,0.001944
3618,60.283333,3.777708,0.001389
3619,60.3,3.845972,0.001944
3620,60.316667,3.688264,0.000833
3621,60.333333,0.039653,0.0
3622,60.35,0.10875,0.0
3623,60.366667,4.188889,0.020486
3624,60.383333,1.657153,0.000347
3625,60.4,1.046181,0.000417
3626,60.416667,1.440347,0.000417
3627,60.433333,0.040347,0.0
3628,60.45,17.517639,0.663542
3629,60.466667,0.032917,0.000556
3630,60.483333,0.854861,0.000625
3631,60.5,0.815486,0.000556
3632,60.516667,1.499514,0.000486
3633,60.533333,0.086389,0.000764
3634,60.55,2.406528,0.002708
3635,60.566667,1.747292,0.000556
3636,60.583333,1.444861,0.000694
3637,60.6,1.101181,0.000764
3638,60.616667,1.058056,0.000972
3639,60.633333,0.063125,0.0
3640,60.65,1.086528,0.0025
3641,60.666667,0.368681,0.000417
3642,60.683333,0.500347,0.000347
3643,60.7,0.33875,0.000486
3644,60.716667,0.251042,0.0
3645,60.733333,0.518403,0.000486
3646,60.75,0.301181,0.000347
3647,60.766667,0.395069,0.000764
3648,60.783333,0.500833,0.000556
3649,60.8,0.209653,0.001389
3650,60.816667,0.28375,0.001319
3651,60.833333,0.599236,0.000833
3652,60.85,0.150139,0.001181
3653,60.866667,0.166736,0.000972
3654,60.883333,0.167778,0.000903
3655,60.9,0.185556,0.000833
3656,60.916667,0.214722,0.000764
3657,60.933333,0.146319,0.000972
3658,60.95,0.480486,0.000903
3659,60.966667,0.171875,0.000833
3660,60.983333,0.112917,0.000833
3661,61.0,0.266458,0.000417
3662,61.016667,0.055,0.000417
3663,61.033333,0.074722,0.000625
3664,61.05,0.062153,0.000625
3665,61.066667,0.062361,0.000556
3666,61.083333,0.060972,0.000486
3667,61.1,1.869792,0.037222
3668,61.116667,0.987361,0.013889
3669,61.133333,0.927708,0.000694
3670,61.15,1.092014,0.000417
3671,61.166667,1.07,0.000347
3672,61.183333,1.094306,0.000139
3673,61.2,1.041597,0.000139
3674,61.216667,0.918958,0.000278
3675,61.233333,0.857639,0.000208
3676,61.25,0.90875,0.0
3677,61.266667,0.831181,6.9e-05
3678,61.283333,0.666111,6.9e-05
3679,61.3,0.707153,0.0
3680,61.316667,0.637847,0.0
3681,61.333333,0.324167,0.0
3682,61.35,0.75625,0.0
3683,61.366667,0.540625,0.0
3684,61.383333,0.509653,0.0
3685,61.4,0.366944,0.0
3686,61.416667,0.358194,0.0
3687,61.433333,0.192361,0.0
3688,61.45,0.459514,0.000278
3689,61.466667,0.269583,0.0
3690,61.483333,0.294653,0.0
3691,61.5,0.29875,0.0
3692,61.516667,0.203542,0.0
3693,61.533333,0.161736,0.0
3694,61.55,0.285278,0.000694
3695,61.566667,0.206667,0.0
3696,61.583333,0.208611,0.0
3697,61.6,0.190278,0.0
3698,61.616667,0.260139,6.9e-05
3699,61.633333,0.073958,0.0
3700,61.65,0.177292,0.001181
3701,61.666667,0.094722,0.0
3702,61.683333,0.16625,0.0
3703,61.7,0.098333,0.0
3704,61.716667,0.114444,0.0
3705,61.733333,0.030139,0.0
3706,61.75,0.101944,0.0
3707,61.766667,0.031667,0.0
3708,61.783333,0.092222,0.0
3709,61.8,0.053056,0.0
3710,61.816667,0.046736,0.0
3711,61.833333,0.043819,0.0
3712,61.85,0.095972,0.0
3713,61.866667,0.040903,0.0
3714,61.883333,0.041736,0.0
3715,61.9,0.031319,0.0
3716,61.916667,0.051111,0.0
3717,61.933333,0.022083,0.0
3718,61.95,0.049792,0.0
3719,61.966667,0.023125,0.0
3720,61.983333,0.751944,0.016319
3721,62.0,1.571181,0.021181
3722,62.016667,4.806806,0.035833
3723,62.033333,5.166667,0.046667
3724,62.05,9.343194,0.383958
3725,62.066667,0.005417,0.0
3726,62.083333,4.525,0.037222
3727,62.1,3.185903,0.000417
3728,62.116667,3.657083,0.001667
3729,62.133333,2.428819,0.0
3730,62.15,2.699792,0.0
3731,62.166667,2.295833,6.9e-05
3732,62.183333,2.384375,0.0
3733,62.2,2.185069,6.9e-05
3734,62.216667,8.621528,0.346111
3735,62.233333,8.440694,0.339097
3736,62.25,8.692431,0.341389
3737,62.266667,8.24875,0.325764
3738,62.283333,7.49625,0.254444
3739,62.3,7.226667,0.224583
3740,62.316667,6.793403,0.199514
3741,62.333333,6.511181,0.161111
3742,62.35,4.923333,0.018819
3743,62.366667,4.795486,0.003958
3744,62.383333,4.396667,0.0025
3745,62.4,4.087361,0.000486
3746,62.416667,3.031111,0.000694
3747,62.433333,2.796181,0.002639
3748,62.45,2.684722,0.000764
3749,62.466667,2.532986,0.000556
3750,62.483333,1.854167,0.000347
3751,62.5,1.663056,0.000278
3752,62.516667,1.633194,0.000486
3753,62.533333,1.470833,0.000278
3754,62.55,0.988403,0.000417
3755,62.566667,1.219375,0.000417
3756,62.583333,0.872917,0.000556
3757,62.6,0.933819,0.000556
3758,62.616667,0.909653,0.001181
3759,62.633333,0.605903,0.000417
3760,62.65,0.687708,0.000486
3761,62.666667,0.461597,0.000417
3762,62.683333,0.33875,0.000417
3763,62.7,0.435347,0.000625
3764,62.716667,0.417431,0.000556
3765,62.733333,0.434167,0.000556
3766,62.75,0.321736,0.000625
3767,62.766667,0.233333,0.000625
3768,62.783333,0.4525,0.000625
3769,62.8,0.257569,0.000347
3770,62.816667,0.258403,0.000347
3771,62.833333,0.177986,0.000278
3772,62.85,0.12875,0.000278
3773,62.866667,0.069514,0.000139
3774,62.883333,0.052917,0.000208
3775,62.9,0.23625,0.000208
3776,62.916667,0.167361,0.000417
3777,62.933333,0.223403,0.000208
3778,62.95,0.132222,0.000417
3779,62.966667,0.049097,0.000347
3780,62.983333,0.03625,0.000347
3781,63.0,0.155903,0.000139
3782,63.016667,0.078889,0.0
3783,63.033333,0.038472,0.000208
3784,63.05,0.032778,0.000347
3785,63.066667,0.040069,0.000417
3786,63.083333,0.049167,0.000486
3787,63.1,0.037292,0.000417
3788,63.116667,0.038611,0.000486
3789,63.133333,0.046111,0.000556
3790,63.15,0.039792,0.000625
3791,63.166667,0.026319,0.000486
3792,63.183333,0.023819,0.000417
3793,63.2,0.025069,0.000417
3794,63.216667,0.023819,0.000347
3795,63.233333,0.022014,0.000278
3796,63.25,0.017083,0.000347
3797,63.266667,0.019722,0.000347
3798,63.283333,0.015694,0.000208
3799,63.3,0.009653,0.000208
3800,63.316667,0.011319,0.000278
3801,63.333333,0.010764,0.000139
3802,63.35,0.009653,0.000139
3803,63.366667,0.027014,6.9e-05
3804,63.383333,0.007569,0.000278
3805,63.4,0.008819,0.000278
3806,63.416667,0.007639,0.000139
3807,63.433333,0.004722,0.0
3808,63.45,0.002569,0.0
3809,63.466667,0.005625,0.000139
3810,63.483333,0.0075,0.000139
3811,63.5,0.007153,0.000278
3812,63.516667,0.000972,0.0
3813,63.533333,0.000694,0.0
3814,63.55,0.002639,0.0
3815,63.566667,0.000556,0.0
3816,63.583333,0.001875,0.0
3817,63.6,0.003056,0.0
3818,63.616667,0.002778,0.0
3819,63.633333,0.001667,0.0
3820,63.65,0.002083,0.0
3821,63.666667,0.001528,0.0
3822,63.683333,0.001389,0.0
3823,63.7,0.003889,0.0
3824,63.716667,0.003681,0.0
3825,63.733333,0.002917,0.0
3826,63.75,0.013403,0.000347
3827,63.766667,0.006319,0.0
3828,63.783333,0.001042,0.0
3829,63.8,0.001389,0.0
3830,63.816667,0.001181,0.0
3831,63.833333,0.000347,0.0
3832,63.85,0.001875,0.0
3833,63.866667,0.000347,0.0
3834,63.883333,0.000903,0.0
3835,63.9,0.000139,0.0
3836,63.916667,0.0,0.0
3837,63.933333,0.0,0.0
3838,63.95,0.000139,0.0
3839,63.966667,6.9e-05,0.0
3840,63.983333,0.0,0.0
3841,64.0,0.088056,0.0
3842,64.016667,0.001111,0.0
3843,64.033333,0.001389,0.0
3844,64.05,0.005069,0.000208
3845,64.066667,0.001736,0.0
3846,64.083333,0.000347,0.0
3847,64.1,0.001528,0.0
3848,64.116667,0.003542,0.0
3849,64.133333,0.0,0.0
3850,64.15,6.9e-05,0.0
3851,64.166667,6.9e-05,0.0
3852,64.183333,0.0,0.0
3853,64.2,0.0,0.0
3854,64.216667,0.0,0.0
3855,64.233333,0.0,0.0
3856,64.25,0.000764,0.0
3857,64.266667,0.0,0.0
3858,64.283333,0.0,0.0
3859,64.3,6.9e-05,0.0
3860,64.316667,0.000139,0.0
3861,64.333333,0.004861,0.000139
3862,64.35,0.000417,0.0
3863,64.366667,0.000208,0.0
3864,64.383333,9.4675,0.505764
3865,64.4,9.353472,0.485486
3866,64.416667,8.911042,0.435278
3867,64.433333,9.057917,0.474861
3868,64.45,7.729236,0.290556
3869,64.466667,7.887361,0.332222
3870,64.483333,6.250694,0.149653
3871,64.5,6.395903,0.165
3872,64.516667,5.162083,0.012778
3873,64.533333,5.313056,0.020556
3874,64.55,0.214167,0.000347
3875,64.566667,4.742569,0.002431
3876,64.583333,2.890417,0.000417
3877,64.6,3.157639,0.000556
3878,64.616667,2.504444,0.000556
3879,64.633333,3.064514,0.000764
3880,64.65,0.095417,0.000625
3881,64.666667,4.396944,0.008681
3882,64.683333,3.82125,0.001111
3883,64.7,3.695139,0.000694
3884,64.716667,3.602292,0.002361
3885,64.733333,0.041528,0.0
3886,64.75,4.538958,0.029444
3887,64.766667,1.321736,0.000625
3888,64.783333,1.258056,0.000833
3889,64.8,1.528958,0.000694
3890,64.816667,3.721111,0.009028
3891,64.833333,0.101597,0.0
3892,64.85,16.439306,0.656667
3893,64.866667,1.190764,0.000556
3894,64.883333,1.362431,0.000764
3895,64.9,1.224931,0.000625
3896,64.916667,1.122222,0.000556
3897,64.933333,0.401042,0.0
3898,64.95,1.373542,0.001944
3899,64.966667,0.839583,0.000347
3900,64.983333,0.692361,0.000417
3901,65.0,1.239306,0.001944
3902,65.016667,0.172361,0.0
3903,65.033333,0.230903,0.0
3904,65.05,0.676528,0.0
3905,65.066667,1.343889,0.014514
3906,65.083333,0.548958,0.004028
3907,65.1,1.254097,0.001944
3908,65.116667,0.472292,0.000417
3909,65.133333,0.235139,0.0
3910,65.15,0.837292,0.0
3911,65.166667,0.423542,0.0
3912,65.183333,0.3375,0.0
3913,65.2,0.297361,0.0
3914,65.216667,0.642639,0.0
3915,65.233333,0.627917,0.0
3916,65.25,0.288681,0.0
3917,65.266667,0.206875,0.000278
3918,65.283333,0.285,0.000486
3919,65.3,0.155069,0.000556
3920,65.316667,0.095694,0.000139
3921,65.333333,0.059861,0.000208
3922,65.35,0.061042,0.000347
3923,65.366667,1.099792,0.023403
3924,65.383333,0.326806,0.000417
3925,65.4,0.434514,0.000347
3926,65.416667,0.385903,0.000208
3927,65.433333,0.469514,0.000278
3928,65.45,0.225833,0.000278
3929,65.466667,0.349722,0.000417
3930,65.483333,0.305139,0.000625
3931,65.5,0.402986,0.000833
3932,65.516667,0.191042,0.000556
3933,65.533333,0.267431,0.000694
3934,65.55,0.1975,0.000625
3935,65.566667,0.263403,0.000625
3936,65.583333,0.138819,0.001111
3937,65.6,0.23625,0.000972
3938,65.616667,0.181667,0.000972
3939,65.633333,0.1425,0.0
3940,65.65,0.177986,0.003125
3941,65.666667,0.166597,0.000139
3942,65.683333,0.119583,0.000556
3943,65.7,0.20375,0.0
3944,65.716667,0.073681,0.000833
3945,65.733333,0.015903,0.0
3946,65.75,0.167153,0.002222
3947,65.766667,0.080069,0.000208
3948,65.783333,0.140208,0.000208
3949,65.8,0.073194,0.0
3950,65.816667,0.086111,0.000694
3951,65.833333,0.071875,0.0
3952,65.85,0.144444,6.9e-05
3953,65.866667,0.071944,0.000139
3954,65.883333,0.099375,0.000625
3955,65.9,0.079444,0.0
3956,65.916667,0.103472,0.000972
3957,65.933333,0.075208,0.000486
3958,65.95,0.083681,0.0
3959,65.966667,0.063542,0.000278
3960,65.983333,4.881111,0.020694
3961,66.0,5.313889,0.045139
3962,66.016667,5.018264,0.036458
3963,66.033333,5.173264,0.037014
3964,66.05,3.951875,0.009931
3965,66.066667,4.115139,0.014792
3966,66.083333,0.040556,0.0
3967,66.1,7.155972,0.124167
3968,66.116667,2.225625,0.0
3969,66.133333,2.717778,0.0
3970,66.15,0.07375,0.0
3971,66.166667,4.392917,0.003542
3972,66.183333,1.477917,0.0
3973,66.2,9.648542,0.386944
3974,66.216667,9.432847,0.362639
3975,66.233333,9.511736,0.416111
3976,66.25,9.13,0.369236
3977,66.266667,0.044375,0.0
3978,66.283333,17.033333,0.709722
3979,66.3,0.047917,0.0
3980,66.316667,14.480208,0.702083
3981,66.333333,0.090069,0.0
3982,66.35,11.468889,0.605417
3983,66.366667,4.701042,0.0
3984,66.383333,4.305208,0.000833
3985,66.4,6.896875,0.109514
3986,66.416667,2.882014,0.000556
3987,66.433333,2.452431,0.0
3988,66.45,0.167778,0.0
3989,66.466667,2.24625,0.000417
3990,66.483333,1.921806,0.0
3991,66.5,1.538194,0.0
3992,66.516667,1.395,6.9e-05
3993,66.533333,0.241806,0.0
3994,66.55,2.519097,0.002708
3995,66.566667,0.9725,0.000139
3996,66.583333,1.04,0.000139
3997,66.6,0.916597,6.9e-05
3998,66.616667,0.517431,0.0
3999,66.633333,0.761875,0.0
4000,66.65,0.214375,0.0
4001,66.666667,0.827778,6.9e-05
4002,66.683333,0.364444,6.9e-05
4003,66.7,0.278264,0.0
4004,66.716667,0.051597,0.0
4005,66.733333,0.691389,0.0
4006,66.75,0.371181,0.0
4007,66.766667,21.083333,0.167986
4008,66.783333,0.394444,0.000139
4009,66.8,0.065069,0.000208
4010,66.816667,0.137569,0.000347
4011,66.833333,0.1775,0.000347
4012,66.85,0.050694,0.000347
4013,66.866667,0.06875,0.000486
4014,66.883333,0.363958,0.000347
4015,66.9,0.053264,0.000208
4016,66.916667,0.212986,0.000139
4017,66.933333,0.094722,0.0
4018,66.95,0.035833,0.0
4019,66.966667,0.027778,0.0
4020,66.983333,0.058611,0.0
4021,67.0,0.137014,0.0
4022,67.016667,0.018889,0.0
4023,67.033333,0.064097,0.0
4024,67.05,0.025556,0.0
4025,67.066667,0.02375,0.0
4026,67.083333,0.025417,0.0
4027,67.1,0.02625,0.0
4028,67.116667,0.022569,0.0
4029,67.133333,0.030347,0.0
4030,67.15,0.014722,0.000278
4031,67.166667,0.028472,0.000417
4032,67.183333,0.018819,0.000347
4033,67.2,0.011111,0.0
4034,67.216667,0.006944,0.000139
4035,67.233333,0.004375,0.0
4036,67.25,0.006528,0.0
4037,67.266667,0.020347,0.000347
4038,67.283333,0.008194,0.000208
4039,67.3,0.006528,0.000139
4040,67.316667,0.006875,6.9e-05
4041,67.333333,0.005694,0.0
4042,67.35,0.007014,6.9e-05
4043,67.366667,0.008611,6.9e-05
4044,67.383333,0.007222,6.9e-05
4045,67.4,0.010208,0.000139
4046,67.416667,0.000903,0.0
4047,67.433333,0.002222,0.0
4048,67.45,0.008194,0.000139
4049,67.466667,0.002778,0.0
4050,67.483333,0.005,0.000139
4051,67.5,0.010486,0.000278
4052,67.516667,0.011181,0.000278
4053,67.533333,0.003611,0.0
4054,67.55,0.0,0.0
4055,67.566667,0.003194,6.9e-05
4056,67.583333,0.001042,0.0
4057,67.6,0.001042,0.0
4058,67.616667,0.000347,0.0
4059,67.633333,0.000417,0.0
4060,67.65,0.000417,0.0
4061,67.666667,0.001458,0.0
4062,67.683333,0.000556,0.0
4063,67.7,0.004583,0.0
4064,67.716667,0.004722,0.0
4065,67.733333,0.005278,0.0
4066,67.75,0.005903,0.0
4067,67.766667,0.015625,0.0
4068,67.783333,5.165347,0.108125
4069,67.8,5.907153,0.112014
4070,67.816667,5.763264,0.109583
4071,67.833333,5.834861,0.111181
4072,67.85,5.879931,0.108472
4073,67.866667,5.867361,0.108264
4074,67.883333,5.783194,0.107083
4075,67.9,5.548264,0.103542
4076,67.916667,5.344444,0.101458
4077,67.933333,5.160972,0.099306
4078,67.95,4.876944,0.093611
4079,67.966667,4.630139,0.088958
4080,67.983333,4.352917,0.082917
4081,68.0,4.184514,0.077708
4082,68.016667,3.887778,0.075208
4083,68.033333,0.006181,0.0
4084,68.05,5.347292,0.094375
4085,68.066667,3.242222,0.062431
4086,68.083333,2.919167,0.060903
4087,68.1,2.798611,0.056944
4088,68.116667,2.742361,0.057292
4089,68.133333,2.562917,0.054861
4090,68.15,2.413611,0.052361
4091,68.166667,2.278264,0.050417
4092,68.183333,2.091458,0.046597
4093,68.2,1.949167,0.044167
4094,68.216667,1.813403,0.043403
4095,68.233333,1.684931,0.040694
4096,68.25,1.525694,0.034722
4097,68.266667,1.419514,0.035208
4098,68.283333,1.280069,0.028611
4099,68.3,1.161597,0.028681
4100,68.316667,1.029792,0.024792
4101,68.333333,0.985694,0.0225
4102,68.35,0.770833,0.017917
4103,68.366667,0.705139,0.014444
4104,68.383333,0.592014,0.011042
4105,68.4,0.576319,0.012292
4106,68.416667,0.433264,0.008403
4107,68.433333,0.042014,0.0
4108,68.45,0.761806,0.016528
4109,68.466667,0.312083,0.002986
4110,68.483333,0.237153,0.002083
4111,68.5,0.211181,0.001111
4112,68.516667,0.128194,0.0
4113,68.533333,0.087431,0.0
4114,68.55,0.136389,0.000278
4115,68.566667,0.071875,0.0
4116,68.583333,0.003125,0.0
4117,68.6,0.003819,0.0
4118,68.616667,0.005694,0.0
4119,68.633333,0.006319,0.0
4120,68.65,0.001458,0.0
4121,68.666667,0.001667,0.0
4122,68.683333,0.002083,0.0
4123,68.7,0.004097,0.0
4124,68.716667,0.000694,0.0
4125,68.733333,0.001042,0.0
4126,68.75,0.001389,0.0
4127,68.766667,0.001667,0.0
4128,68.783333,0.000347,0.0
4129,68.8,0.000833,0.0
4130,68.816667,0.000833,0.0
4131,68.833333,0.000764,0.0
4132,68.85,0.000556,0.0
4133,68.866667,0.000764,0.0
4134,68.883333,0.000764,0.0
4135,68.9,0.001042,0.0
4136,68.916667,0.008472,0.000139
4137,68.933333,0.000347,0.0
4138,68.95,0.0,0.0
4139,68.966667,0.003125,6.9e-05
4140,68.983333,0.0,0.0
4141,69.0,0.061944,0.0
4142,69.016667,0.0,0.0
4143,69.033333,0.000417,0.0
4144,69.05,0.007083,0.000208
4145,69.066667,0.003333,0.0
4146,69.083333,0.0,0.0
4147,69.1,0.0,0.0
4148,69.116667,0.0,0.0
4149,69.133333,0.000139,0.0
4150,69.15,0.004236,0.000139
4151,69.166667,0.000347,0.0
4152,69.183333,0.0,0.0
4153,69.2,0.000417,0.0
4154,69.216667,0.000278,0.0
4155,69.233333,0.000486,0.0
4156,69.25,0.0,0.0
4157,69.266667,0.000208,0.0
4158,69.283333,6.9e-05,0.0
4159,69.3,0.000278,0.0
4160,69.316667,0.011458,0.0
4161,69.333333,5.712083,0.108403
4162,69.35,0.006458,0.0
4163,69.366667,6.139097,0.111042
4164,69.383333,4.743194,0.088542
4165,69.4,4.505139,0.086181
4166,69.416667,4.579375,0.084236
4167,69.433333,0.008194,0.0
4168,69.45,5.699167,0.104306
4169,69.466667,0.021111,0.0
4170,69.483333,5.723958,0.101181
4171,69.5,0.020278,0.0
4172,69.516667,5.724097,0.099653
4173,69.533333,4.269097,0.077153
4174,69.55,0.016319,0.0
4175,69.566667,5.995833,0.101042
4176,69.583333,3.578889,0.068958
4177,69.6,0.011389,0.0
4178,69.616667,5.118819,0.086528
4179,69.633333,0.028542,0.0
4180,69.65,4.407986,0.073264
4181,69.666667,0.015903,0.0
4182,69.683333,0.014583,6.9e-05
4183,69.7,4.722917,0.077569
4184,69.716667,1.762917,0.032986
4185,69.733333,0.028125,0.0
4186,69.75,0.011528,0.0
4187,69.766667,4.160903,0.06625
4188,69.783333,0.006458,0.0
4189,69.8,0.011667,0.0
4190,69.816667,2.145,0.041458
4191,69.833333,0.983264,0.023194
4192,69.85,0.007292,0.0
4193,69.866667,0.018958,0.0
4194,69.883333,2.091042,0.038472
4195,69.9,0.015625,0.0
4196,69.916667,0.021111,0.0
4197,69.933333,1.629583,0.030764
4198,69.95,0.018125,0.0
4199,69.966667,0.330556,0.005903
4200,69.983333,0.234167,0.004583
4201,70.0,0.065,0.0
4202,70.016667,0.421389,0.009097
4203,70.033333,0.030764,0.0
4204,70.05,0.025903,0.0
4205,70.066667,0.401944,0.010417
4206,70.083333,0.004792,0.0
4207,70.1,0.007292,0.0
4208,70.116667,0.005833,0.0
4209,70.133333,0.010833,0.0
4210,70.15,0.001319,0.0
4211,70.166667,0.001042,0.0
4212,70.183333,0.001042,0.0
4213,70.2,0.002431,0.0
4214,70.216667,0.000278,0.0
4215,70.233333,6.9e-05,0.0
4216,70.25,6.9e-05,0.0
4217,70.266667,0.176736,0.0
4218,70.283333,0.002569,0.0
4219,70.3,0.000694,0.0
4220,70.316667,6.9e-05,0.0
4221,70.333333,6.9e-05,0.0
4222,70.35,0.000972,0.0
4223,70.366667,0.000417,0.0
4224,70.383333,0.000625,0.0
4225,70.4,0.000694,0.0
4226,70.416667,0.0,0.0
4227,70.433333,0.000139,0.0
4228,70.45,0.000208,0.0
4229,70.466667,0.0,0.0
4230,70.483333,0.0,0.0
4231,70.5,0.0,0.0
4232,70.516667,0.0,0.0
4233,70.533333,0.0,0.0
4234,70.55,0.011736,0.0
4235,70.566667,0.024028,0.0
4236,70.583333,4.339583,0.070972
4237,70.6,4.802569,0.073125
4238,70.616667,4.604167,0.063681
4239,70.633333,4.573958,0.065347
4240,70.65,4.554861,0.062708
4241,70.666667,4.433611,0.065486
4242,70.683333,4.214931,0.065833
4243,70.7,3.995833,0.062708
4244,70.716667,0.03125,0.0
4245,70.733333,3.915833,0.059236
4246,70.75,5.037708,0.078194
4247,70.766667,3.4775,0.055069
4248,70.783333,3.194861,0.048611
4249,70.8,3.097014,0.048611
4250,70.816667,0.014097,0.0
4251,70.833333,0.027778,0.0
4252,70.85,4.707222,0.072847
4253,70.866667,2.713889,0.048333
4254,70.883333,2.698819,0.054375
4255,70.9,4.015972,0.064722
4256,70.916667,2.254722,0.045903
4257,70.933333,2.088403,0.044792
4258,70.95,1.939861,0.044653
4259,70.966667,1.760139,0.042292
4260,70.983333,1.627431,0.040069
4261,71.0,1.526111,0.035347
4262,71.016667,1.402778,0.038819
4263,71.033333,1.290833,0.034861
4264,71.05,1.166944,0.034167
4265,71.066667,1.09375,0.028958
4266,71.083333,0.973403,0.030278
4267,71.1,0.880278,0.025625
4268,71.116667,0.019167,0.0
4269,71.133333,0.860486,0.027847
4270,71.15,1.093611,0.030417
4271,71.166667,0.466667,0.014097
4272,71.183333,0.407639,0.010833
4273,71.2,0.333264,0.006806
4274,71.216667,0.006111,0.0
4275,71.233333,0.007569,0.0
4276,71.25,0.815486,0.025
4277,71.266667,0.184514,0.000417
4278,71.283333,0.140417,0.000139
4279,71.3,0.139167,0.0
4280,71.316667,0.075972,0.0
4281,71.333333,0.088542,0.0
4282,71.35,0.003681,0.0
4283,71.366667,0.006111,0.0
4284,71.383333,0.005417,0.0
4285,71.4,0.008958,0.0
4286,71.416667,0.000347,0.0
4287,71.433333,0.000625,0.0
4288,71.45,0.002014,0.0
4289,71.466667,0.001806,0.0
4290,71.483333,0.000903,0.0
4291,71.5,0.000903,0.0
4292,71.516667,0.0,0.0
4293,71.533333,0.0,0.0
4294,71.55,0.000903,0.0
4295,71.566667,0.003125,6.9e-05
4296,71.583333,0.0,0.0
4297,71.6,0.000278,0.0
4298,71.616667,0.000903,0.0
4299,71.633333,0.002847,0.0
4300,71.65,5.708958,0.094722
4301,71.666667,4.762778,0.079792
4302,71.683333,4.750208,0.078403
4303,71.7,4.565208,0.073472
4304,71.716667,0.022569,0.0
4305,71.733333,0.004167,0.0
4306,71.75,6.770208,0.103681
4307,71.766667,3.727778,0.059931
4308,71.783333,3.64625,0.058472
4309,71.8,4.408333,0.071319
4310,71.816667,2.933542,0.050139
4311,71.833333,2.742917,0.047639
4312,71.85,2.498333,0.041944
4313,71.866667,2.309375,0.035764
4314,71.883333,1.959583,0.035139
4315,71.9,1.85125,0.030486
4316,71.916667,0.006597,0.0
4317,71.933333,0.008681,0.0
4318,71.95,2.94125,0.045278
4319,71.966667,1.445972,0.027569
4320,71.983333,1.377986,0.026944
4321,72.0,1.272222,0.025833
4322,72.016667,0.000972,0.0
4323,72.033333,0.001042,0.0
4324,72.05,2.480347,0.041181
4325,72.066667,0.937083,0.020833
4326,72.083333,0.877986,0.017222
4327,72.1,0.800278,0.018958
4328,72.116667,0.744306,0.013472
4329,72.133333,0.664722,0.016528
4330,72.15,0.637778,0.013264
4331,72.166667,0.580069,0.014514
4332,72.183333,0.410764,0.008125
4333,72.2,0.352222,0.005972
4334,72.216667,0.003681,0.0
4335,72.233333,0.002431,0.0
4336,72.25,0.768403,0.018264
4337,72.266667,0.231944,0.003889
4338,72.283333,0.168403,0.002361
4339,72.3,0.152708,0.002083
4340,72.316667,0.004931,0.0
4341,72.333333,0.007917,0.0
4342,72.35,0.190903,0.003056
4343,72.366667,0.105417,6.9e-05
4344,72.383333,0.03375,0.0
4345,72.4,0.040208,0.0
4346,72.416667,0.010556,0.0
4347,72.433333,0.021042,0.0
4348,72.45,0.000486,0.0
4349,72.466667,0.001319,0.0
4350,72.483333,0.001667,0.0
4351,72.5,0.000764,0.0
4352,72.516667,0.000208,0.0
4353,72.533333,0.000347,0.0
4354,72.55,0.003125,6.9e-05
4355,72.566667,0.001042,0.0
4356,72.583333,0.000694,0.0
4357,72.6,0.000833,0.0
4358,72.616667,0.0,0.0
4359,72.633333,0.000278,0.0
4360,72.65,0.000556,0.0
4361,72.666667,0.000833,0.0
4362,72.683333,0.000694,0.0
4363,72.7,0.000764,0.0
4364,72.716667,0.000764,0.0
4365,72.733333,0.005833,0.000208
4366,72.75,0.000625,0.0
4367,72.766667,0.000625,0.0
4368,72.783333,0.004444,0.0
4369,72.8,0.003958,0.0
4370,72.816667,0.020069,0.0
4371,72.833333,2.169167,0.046597
4372,72.85,2.882361,0.048889
4373,72.866667,2.828542,0.047361
4374,72.883333,2.872639,0.052986
4375,72.9,3.018194,0.054236
4376,72.916667,0.015764,0.0
4377,72.933333,0.015833,0.0
4378,72.95,5.355069,0.084167
4379,72.966667,3.410764,0.062986
4380,72.983333,3.379583,0.064028
4381,73.0,3.522014,0.065903
4382,73.016667,0.029444,0.0
4383,73.033333,4.825556,0.084861
4384,73.05,3.373681,0.069514
4385,73.066667,3.293542,0.0675
4386,73.083333,3.268403,0.069097
4387,73.1,3.105694,0.071458
4388,73.116667,3.037847,0.065833
4389,73.133333,2.840278,0.064792
4390,73.15,2.736111,0.065486
4391,73.166667,2.619861,0.062153
4392,73.183333,2.436806,0.060069
4393,73.2,2.289375,0.057361
4394,73.216667,0.029722,0.0
4395,73.233333,0.015694,0.0
4396,73.25,4.450972,0.085833
4397,73.266667,1.713819,0.044375
4398,73.283333,1.527083,0.039861
4399,73.3,1.413056,0.035972
4400,73.316667,0.03375,0.0
4401,73.333333,2.374028,0.055972
4402,73.35,1.116389,0.028125
4403,73.366667,1.026667,0.024514
4404,73.383333,0.946042,0.021944
4405,73.4,0.785625,0.019097
4406,73.416667,0.035417,0.0
4407,73.433333,0.033056,0.0
4408,73.45,1.731875,0.043958
4409,73.466667,0.466181,0.007153
4410,73.483333,0.434514,0.005694
4411,73.5,0.352222,0.004375
4412,73.516667,0.035833,0.0
4413,73.533333,0.026042,0.0
4414,73.55,0.550625,0.008958
4415,73.566667,0.172639,0.000417
4416,73.583333,0.169306,0.0
4417,73.6,0.132292,0.0
4418,73.616667,0.132014,0.0
4419,73.633333,0.002083,0.0
4420,73.65,0.002014,0.0
4421,73.666667,0.003542,0.0
4422,73.683333,0.004375,0.0
4423,73.7,0.001667,0.0
4424,73.716667,0.001528,0.0
4425,73.733333,0.003333,0.0
4426,73.75,0.002778,0.0
4427,73.766667,0.000625,0.0
4428,73.783333,0.001042,0.0
4429,73.8,0.000556,0.0
4430,73.816667,0.000833,0.0
4431,73.833333,0.031458,0.0
4432,73.85,0.015694,0.0
4433,73.866667,5.019861,0.096806
4434,73.883333,6.184722,0.102569
4435,73.9,6.094167,0.098611
4436,73.916667,0.008889,0.0
4437,73.933333,0.008125,0.0
4438,73.95,8.166319,0.126319
4439,73.966667,5.151042,0.086806
4440,73.983333,4.864722,0.083681
4441,74.0,4.621181,0.079653
4442,74.016667,0.016736,0.0
4443,74.033333,4.316528,0.075069
4444,74.05,5.345069,0.093264
4445,74.066667,4.046736,0.064931
4446,74.083333,3.842847,0.062222
4447,74.1,3.683125,0.06
4448,74.116667,3.5075,0.057153
4449,74.133333,3.052292,0.050833
4450,74.15,3.019444,0.049236
4451,74.166667,2.653056,0.045208
4452,74.183333,2.541458,0.04375
4453,74.2,2.388958,0.038333
4454,74.216667,0.027639,0.0
4455,74.233333,0.027778,0.0
4456,74.25,4.629236,0.069583
4457,74.266667,1.792639,0.032639
4458,74.283333,1.666528,0.030208
4459,74.3,1.541806,0.029028
4460,74.316667,0.026944,0.0
4461,74.333333,0.018403,0.0
4462,74.35,2.552917,0.043681
4463,74.366667,1.148819,0.025069
4464,74.383333,1.147361,0.021736
4465,74.4,0.970417,0.021667
4466,74.416667,1.701528,0.031389
4467,74.433333,0.660903,0.012639
4468,74.45,0.570347,0.010625
4469,74.466667,0.511181,0.010139
4470,74.483333,0.406181,0.009028
4471,74.5,0.392917,0.008958
4472,74.516667,0.021736,0.0
4473,74.533333,0.623958,0.011181
4474,74.55,0.264583,0.004444
4475,74.566667,0.231458,0.003056
4476,74.583333,0.140903,0.002431
4477,74.6,0.121389,0.0
4478,74.616667,0.048611,0.0
4479,74.633333,0.138125,0.002153
4480,74.65,0.003056,0.0
4481,74.666667,0.002153,0.0
4482,74.683333,0.003264,0.0
4483,74.7,0.004722,0.0
4484,74.716667,0.001181,0.0
4485,74.733333,0.001458,0.0
4486,74.75,0.002153,0.0
4487,74.766667,0.001944,0.0
4488,74.783333,0.000556,0.0
4489,74.8,0.000903,0.0
4490,74.816667,0.000417,0.0
4491,74.833333,0.000278,0.0
4492,74.85,0.000833,0.0
4493,74.866667,0.000833,0.0
4494,74.883333,0.000903,0.0
4495,74.9,0.000694,0.0
4496,74.916667,0.000347,0.0
4497,74.933333,0.000486,0.0
4498,74.95,0.000417,0.0
4499,74.966667,0.000625,0.0
4500,74.983333,0.0,0.0
4501,75.0,0.055972,0.0
4502,75.016667,0.0,0.0
4503,75.033333,0.000208,0.0
4504,75.05,0.0,0.0
4505,75.066667,0.0,0.0
4506,75.083333,0.000278,0.0
4507,75.1,0.0,0.0
4508,75.116667,6.9e-05,0.0
4509,75.133333,0.000278,0.0
4510,75.15,0.000139,0.0
4511,75.166667,0.000139,0.0
4512,75.183333,6.9e-05,0.0
4513,75.2,0.0,0.0
4514,75.216667,0.000208,0.0
4515,75.233333,6.9e-05,0.0
4516,75.25,0.038681,0.0
4517,75.266667,4.14875,0.075417
4518,75.283333,4.504583,0.080972
4519,75.3,4.778889,0.082778
4520,75.316667,0.012569,0.0
4521,75.333333,0.016667,0.0
4522,75.35,7.004792,0.113819
4523,75.366667,4.857361,0.087083
4524,75.383333,4.724722,0.085764
4525,75.4,4.576181,0.085
4526,75.416667,6.308681,0.107361
4527,75.433333,4.084861,0.081875
4528,75.45,3.614583,0.077361
4529,75.466667,3.411528,0.075486
4530,75.483333,3.168542,0.069097
4531,75.5,3.081806,0.071181
4532,75.516667,0.003472,0.0
4533,75.533333,0.002361,0.0
4534,75.55,4.070694,0.086181
4535,75.566667,2.789167,0.066111
4536,75.583333,2.565347,0.065556
4537,75.6,2.408472,0.060972
4538,75.616667,3.622431,0.081597
4539,75.633333,2.094931,0.053889
4540,75.65,1.941597,0.051875
4541,75.666667,1.786111,0.046458
4542,75.683333,1.663125,0.042014
4543,75.7,1.569097,0.040556
4544,75.716667,1.473264,0.038958
4545,75.733333,0.008681,0.0
4546,75.75,2.381389,0.064236
4547,75.766667,1.175903,0.02375
4548,75.783333,1.091458,0.02625
4549,75.8,0.987014,0.019583
4550,75.816667,0.9725,0.018958
4551,75.833333,0.694028,0.011597
4552,75.85,0.598681,0.008125
4553,75.866667,0.548889,0.006111
4554,75.883333,0.470556,0.004444
4555,75.9,0.455833,0.003542
4556,75.916667,0.404861,0.0025
4557,75.933333,0.306458,0.001806
4558,75.95,0.299375,0.001944
4559,75.966667,0.232222,0.000486
4560,75.983333,0.162361,0.000139
4561,76.0,0.180833,0.0
4562,76.016667,0.101042,0.0
4563,76.033333,0.109583,0.0
4564,76.05,0.007083,0.0
4565,76.066667,0.010069,0.0
4566,76.083333,0.0075,0.0
4567,76.1,0.015764,0.0
4568,76.116667,0.001736,0.0
4569,76.133333,0.001736,0.0
4570,76.15,0.002708,0.0
4571,76.166667,0.002708,0.0
4572,76.183333,0.001042,0.0
4573,76.2,0.000903,0.0
4574,76.216667,0.002986,0.0
4575,76.233333,0.003611,0.0
4576,76.25,0.000417,0.0
4577,76.266667,0.000764,0.0
4578,76.283333,0.000347,0.0
4579,76.3,0.000903,0.0
4580,76.316667,0.000139,0.0
4581,76.333333,0.000278,0.0
4582,76.35,0.000208,0.0
4583,76.366667,0.000556,0.0
4584,76.383333,0.000139,0.0
4585,76.4,0.000347,0.0
4586,76.416667,6.9e-05,0.0
4587,76.433333,0.000278,0.0
4588,76.45,6.9e-05,0.0
4589,76.466667,6.9e-05,0.0
4590,76.483333,0.000278,0.0
4591,76.5,6.9e-05,0.0
4592,76.516667,0.0,0.0
4593,76.533333,0.0,0.0
4594,76.55,0.0,0.0
4595,76.566667,0.000556,0.0
4596,76.583333,0.006042,0.0
4597,76.6,4.034583,0.097639
4598,76.616667,4.238333,0.097778
4599,76.633333,4.155486,0.0925
4600,76.65,4.019444,0.092708
4601,76.666667,4.021042,0.093194
4602,76.683333,4.112292,0.092292
4603,76.7,4.078889,0.090417
4604,76.716667,4.124653,0.089028
4605,76.733333,4.158889,0.091042
4606,76.75,4.270347,0.092778
4607,76.766667,4.125972,0.087569
4608,76.783333,4.103264,0.090903
4609,76.8,3.973333,0.08625
4610,76.816667,3.811736,0.082917
4611,76.833333,3.635,0.081042
4612,76.85,3.422361,0.074375
4613,76.866667,3.088819,0.070069
4614,76.883333,3.008542,0.067708
4615,76.9,2.747847,0.064861
4616,76.916667,2.522292,0.058333
4617,76.933333,2.443472,0.056736
4618,76.95,2.281181,0.053194
4619,76.966667,2.093264,0.048264
4620,76.983333,1.882639,0.04375
4621,77.0,1.740764,0.040069
4622,77.016667,1.559375,0.035972
4623,77.033333,1.526319,0.036944
4624,77.05,1.300208,0.032431
4625,77.066667,1.234306,0.028056
4626,77.083333,1.112569,0.030903
4627,77.1,1.035556,0.023889
4628,77.116667,0.950139,0.026389
4629,77.133333,0.860625,0.020556
4630,77.15,0.756944,0.020139
4631,77.166667,0.605,0.015139
4632,77.183333,0.541736,0.012778
4633,77.2,0.475208,0.010417
4634,77.216667,0.438542,0.009583
4635,77.233333,0.370903,0.006875
4636,77.25,0.323611,0.005347
4637,77.266667,0.295486,0.003958
4638,77.283333,0.236319,0.002639
4639,77.3,0.222361,0.001944
4640,77.316667,0.135694,0.000278
4641,77.333333,0.1375,0.000278
4642,77.35,0.089653,0.000278
4643,77.366667,0.099792,0.000278
4644,77.383333,0.008194,0.000139
4645,77.4,0.007153,6.9e-05
4646,77.416667,0.008264,0.000208
4647,77.433333,0.009097,0.000139
4648,77.45,0.006181,0.000139
4649,77.466667,0.005764,0.000139
4650,77.483333,0.004028,0.0
4651,77.5,0.003611,0.0
4652,77.516667,0.003889,0.0
4653,77.533333,0.003264,0.0
4654,77.55,0.002639,0.0
4655,77.566667,0.004375,6.9e-05
4656,77.583333,0.001528,0.0
4657,77.6,0.003056,0.0
4658,77.616667,0.002222,0.0
4659,77.633333,0.002222,0.0
4660,77.65,0.002917,0.0
4661,77.666667,0.001736,0.0
4662,77.683333,0.005903,0.000139
4663,77.7,0.005833,0.000139
4664,77.716667,0.004792,6.9e-05
4665,77.733333,0.002639,0.0
4666,77.75,0.002917,0.0
4667,77.766667,0.000486,0.0
4668,77.783333,0.0,0.0
4669,77.8,0.0,0.0
4670,77.816667,6.9e-05,0.0
4671,77.833333,0.0,0.0
4672,77.85,0.0,0.0
4673,77.866667,0.000208,0.0
4674,77.883333,0.000694,0.0
4675,77.9,0.001458,0.0
4676,77.916667,0.0,0.0
4677,77.933333,0.004028,6.9e-05
4678,77.95,0.0,0.0
4679,77.966667,0.0,0.0
4680,77.983333,0.009306,0.0
4681,78.0,9.880625,0.532431
4682,78.016667,9.948125,0.514931
4683,78.033333,8.927222,0.389444
4684,78.05,8.941458,0.424236
4685,78.066667,8.902014,0.422847
4686,78.083333,7.221597,0.213958
4687,78.1,7.510972,0.256806
4688,78.116667,6.351667,0.117986
4689,78.133333,5.560694,0.035208
4690,78.15,4.861042,0.004653
4691,78.166667,4.385,0.000556
4692,78.183333,3.617986,0.000486
4693,78.2,3.281111,0.000486
4694,78.216667,2.800139,0.000556
4695,78.233333,2.901736,0.000694
4696,78.25,4.126944,0.003125
4697,78.266667,3.644375,0.000556
4698,78.283333,3.684514,0.003264
4699,78.3,3.715694,0.002014
4700,78.316667,3.863056,0.004097
4701,78.333333,1.523958,0.000556
4702,78.35,1.835139,0.000625
4703,78.366667,1.098194,0.000556
4704,78.383333,1.096042,0.000486
4705,78.4,1.396944,0.000486
4706,78.416667,17.891458,0.686181
4707,78.433333,0.763056,0.000556
4708,78.45,1.734444,0.000417
4709,78.466667,1.611042,0.000625
4710,78.483333,1.292431,0.000625
4711,78.5,1.155139,0.000556
4712,78.516667,0.96625,0.000556
4713,78.533333,1.029861,0.000556
4714,78.55,0.832292,0.000625
4715,78.566667,0.887778,0.000833
4716,78.583333,0.645347,0.000972
4717,78.6,0.809444,0.000625
4718,78.616667,0.443889,0.000625
4719,78.633333,0.646319,0.000694
4720,78.65,0.422153,0.000347
4721,78.666667,0.340972,0.000486
4722,78.683333,0.570556,0.000417
4723,78.7,0.228542,0.000417
4724,78.716667,0.302153,0.000139
4725,78.733333,0.130486,0.0
4726,78.75,0.388125,0.000347
4727,78.766667,0.200972,0.000208
4728,78.783333,1.506875,0.020069
4729,78.8,0.880278,0.005833
4730,78.816667,0.808056,0.005694
4731,78.833333,0.069792,0.0
4732,78.85,0.072292,0.0
4733,78.866667,0.362639,0.000347
4734,78.883333,0.270208,0.000139
4735,78.9,0.649236,6.9e-05
4736,78.916667,0.964514,0.000208
4737,78.933333,3.005069,0.106319
4738,78.95,0.982639,0.000208
4739,78.966667,0.764236,0.000139
4740,78.983333,0.765208,0.000139
4741,79.0,0.963403,0.0
4742,79.016667,0.666319,0.000139
4743,79.033333,0.603403,0.000208
4744,79.05,0.594653,0.000208
4745,79.066667,0.622292,0.000278
4746,79.083333,0.538403,0.000139
4747,79.1,0.429167,0.000417
4748,79.116667,0.444097,0.000417
4749,79.133333,0.445278,0.000556
4750,79.15,0.432986,0.000347
4751,79.166667,0.303333,0.000556
4752,79.183333,0.355417,0.000694
4753,79.2,0.322292,0.000625
4754,79.216667,0.355486,0.000625
4755,79.233333,0.229722,0.000556
4756,79.25,0.25875,0.000764
4757,79.266667,0.276736,0.000764
4758,79.283333,0.237222,0.000833
4759,79.3,0.225556,0.000694
4760,79.316667,0.254931,0.000694
4761,79.333333,0.084028,0.0
4762,79.35,0.243472,0.001597
4763,79.366667,0.147639,0.000764
4764,79.383333,0.204931,0.000764
4765,79.4,0.155903,0.000694
4766,79.416667,0.221111,0.000833
4767,79.433333,0.070278,0.000486
4768,79.45,0.186458,0.001944
4769,79.466667,0.101042,0.000417
4770,79.483333,0.156042,0.000347
4771,79.5,0.085625,0.000486
4772,79.516667,0.108681,0.000764
4773,79.533333,0.050486,0.000625
4774,79.55,0.018403,0.0
4775,79.566667,1.532778,0.029028
4776,79.583333,0.979097,0.01
4777,79.6,1.112917,0.000625
4778,79.616667,1.066528,0.000625
4779,79.633333,0.288403,0.0
4780,79.65,1.978681,0.010903
4781,79.666667,1.105069,0.000417
4782,79.683333,1.110417,0.000556
4783,79.7,0.892569,0.000694
4784,79.716667,0.868125,0.000486
4785,79.733333,0.867639,0.000139
4786,79.75,0.865694,0.000278
4787,79.766667,0.647569,6.9e-05
4788,79.783333,0.623194,0.0
4789,79.8,0.647847,0.000764
4790,79.816667,0.642639,6.9e-05
4791,79.833333,7.585208,0.133403
4792,79.85,7.546181,0.133403
4793,79.866667,4.605139,0.094722
4794,79.883333,6.207569,0.123125
4795,79.9,4.654514,0.095069
4796,79.916667,5.394514,0.107431
4797,79.933333,3.275694,0.065764
4798,79.95,4.018194,0.090764
4799,79.966667,3.232986,0.060347
4800,79.983333,3.316875,0.067222
4801,80.0,3.355486,0.069931
4802,80.016667,1.767847,0.027708
4803,80.033333,2.439306,0.049653
4804,80.05,2.6,0.058889
4805,80.066667,10.947639,0.194722
4806,80.083333,6.561944,0.132708
4807,80.1,7.386667,0.140972
4808,80.116667,9.457917,0.184792
4809,80.133333,4.324931,0.0825
4810,80.15,5.473542,0.116806
4811,80.166667,5.830069,0.121597
4812,80.183333,6.548403,0.134514
4813,80.2,2.687292,0.050625
4814,80.216667,11.562431,0.195972
4815,80.233333,0.098611,0.0
4816,80.25,11.274514,0.213194
4817,80.266667,9.029514,0.169722
4818,80.283333,8.572153,0.171528
4819,80.3,7.985069,0.167569
4820,80.316667,26.957639,0.409167
4821,80.333333,13.819653,0.273125
4822,80.35,11.608472,0.227708
4823,80.366667,13.428819,0.276667
4824,80.383333,6.972292,0.156389
4825,80.4,9.782083,0.221806
4826,80.416667,9.060556,0.209861
4827,80.433333,11.158542,0.245833
4828,80.45,5.354861,0.137153
4829,80.466667,6.720556,0.164306
4830,80.483333,8.750833,0.198333
4831,80.5,4.629444,0.120486
4832,80.516667,5.775972,0.134028
4833,80.533333,6.855,0.180972
4834,80.55,2.320278,0.045903
4835,80.566667,4.802986,0.123194
4836,80.583333,3.57,0.080417
4837,80.6,4.790556,0.111875
4838,80.616667,2.379167,0.044514
4839,80.633333,3.630278,0.089097
4840,80.65,2.445,0.048819
4841,80.666667,2.393472,0.048889
4842,80.683333,2.388611,0.050625
4843,80.7,1.364514,0.014097
4844,80.716667,2.483125,0.046944
4845,80.733333,1.281111,0.012986
4846,80.75,1.273889,0.016875
4847,80.766667,2.383958,0.043681
4848,80.783333,0.08875,0.0
4849,80.8,1.298264,0.014583
4850,80.816667,1.261458,0.015903
4851,80.833333,1.208542,0.013403
4852,80.85,1.222431,0.014653
4853,80.866667,0.201458,0.0
4854,80.883333,1.214097,0.012292
4855,80.9,0.089028,0.0
4856,80.916667,1.210069,0.0075
4857,80.933333,0.223194,0.0
4858,80.95,0.057708,0.0
4859,80.966667,1.235347,0.012014
4860,80.983333,0.067708,0.0
4861,81.0,0.247153,0.0
4862,81.016667,1.119583,0.017917
4863,81.033333,0.181319,0.0
4864,81.05,0.07875,0.0
4865,81.066667,0.066181,0.0
4866,81.083333,0.128542,0.0
4867,81.1,1.158056,0.017292
4868,81.116667,0.026944,0.0
4869,81.133333,0.030069,0.0
4870,81.15,11.350069,0.272569
4871,81.166667,10.241667,0.25625
4872,81.183333,8.096597,0.202222
4873,81.2,8.307986,0.216736
4874,81.216667,10.197222,0.260139
4875,81.233333,4.711597,0.124583
4876,81.25,15.638264,0.35875
4877,81.266667,17.670347,0.387083
4878,81.283333,9.181875,0.244792
4879,81.3,11.159306,0.312569
4880,81.316667,11.191042,0.309653
4881,81.333333,8.407708,0.232222
4882,81.35,8.649167,0.242153
4883,81.366667,9.656319,0.271597
4884,81.383333,5.457431,0.163958
4885,81.4,6.704653,0.189306
4886,81.416667,7.853958,0.240069
4887,81.433333,3.544792,0.078681
4888,81.45,5.585278,0.167292
4889,81.466667,5.431528,0.153681
4890,81.483333,2.337986,0.034861
4891,81.5,4.308125,0.119931
4892,81.516667,3.392917,0.078958
4893,81.533333,2.175069,0.029514
4894,81.55,3.451528,0.078403
4895,81.566667,3.296042,0.076319
4896,81.583333,1.207986,0.001944
4897,81.6,2.203125,0.029167
4898,81.616667,2.174583,0.026042
4899,81.633333,1.3575,0.001667
4900,81.65,1.114236,0.000417
4901,81.666667,1.188403,0.000625
4902,81.683333,2.370903,0.035903
4903,81.7,8.601736,0.252431
4904,81.716667,9.756736,0.275139
4905,81.733333,11.553889,0.312917
4906,81.75,6.701181,0.190486
4907,81.766667,8.072083,0.235556
4908,81.783333,7.730417,0.228681
4909,81.8,5.758194,0.16
4910,81.816667,7.66625,0.224792
4911,81.833333,4.465069,0.114097
4912,81.85,4.300903,0.110556
4913,81.866667,4.453611,0.109514
4914,81.883333,4.386458,0.113194
4915,81.9,4.426597,0.109444
4916,81.916667,2.277014,0.024167
4917,81.933333,3.392153,0.069861
4918,81.95,3.239167,0.065486
4919,81.966667,1.181042,0.001458
4920,81.983333,2.241667,0.024583
4921,82.0,2.200417,0.021181
4922,82.016667,2.232431,0.024167
4923,82.033333,1.292917,0.001319
4924,82.05,1.246806,0.001736
4925,82.066667,2.127708,0.0225
4926,82.083333,1.122222,0.001528
4927,82.1,1.195972,0.000625
4928,82.116667,1.202778,0.001042
4929,82.133333,1.177847,0.001597
4930,82.15,1.059167,0.000903
4931,82.166667,1.208472,0.000556
4932,82.183333,1.07,0.001319
4933,82.2,0.209028,0.0
4934,82.216667,0.208194,0.0
4935,82.233333,1.045972,0.000486
4936,82.25,0.130972,0.0
4937,82.266667,0.125556,0.0
4938,82.283333,0.990139,0.000972
4939,82.3,0.271389,0.0
4940,82.316667,0.052708,0.0
4941,82.333333,0.032778,0.0
4942,82.35,0.041042,0.0
4943,82.366667,10.449583,0.284653
4944,82.383333,9.384931,0.260903
4945,82.4,10.001319,0.260972
4946,82.416667,8.712917,0.235278
4947,82.433333,0.024167,0.0
4948,82.45,0.050556,0.0
4949,82.466667,14.9525,0.358611
4950,82.483333,6.419514,0.178611
4951,82.5,6.225486,0.171667
4952,82.516667,5.267431,0.134514
4953,82.533333,0.002639,0.0
4954,82.55,8.58625,0.237639
4955,82.566667,5.024167,0.131389
4956,82.583333,3.806875,0.079236
4957,82.6,2.605625,0.038542
4958,82.616667,2.439931,0.043542
4959,82.633333,3.8125,0.090208
4960,82.65,2.572708,0.036319
4961,82.666667,1.388125,0.012361
4962,82.683333,2.525972,0.038542
4963,82.7,1.217778,0.000972
4964,82.716667,2.607222,0.047361
4965,82.733333,0.238889,0.0
4966,82.75,2.462292,0.034444
4967,82.766667,1.269236,0.008403
4968,82.783333,1.315764,0.011181
4969,82.8,0.196944,0.0
4970,82.816667,1.184514,0.012083
4971,82.833333,0.207431,0.0
4972,82.85,1.216667,0.010903
4973,82.866667,1.233403,0.002778
4974,82.883333,0.246944,0.0
4975,82.9,1.244236,0.001389
4976,82.916667,0.284514,0.0
4977,82.933333,1.191528,0.002986
4978,82.95,0.248056,0.0
4979,82.966667,0.181875,0.0
4980,82.983333,1.278472,0.008194
4981,83.0,0.377431,0.0
4982,83.016667,0.012083,0.0
4983,83.033333,0.038125,0.0
4984,83.05,0.054236,0.0
4985,83.066667,1.199722,0.011806
4986,83.083333,0.213819,0.0
4987,83.1,0.077639,0.0
4988,83.116667,0.143542,0.0
4989,83.133333,0.023125,0.0
4990,83.15,0.048403,0.0
4991,83.166667,0.025347,6.9e-05
4992,83.183333,0.042222,0.0
4993,83.2,0.020069,0.000139
4994,83.216667,0.020417,0.0
4995,83.233333,0.019028,0.0
4996,83.25,0.007222,0.0
4997,83.266667,1.155625,0.008681
4998,83.283333,0.184097,6.9e-05
4999,83.3,0.076667,6.9e-05
5000,83.316667,0.167431,0.0
5001,83.333333,0.023472,0.0
5002,83.35,0.032639,0.000139
5003,83.366667,0.028542,0.000139
5004,83.383333,0.022431,0.000208
5005,83.4,0.015139,0.000347
5006,83.416667,0.012222,0.000278
5007,83.433333,0.014167,0.000347
5008,83.45,0.017778,0.000208
5009,83.466667,0.009792,0.000208
5010,83.483333,0.007917,0.000139
5011,83.5,0.006181,6.9e-05
5012,83.516667,0.007847,6.9e-05
5013,83.533333,0.006042,0.0
5014,83.55,0.006875,0.0
5015,83.566667,0.00625,0.0
5016,83.583333,0.007639,0.000139
5017,83.6,0.007083,0.0
5018,83.616667,0.0075,0.0
5019,83.633333,0.005347,0.0
5020,83.65,0.006042,0.0
5021,83.666667,0.004028,0.0
5022,83.683333,0.004375,0.0
5023,83.7,0.005764,0.0
5024,83.716667,0.010903,0.0
5025,83.733333,0.004375,0.0
5026,83.75,0.003819,0.0
5027,83.766667,0.003958,0.0
5028,83.783333,0.004583,0.0
5029,83.8,0.004236,0.0
5030,83.816667,0.003889,0.0
5031,83.833333,0.003819,0.0
5032,83.85,0.004444,0.0
5033,83.866667,0.004306,0.0
5034,83.883333,0.005208,0.0
5035,83.9,0.003056,0.0
5036,83.916667,0.003472,0.0
5037,83.933333,0.001806,0.0
5038,83.95,18.908542,0.421806
5039,83.966667,9.471736,0.254306
5040,83.983333,9.595764,0.259653
5041,84.0,7.238958,0.2025
5042,84.016667,5.980972,0.164722
5043,84.033333,0.068403,0.0
5044,84.05,0.121111,0.0
5045,84.066667,0.137014,0.0
5046,84.083333,7.187431,0.200417
5047,84.1,6.008542,0.169861
5048,84.116667,4.922639,0.129931
5049,84.133333,0.027986,0.0
5050,84.15,0.079792,0.0
5051,84.166667,8.316944,0.230833
5052,84.183333,4.802083,0.127292
5053,84.2,13.266181,0.321181
5054,84.216667,16.550556,0.375694
5055,84.233333,0.056667,0.0
5056,84.25,3.472847,0.074931
5057,84.266667,10.962083,0.275694
5058,84.283333,15.145972,0.345486
5059,84.3,3.449028,0.082847
5060,84.316667,10.669931,0.266528
5061,84.333333,0.045625,0.0
5062,84.35,0.108542,0.0
5063,84.366667,16.157083,0.351806
5064,84.383333,5.502708,0.151736
5065,84.4,3.464097,0.083889
5066,84.416667,3.258194,0.080972
5067,84.433333,18.089583,0.372639
5068,84.45,4.193542,0.102014
5069,84.466667,11.158889,0.268472
5070,84.483333,10.766319,0.256667
5071,84.5,6.230347,0.169514
5072,84.516667,11.2875,0.254028
5073,84.533333,11.224236,0.246806
5074,84.55,14.730069,0.311458
5075,84.566667,5.680694,0.145833
5076,84.583333,15.412778,0.301528
5077,84.6,9.319167,0.208333
5078,84.616667,12.447847,0.253264
5079,84.633333,0.039722,0.0
5080,84.65,15.253125,0.299931
5081,84.666667,15.82625,0.302917
5082,84.683333,11.221319,0.226597
5083,84.7,6.186736,0.139653
5084,84.716667,6.741042,0.14375
5085,84.733333,0.062431,0.0
5086,84.75,10.941597,0.21375
5087,84.766667,5.292639,0.125347
5088,84.783333,5.635625,0.122847
5089,84.8,3.210833,0.077639
5090,84.816667,4.856875,0.1075
5091,84.833333,2.571736,0.064514
5092,84.85,3.644722,0.084931
5093,84.866667,1.361875,0.024861
5094,84.883333,3.590278,0.081597
5095,84.9,1.218264,0.029931
5096,84.916667,1.859514,0.048056
5097,84.933333,0.091458,0.0
5098,84.95,2.906319,0.070139
5099,84.966667,1.195625,0.029514
5100,84.983333,7.838681,0.14875
5101,85.0,3.861736,0.079583
5102,85.016667,5.172847,0.09875
5103,85.033333,5.899097,0.106806
5104,85.05,5.355278,0.096944
5105,85.066667,7.643194,0.134097
5106,85.083333,7.355208,0.130486
5107,85.1,4.21,0.091597
5108,85.116667,7.960903,0.144514
5109,85.133333,3.383611,0.074306
5110,85.15,5.519931,0.101875
5111,85.166667,2.004167,0.049653
5112,85.183333,5.511319,0.112222
5113,85.2,1.861458,0.035625
5114,85.216667,2.584514,0.070625
5115,85.233333,0.04875,0.0
5116,85.25,5.156597,0.104306
5117,85.266667,2.505069,0.058681
5118,85.283333,2.898819,0.074375
5119,85.3,1.112778,0.018472
5120,85.316667,2.115139,0.055139
5121,85.333333,0.117153,0.0
5122,85.35,3.130139,0.079375
5123,85.366667,1.699583,0.042708
5124,85.383333,0.051042,0.0
5125,85.4,2.262917,0.070903
5126,85.416667,1.59125,0.031389
5127,85.433333,1.130972,0.019306
5128,85.45,0.647778,0.004583
5129,85.466667,0.585278,0.001944
5130,85.483333,1.184167,0.029861
5131,85.5,0.607708,0.012083
5132,85.516667,0.610069,0.011736
5133,85.533333,0.483819,0.00625
5134,85.55,0.584167,0.010833
5135,85.566667,0.070139,6.9e-05
5136,85.583333,0.669931,0.013125
5137,85.6,0.544931,0.010556
5138,85.616667,0.0825,0.0
5139,85.633333,0.568611,0.002222
5140,85.65,0.064028,0.0
5141,85.666667,0.572083,0.001736
5142,85.683333,0.078681,0.0
5143,85.7,0.581319,0.004097
5144,85.716667,0.084097,0.0
5145,85.733333,0.050486,0.0
5146,85.75,0.564514,0.011944
5147,85.766667,0.027014,0.0
5148,85.783333,0.075069,0.0
5149,85.8,0.035903,0.000278
5150,85.816667,0.039236,0.000208
5151,85.833333,0.066042,0.000139
5152,85.85,0.602222,0.012708
5153,85.866667,0.014236,0.0
5154,85.883333,0.0075,0.0
5155,85.9,0.005417,0.0
5156,85.916667,0.024444,0.0
5157,85.933333,0.001042,0.0
5158,85.95,0.002917,0.0
5159,85.966667,0.002083,0.0
5160,85.983333,0.004097,0.0
5161,86.0,0.186111,0.000347
5162,86.016667,6.9e-05,0.0
5163,86.033333,0.000486,0.0
5164,86.05,0.000139,0.0
5165,86.066667,0.461806,0.009236
5166,86.083333,0.050486,6.9e-05
5167,86.1,0.011875,0.0
5168,86.116667,0.040556,0.0
5169,86.133333,0.005486,0.0
5170,86.15,0.003056,0.0
5171,86.166667,0.003819,0.0
5172,86.183333,0.006389,0.0
5173,86.2,0.003333,0.0
5174,86.216667,0.005139,0.0
5175,86.233333,0.002917,0.0
5176,86.25,0.003333,0.0
5177,86.266667,0.005486,0.0
5178,86.283333,0.007292,0.0
5179,86.3,0.010764,0.0
5180,86.316667,0.007778,0.0
5181,86.333333,0.003611,0.0
5182,86.35,0.006944,6.9e-05
5183,86.366667,0.005,0.0
5184,86.383333,0.006528,0.0
5185,86.4,0.011389,0.000278
5186,86.416667,0.004236,0.0
5187,86.433333,0.002708,0.0
5188,86.45,0.012639,0.000139
5189,86.466667,0.004028,6.9e-05
5190,86.483333,0.002083,0.0
5191,86.5,0.496111,0.006458
5192,86.516667,0.06125,0.0
5193,86.533333,0.050069,0.0
5194,86.55,0.570278,0.012292
5195,86.566667,1.179514,0.022639
5196,86.583333,0.664375,0.003681
5197,86.6,1.083056,0.026806
5198,86.616667,1.222708,0.025972
5199,86.633333,0.998264,0.020486
5200,86.65,1.174931,0.021597
5201,86.666667,1.196458,0.026528
5202,86.683333,1.461597,0.030139
5203,86.7,1.688403,0.045417
5204,86.716667,1.715278,0.039931
5205,86.733333,0.042639,0.0
5206,86.75,0.047222,0.0
5207,86.766667,2.703958,0.074722
5208,86.783333,1.644444,0.035139
5209,86.8,1.854514,0.043681
5210,86.816667,1.651181,0.051111
5211,86.833333,0.032986,0.0
5212,86.85,0.042778,0.0
5213,86.866667,0.029792,0.0
5214,86.883333,1.692778,0.047083
5215,86.9,1.018958,0.021181
5216,86.916667,0.670347,0.012708
5217,86.933333,0.008056,0.0
5218,86.95,6.592986,0.150069
5219,86.966667,1.713681,0.043958
5220,86.983333,1.749167,0.046806
5221,87.0,1.747778,0.041806
5222,87.016667,3.263472,0.077292
5223,87.033333,0.038681,0.0
5224,87.05,0.053681,0.0
5225,87.066667,3.512153,0.091597
5226,87.083333,1.617639,0.04125
5227,87.1,1.904653,0.050486
5228,87.116667,0.142847,0.0
5229,87.133333,1.624722,0.038958
5230,87.15,1.777708,0.049514
5231,87.166667,2.150486,0.056875
5232,87.183333,1.674028,0.045
5233,87.2,1.4875,0.044792
5234,87.216667,1.130208,0.028542
5235,87.233333,1.649514,0.050347
5236,87.25,1.885903,0.053681
5237,87.266667,1.61625,0.049028
5238,87.283333,1.552917,0.044444
5239,87.3,2.062014,0.055764
5240,87.316667,1.558958,0.047361
5241,87.333333,0.172361,0.0
5242,87.35,3.309375,0.085625
5243,87.366667,1.590069,0.040139
5244,87.383333,1.670833,0.052083
5245,87.4,1.937292,0.054792
5246,87.416667,1.659306,0.052222
5247,87.433333,1.654028,0.043125
5248,87.45,2.036181,0.059167
5249,87.466667,1.639306,0.048819
5250,87.483333,1.574167,0.041181
5251,87.5,2.211111,0.065903
5252,87.516667,1.577153,0.041667
5253,87.533333,1.739097,0.053889
5254,87.55,1.531875,0.038611
5255,87.566667,2.191389,0.062431
5256,87.583333,1.595903,0.043889
5257,87.6,1.651806,0.04625
5258,87.616667,2.06625,0.061389
5259,87.633333,1.683403,0.045
5260,87.65,1.727847,0.05125
5261,87.666667,3.494861,0.092639
5262,87.683333,1.644931,0.044722
5263,87.7,2.133333,0.064236
5264,87.716667,1.642569,0.043125
5265,87.733333,1.6775,0.047778
5266,87.75,2.146042,0.057569
5267,87.766667,1.648819,0.046458
5268,87.783333,1.71125,0.048056
5269,87.8,2.015278,0.056736
5270,87.816667,1.736944,0.048264
5271,87.833333,0.090625,0.0
5272,87.85,2.979444,0.085625
5273,87.866667,1.951319,0.051944
5274,87.883333,1.618681,0.045139
5275,87.9,1.574306,0.039514
5276,87.916667,2.002222,0.057222
5277,87.933333,0.085903,0.0
5278,87.95,2.845833,0.076944
5279,87.966667,1.986111,0.055486
5280,87.983333,1.531042,0.037639
5281,88.0,1.597153,0.044583
5282,88.016667,1.925278,0.048403
5283,88.033333,1.57125,0.045833
5284,88.05,1.470972,0.035694
5285,88.066667,2.037986,0.059653
5286,88.083333,1.514514,0.035903
5287,88.1,1.587569,0.041944
5288,88.116667,2.049306,0.055833
5289,88.133333,1.818264,0.043472
5290,88.15,1.786528,0.051458
5291,88.166667,1.735694,0.039722
5292,88.183333,2.221944,0.068056
5293,88.2,1.756389,0.039722
5294,88.216667,1.817847,0.051458
5295,88.233333,2.128681,0.055903
5296,88.25,1.778889,0.047431
5297,88.266667,1.783125,0.045069
5298,88.283333,2.196111,0.054375
5299,88.3,1.797083,0.052639
5300,88.316667,1.766667,0.040486
5301,88.333333,2.377153,0.068056
5302,88.35,0.182014,0.0
5303,88.366667,2.220972,0.055069
5304,88.383333,1.886667,0.055069
5305,88.4,2.169514,0.055764
5306,88.416667,1.837986,0.051528
5307,88.433333,0.160208,0.0
5308,88.45,3.693819,0.094444
5309,88.466667,2.229514,0.059514
5310,88.483333,1.866181,0.049931
5311,88.5,2.281111,0.063542
5312,88.516667,1.902361,0.051181
5313,88.533333,2.375903,0.064444
5314,88.55,1.910694,0.052569
5315,88.566667,2.404097,0.065972
5316,88.583333,1.931181,0.047431
5317,88.6,2.586806,0.068333
5318,88.616667,1.935694,0.045486
5319,88.633333,2.556806,0.067986
5320,88.65,1.892778,0.043681
5321,88.666667,2.528333,0.070556
5322,88.683333,2.160208,0.048681
5323,88.7,2.4075,0.069167
5324,88.716667,1.893472,0.042847
5325,88.733333,2.393125,0.06875
5326,88.75,1.900556,0.043889
5327,88.766667,2.451528,0.069931
5328,88.783333,1.982222,0.048056
5329,88.8,2.424097,0.065347
5330,88.816667,2.085069,0.056181
5331,88.833333,0.107222,0.0
5332,88.85,4.149028,0.112917
5333,88.866667,2.290347,0.056528
5334,88.883333,2.147083,0.066736
5335,88.9,2.360417,0.057917
5336,88.916667,2.192917,0.068472
5337,88.933333,0.094028,0.0
5338,88.95,3.939931,0.107361
5339,88.966667,2.425694,0.061875
5340,88.983333,2.143403,0.063194
5341,89.0,2.608611,0.066389
5342,89.016667,2.052361,0.062569
5343,89.033333,2.579028,0.071944
5344,89.05,2.053333,0.057222
5345,89.066667,2.565208,0.071944
5346,89.083333,2.094722,0.05875
5347,89.1,2.622986,0.075208
5348,89.116667,2.104653,0.057847
5349,89.133333,2.078889,0.055278
5350,89.15,2.639931,0.071875
5351,89.166667,2.026875,0.059028
5352,89.183333,2.610972,0.07125
5353,89.2,2.065764,0.061944
5354,89.216667,2.621042,0.071944
5355,89.233333,2.118542,0.064097
5356,89.25,2.567222,0.07
5357,89.266667,2.111875,0.062292
5358,89.283333,2.464861,0.06625
5359,89.3,2.126806,0.060556
5360,89.316667,2.489028,0.068403
5361,89.333333,0.125417,0.0
5362,89.35,4.698611,0.119583
5363,89.366667,2.277153,0.05625
5364,89.383333,2.874375,0.081319
5365,89.4,2.176597,0.055
5366,89.416667,2.898403,0.082153
5367,89.433333,0.119375,0.0
5368,89.45,2.145833,0.049653
5369,89.466667,2.928333,0.083958
5370,89.483333,2.099514,0.047986
5371,89.5,2.9175,0.087292
5372,89.516667,2.185625,0.053472
5373,89.533333,2.965833,0.084306
5374,89.55,2.225417,0.057569
5375,89.566667,2.715208,0.078958
5376,89.583333,2.254931,0.059583
5377,89.6,2.680903,0.075
5378,89.616667,2.262639,0.065625
5379,89.633333,2.581389,0.066667
5380,89.65,2.400694,0.068611
5381,89.666667,2.709097,0.073403
5382,89.683333,2.417083,0.072153
5383,89.7,2.885833,0.077986
5384,89.716667,2.431736,0.065347
5385,89.733333,2.878333,0.083125
5386,89.75,2.356875,0.063542
5387,89.766667,2.875903,0.086736
5388,89.783333,2.168889,0.055139
5389,89.8,2.959236,0.087847
5390,89.816667,2.158333,0.053681
5391,89.833333,3.027778,0.095903
5392,89.85,2.223542,0.056736
5393,89.866667,3.043819,0.095139
5394,89.883333,2.272708,0.059861
5395,89.9,2.964167,0.086111
5396,89.916667,2.374444,0.064722
5397,89.933333,2.907917,0.085
5398,89.95,2.403194,0.071389
5399,89.966667,2.896319,0.079444
5400,89.983333,2.52,0.073056
5401,90.0,2.826042,0.079792
5402,90.016667,2.460972,0.076389
5403,90.033333,2.833472,0.082569
5404,90.05,2.464514,0.070208
5405,90.066667,3.006667,0.087569
5406,90.083333,2.424097,0.065764
5407,90.1,3.133472,0.092639
5408,90.116667,2.328125,0.056597
5409,90.133333,3.234653,0.098333
5410,90.15,2.397222,0.058472
5411,90.166667,3.324653,0.107361
5412,90.183333,2.465347,0.060764
5413,90.2,3.504931,0.109653
5414,90.216667,2.630139,0.066458
5415,90.233333,3.400278,0.106181
5416,90.25,2.742778,0.071944
5417,90.266667,3.403542,0.105069
5418,90.283333,2.792222,0.080139
5419,90.3,3.409236,0.105694
5420,90.316667,2.857222,0.080764
5421,90.333333,0.120556,0.0
5422,90.35,5.792778,0.170833
5423,90.366667,3.576806,0.112153
5424,90.383333,2.89875,0.080625
5425,90.4,3.691042,0.119306
5426,90.416667,2.883958,0.076319
5427,90.433333,0.1375,0.0
5428,90.45,5.952292,0.174792
5429,90.466667,3.891806,0.128125
5430,90.483333,2.931944,0.0775
5431,90.5,3.158264,0.100208
5432,90.516667,3.813958,0.121042
5433,90.533333,3.085208,0.088472
5434,90.55,3.983333,0.129375
5435,90.566667,3.048958,0.084028
5436,90.583333,4.049306,0.133542
5437,90.6,2.956806,0.078958
5438,90.616667,4.156458,0.138125
5439,90.633333,2.971736,0.077361
5440,90.65,4.190139,0.142014
5441,90.666667,2.986944,0.081875
5442,90.683333,4.143958,0.136736
5443,90.7,3.185972,0.094792
5444,90.716667,3.995347,0.125069
5445,90.733333,3.2425,0.102292
5446,90.75,3.948264,0.120556
5447,90.766667,3.383264,0.114375
5448,90.783333,3.782431,0.111944
5449,90.8,3.435347,0.113958
5450,90.816667,3.851111,0.115625
5451,90.833333,3.526806,0.114931
5452,90.85,4.437847,0.127361
5453,90.866667,3.471806,0.107431
5454,90.883333,4.355556,0.137083
5455,90.9,3.367569,0.097847
5456,90.916667,4.400694,0.142639
5457,90.933333,0.158194,0.0
5458,90.95,7.230208,0.204306
5459,90.966667,3.213056,0.084306
5460,90.983333,4.510764,0.151181
5461,91.0,3.379514,0.091042
5462,91.016667,7.321319,0.208194
5463,91.033333,0.076597,0.0
5464,91.05,7.337431,0.204653
5465,91.066667,4.147153,0.125069
5466,91.083333,3.480278,0.114097
5467,91.1,4.037222,0.121042
5468,91.116667,3.776458,0.124792
5469,91.133333,0.103889,0.0
5470,91.15,7.2725,0.204167
5471,91.166667,4.354028,0.132569
5472,91.183333,3.626389,0.114792
5473,91.2,4.501736,0.139236
5474,91.216667,3.365972,0.095278
5475,91.233333,4.426111,0.141944
5476,91.25,3.239583,0.086458
5477,91.266667,4.479375,0.146597
5478,91.283333,3.264167,0.083819
5479,91.3,3.651319,0.120139
5480,91.316667,3.441528,0.095347
5481,91.333333,7.959097,0.215556
5482,91.35,3.386181,0.097014
5483,91.366667,4.396458,0.140625
5484,91.383333,4.147847,0.122431
5485,91.4,3.523681,0.112708
5486,91.416667,4.089306,0.117639
5487,91.433333,4.412222,0.143611
5488,91.45,3.170903,0.080069
5489,91.466667,4.365903,0.14875
5490,91.483333,3.942083,0.113472
5491,91.5,3.53875,0.114167
5492,91.516667,4.149514,0.123542
5493,91.533333,4.308056,0.142361
5494,91.55,3.35875,0.092778
5495,91.566667,4.145,0.128125
5496,91.583333,4.182639,0.130486
5497,91.6,3.192708,0.088681
5498,91.616667,4.21375,0.134028
5499,91.633333,3.918681,0.114931
5500,91.65,3.417639,0.110139
5501,91.666667,3.86875,0.110903
5502,91.683333,4.11,0.130417
5503,91.7,3.0425,0.080903
5504,91.716667,4.110972,0.133958
5505,91.733333,3.785625,0.111111
5506,91.75,3.149097,0.097431
5507,91.766667,3.992986,0.120347
5508,91.783333,3.935,0.122778
5509,91.8,3.215833,0.088333
5510,91.816667,3.788194,0.110347
5511,91.833333,3.875556,0.116875
5512,91.85,3.054931,0.080694
5513,91.866667,3.997292,0.120972
5514,91.883333,3.760208,0.111389
5515,91.9,3.957569,0.117847
5516,91.916667,2.939583,0.080417
5517,91.933333,3.948681,0.118889
5518,91.95,3.751667,0.117569
5519,91.966667,3.183125,0.090069
5520,91.983333,3.80625,0.119444
5521,92.0,3.975417,0.124097
5522,92.016667,3.020417,0.085556
5523,92.033333,3.8175,0.115
5524,92.05,3.848403,0.122431
5525,92.066667,3.082847,0.0875
5526,92.083333,3.955,0.125139
5527,92.1,3.761111,0.110139
5528,92.116667,3.196389,0.096875
5529,92.133333,3.697639,0.104097
5530,92.15,3.985694,0.125417
5531,92.166667,2.955208,0.079236
5532,92.183333,4.03125,0.128125
5533,92.2,3.750208,0.110903
5534,92.216667,3.197569,0.097292
5535,92.233333,3.824236,0.114583
5536,92.25,3.950972,0.127431
5537,92.266667,3.045833,0.084375
5538,92.283333,3.892639,0.124028
5539,92.3,3.853542,0.121111
5540,92.316667,3.098125,0.090903
5541,92.333333,3.993542,0.127431
5542,92.35,3.676944,0.114028
5543,92.366667,3.077917,0.096042
5544,92.383333,3.609931,0.10625
5545,92.4,3.855486,0.128264
5546,92.416667,2.904097,0.075278
5547,92.433333,3.939306,0.131458
5548,92.45,3.608056,0.103542
5549,92.466667,3.156667,0.100903
5550,92.483333,3.678194,0.109236
5551,92.5,3.980069,0.133333
5552,92.516667,0.161528,0.0
5553,92.533333,0.117917,0.0
5554,92.55,8.846458,0.243472
5555,92.566667,3.955417,0.132917
5556,92.583333,3.163333,0.092431
5557,92.6,3.893194,0.12125
5558,92.616667,3.951389,0.134306
5559,92.633333,3.014792,0.080278
5560,92.65,3.931319,0.132917
5561,92.666667,3.648958,0.108125
5562,92.683333,3.11375,0.1
5563,92.7,3.659861,0.111181
5564,92.716667,3.959583,0.133125
5565,92.733333,0.097292,0.0
5566,92.75,6.148056,0.185625
5567,92.766667,3.570486,0.107847
5568,92.783333,3.059931,0.094792
5569,92.8,3.649028,0.114653
5570,92.816667,3.712361,0.121319
5571,92.833333,2.924583,0.081389
5572,92.85,3.548681,0.107431
5573,92.866667,3.739583,0.120972
5574,92.883333,2.728403,0.068889
5575,92.9,3.772014,0.126458
5576,92.916667,3.31375,0.097569
5577,92.933333,0.155764,0.0
5578,92.95,6.067917,0.181806
5579,92.966667,3.998819,0.132222
5580,92.983333,2.868542,0.073194
5581,93.0,3.973125,0.128542
5582,93.016667,3.608958,0.107986
5583,93.033333,3.077361,0.093958
5584,93.05,3.697014,0.116667
5585,93.066667,3.74125,0.119375
5586,93.083333,2.964653,0.087917
5587,93.1,3.617708,0.108681
5588,93.116667,3.713542,0.122083
5589,93.133333,2.748611,0.071389
5590,93.15,3.782153,0.121597
5591,93.166667,3.385,0.09875
5592,93.183333,3.666944,0.1175
5593,93.2,2.648958,0.067083
5594,93.216667,3.686319,0.114931
5595,93.233333,3.316389,0.094306
5596,93.25,2.851875,0.086806
5597,93.266667,3.269444,0.098403
5598,93.283333,3.466181,0.109583
5599,93.3,2.663472,0.072847
5600,93.316667,3.334028,0.102153
5601,93.333333,3.295972,0.102708
5602,93.35,2.518056,0.070278
5603,93.366667,3.299861,0.103056
5604,93.383333,3.110417,0.091875
5605,93.4,2.648056,0.078125
5606,93.416667,2.971181,0.08125
5607,93.433333,0.073819,0.0
5608,93.45,5.038056,0.142153
5609,93.466667,3.135903,0.093056
5610,93.483333,2.864653,0.079931
5611,93.5,2.426181,0.068889
5612,93.516667,2.890972,0.081736
5613,93.533333,3.013125,0.091875
5614,93.55,2.31125,0.061319
5615,93.566667,2.924236,0.087361
5616,93.583333,2.911667,0.084931
5617,93.6,2.273819,0.060903
5618,93.616667,2.985278,0.09
5619,93.633333,2.814444,0.080625
5620,93.65,2.411181,0.069583
5621,93.666667,2.77375,0.074028
5622,93.683333,3.010903,0.089931
5623,93.7,2.121597,0.050486
5624,93.716667,3.028125,0.088958
5625,93.733333,0.071389,0.0
5626,93.75,4.716042,0.130486
5627,93.766667,2.801875,0.081667
5628,93.783333,2.76125,0.083611
5629,93.8,2.669861,0.074861
5630,93.816667,2.250417,0.06375
5631,93.833333,2.770139,0.083403
5632,93.85,2.761111,0.082014
5633,93.866667,2.291389,0.062639
5634,93.883333,2.717569,0.077431
5635,93.9,2.865069,0.090556
5636,93.916667,2.177569,0.053125
5637,93.933333,2.952639,0.091042
5638,93.95,2.712986,0.073403
5639,93.966667,2.328056,0.069444
5640,93.983333,2.744028,0.078194
5641,94.0,3.011875,0.093194
5642,94.016667,2.202083,0.054375
5643,94.033333,2.867917,0.089861
5644,94.05,2.774931,0.082778
5645,94.066667,2.24125,0.062222
5646,94.083333,2.777361,0.087153
5647,94.1,2.730417,0.083125
5648,94.116667,2.254792,0.065694
5649,94.133333,0.104167,0.0
5650,94.15,5.044097,0.142847
5651,94.166667,2.099861,0.050903
5652,94.183333,2.897431,0.092431
5653,94.2,2.605,0.072639
5654,94.216667,2.283889,0.068056
5655,94.233333,2.582986,0.075069
5656,94.25,2.848819,0.090278
5657,94.266667,2.097153,0.051875
5658,94.283333,2.882431,0.085417
5659,94.3,2.6025,0.076667
5660,94.316667,2.155694,0.061944
5661,94.333333,2.632083,0.083611
5662,94.35,2.613611,0.080069
5663,94.366667,2.180347,0.062153
5664,94.383333,2.524097,0.073819
5665,94.4,2.718889,0.088542
5666,94.416667,2.503681,0.074444
5667,94.433333,2.131875,0.064653
5668,94.45,2.397222,0.065903
5669,94.466667,2.671389,0.087639
5670,94.483333,1.987083,0.045486
5671,94.5,2.663125,0.084583
5672,94.516667,2.423056,0.068889
5673,94.533333,2.082292,0.060347
5674,94.55,2.498333,0.071875
5675,94.566667,2.712431,0.080625
5676,94.583333,2.037431,0.056111
5677,94.6,2.503819,0.073681
5678,94.616667,2.563542,0.079444
5679,94.633333,2.032639,0.050694
5680,94.65,2.6525,0.085278
5681,94.666667,2.45125,0.071042
5682,94.683333,2.134375,0.066458
5683,94.7,2.377014,0.065764
5684,94.716667,2.615208,0.085347
5685,94.733333,1.92125,0.050278
5686,94.75,2.639722,0.081181
5687,94.766667,2.425417,0.071944
5688,94.783333,2.152708,0.061181
5689,94.8,2.603681,0.076667
5690,94.816667,2.681667,0.078472
5691,94.833333,2.111389,0.063819
5692,94.85,2.575972,0.075208
5693,94.866667,2.60125,0.083125
5694,94.883333,2.071597,0.055069
5695,94.9,2.587083,0.084306
5696,94.916667,2.48125,0.070139
5697,94.933333,2.009097,0.063889
5698,94.95,2.406944,0.067222
5699,94.966667,2.469583,0.078958
5700,94.983333,1.914792,0.049931
5701,95.0,2.466944,0.071875
5702,95.016667,2.641042,0.067917
5703,95.033333,1.854792,0.050903
5704,95.05,2.332292,0.071875
5705,95.066667,2.253681,0.064792
5706,95.083333,2.304861,0.070069
5707,95.1,1.809236,0.047431
5708,95.116667,2.357222,0.070417
5709,95.133333,2.128889,0.060069
5710,95.15,1.787569,0.052708
5711,95.166667,2.120208,0.060694
5712,95.183333,2.160486,0.066458
5713,95.2,1.657639,0.044167
5714,95.216667,2.2575,0.06375
5715,95.233333,2.076667,0.056458
5716,95.25,1.721528,0.047361
5717,95.266667,2.092083,0.060278
5718,95.283333,2.085625,0.057222
5719,95.3,1.646181,0.044653
5720,95.316667,2.053889,0.053681
5721,95.333333,2.067361,0.060972
5722,95.35,1.61375,0.039236
5723,95.366667,2.017847,0.05875
5724,95.383333,1.997153,0.051667
5725,95.4,1.617917,0.04625
5726,95.416667,1.665139,0.040208
5727,95.433333,1.721944,0.046667
5728,95.45,2.583681,0.061806
5729,95.466667,2.015833,0.052917
5730,95.483333,2.077986,0.057569
5731,95.5,1.992083,0.051736
5732,95.516667,1.975556,0.05625
5733,95.533333,1.904583,0.046667
5734,95.55,1.966875,0.052708
5735,95.566667,2.382708,0.06375
5736,95.583333,1.996042,0.051528
5737,95.6,1.909097,0.052778
5738,95.616667,1.907361,0.046181
5739,95.633333,0.047083,0.0
5740,95.65,3.594236,0.082361
5741,95.666667,1.945417,0.051667
5742,95.683333,2.350625,0.063056
5743,95.7,1.919167,0.049583
5744,95.716667,1.922222,0.053333
5745,95.733333,1.900417,0.045139
5746,95.75,1.906458,0.051944
5747,95.766667,2.043333,0.0525
5748,95.783333,1.861111,0.050625
5749,95.8,1.907361,0.052222
5750,95.816667,1.845486,0.044514
5751,95.833333,1.894097,0.051875
5752,95.85,1.445625,0.040556
5753,95.866667,1.896806,0.044514
5754,95.883333,1.820764,0.05125
5755,95.9,1.891944,0.043264
5756,95.916667,1.891042,0.051667
5757,95.933333,1.912986,0.050833
5758,95.95,1.892847,0.044514
5759,95.966667,1.816389,0.049514
5760,95.983333,1.804722,0.041042
5761,96.0,1.788056,0.042083
5762,96.016667,1.685625,0.045069
5763,96.033333,1.272361,0.028194
5764,96.05,1.66625,0.042222
5765,96.066667,1.765278,0.044097
5766,96.083333,1.685972,0.040486
5767,96.1,1.684653,0.044792
5768,96.116667,1.669861,0.035486
5769,96.133333,1.298819,0.034514
5770,96.15,1.715486,0.044236
5771,96.166667,1.793472,0.037083
5772,96.183333,1.701111,0.043194
5773,96.2,1.701111,0.036389
5774,96.216667,1.334861,0.032778
5775,96.233333,0.097917,0.0
5776,96.25,1.659028,0.042639
5777,96.266667,1.803681,0.036042
5778,96.283333,1.707222,0.042222
5779,96.3,1.735833,0.045486
5780,96.316667,1.267708,0.026736
5781,96.333333,1.671319,0.043681
5782,96.35,1.717361,0.03625
5783,96.366667,1.692639,0.043264
5784,96.383333,1.598958,0.043611
5785,96.4,1.263125,0.028819
5786,96.416667,1.631181,0.042569
5787,96.433333,0.189583,0.0
5788,96.45,3.285417,0.076319
5789,96.466667,1.669097,0.045278
5790,96.483333,1.313403,0.02875
5791,96.5,1.723403,0.045
5792,96.516667,1.730347,0.047361
5793,96.533333,1.774653,0.038542
5794,96.55,1.707083,0.045486
5795,96.566667,1.389444,0.029028
5796,96.583333,1.809514,0.047153
5797,96.6,1.8375,0.049236
5798,96.616667,1.838958,0.041944
5799,96.633333,1.873542,0.050556
5800,96.65,1.91375,0.052986
5801,96.666667,1.482222,0.032014
5802,96.683333,1.881042,0.050764
5803,96.7,1.923333,0.044931
5804,96.716667,1.960347,0.052222
5805,96.733333,2.007569,0.053264
5806,96.75,1.491667,0.032917
5807,96.766667,1.894722,0.052708
5808,96.783333,2.060556,0.054653
5809,96.8,2.045903,0.052361
5810,96.816667,2.056944,0.052292
5811,96.833333,1.527639,0.034306
5812,96.85,2.073958,0.053889
5813,96.866667,2.023333,0.054861
5814,96.883333,2.0925,0.049861
5815,96.9,2.066806,0.054167
5816,96.916667,1.631597,0.035347
5817,96.933333,0.071458,0.0
5818,96.95,4.093958,0.097083
5819,96.966667,2.254722,0.051458
5820,96.983333,2.196528,0.05875
5821,97.0,1.724306,0.043264
5822,97.016667,2.279444,0.054306
5823,97.033333,2.182153,0.057431
5824,97.05,2.272569,0.052153
5825,97.066667,2.294444,0.059653
5826,97.083333,1.702014,0.045556
5827,97.1,2.201528,0.0525
5828,97.116667,2.250903,0.059514
5829,97.133333,2.4025,0.060694
5830,97.15,2.274931,0.056042
5831,97.166667,1.673819,0.044583
5832,97.183333,2.3125,0.052222
5833,97.2,2.343542,0.059444
5834,97.216667,2.289306,0.058958
5835,97.233333,2.349931,0.053472
5836,97.25,2.298611,0.060486
5837,97.266667,1.810139,0.038889
5838,97.283333,2.347014,0.058958
5839,97.3,2.414236,0.062153
5840,97.316667,2.44,0.055972
5841,97.333333,2.418403,0.064167
5842,97.35,1.863264,0.046597
5843,97.366667,2.451806,0.059653
5844,97.383333,2.410208,0.064306
5845,97.4,2.511806,0.057222
5846,97.416667,2.5725,0.069097
5847,97.433333,1.839583,0.047569
5848,97.45,2.470903,0.059375
5849,97.466667,2.577917,0.071042
5850,97.483333,2.644028,0.068542
5851,97.5,2.567222,0.068542
5852,97.516667,1.863611,0.050069
5853,97.533333,2.625833,0.062083
5854,97.55,2.655,0.071597
5855,97.566667,2.626042,0.072083
5856,97.583333,2.604792,0.064097
5857,97.6,2.025625,0.052917
5858,97.616667,2.591528,0.066111
5859,97.633333,0.127014,0.0
5860,97.65,5.111875,0.128889
5861,97.666667,2.636042,0.064097
5862,97.683333,2.01125,0.049236
5863,97.7,2.682153,0.072986
5864,97.716667,2.730694,0.066458
5865,97.733333,2.586806,0.069097
5866,97.75,2.738194,0.062847
5867,97.766667,2.702222,0.072778
5868,97.783333,2.040486,0.052361
5869,97.8,2.724653,0.064167
5870,97.816667,2.630347,0.068611
5871,97.833333,0.109583,0.0
5872,97.85,5.226319,0.137014
5873,97.866667,1.964028,0.049167
5874,97.883333,2.769097,0.062986
5875,97.9,2.840972,0.072917
5876,97.916667,2.630903,0.068819
5877,97.933333,2.77375,0.066042
5878,97.95,2.122778,0.054861
5879,97.966667,2.682153,0.069306
5880,97.983333,2.684861,0.068125
5881,98.0,2.722569,0.070556
5882,98.016667,2.620417,0.060694
5883,98.033333,0.074306,0.0
5884,98.05,4.866528,0.121458
5885,98.066667,3.189236,0.069097
5886,98.083333,3.007569,0.080833
5887,98.1,3.106389,0.070486
5888,98.116667,2.323194,0.054028
5889,98.133333,3.012153,0.080556
5890,98.15,2.978264,0.066389
5891,98.166667,2.998958,0.082014
5892,98.183333,2.988611,0.077361
5893,98.2,2.315069,0.045208
5894,98.216667,2.934722,0.078819
5895,98.233333,2.938333,0.063611
5896,98.25,3.034375,0.081181
5897,98.266667,2.908819,0.075694
5898,98.283333,2.859444,0.062986
5899,98.3,2.090764,0.058264
5900,98.316667,2.881667,0.071042
5901,98.333333,2.890417,0.069306
5902,98.35,2.843542,0.074583
5903,98.366667,2.780833,0.060694
5904,98.383333,2.127014,0.053403
5905,98.4,2.966736,0.077222
5906,98.416667,2.873958,0.062708
5907,98.433333,2.947708,0.080208
5908,98.45,2.962361,0.06375
5909,98.466667,2.295069,0.051806
5910,98.483333,3.064514,0.083056
5911,98.5,2.995694,0.06625
5912,98.516667,3.020625,0.081875
5913,98.533333,3.123333,0.076111
5914,98.55,2.335,0.043681
5915,98.566667,3.041806,0.086181
5916,98.583333,3.150417,0.070764
5917,98.6,3.11375,0.083333
5918,98.616667,3.178194,0.089097
5919,98.633333,2.354861,0.046458
5920,98.65,3.163333,0.087222
5921,98.666667,3.247569,0.087569
5922,98.683333,3.158819,0.07875
5923,98.7,3.303889,0.093958
5924,98.716667,2.427847,0.048681
5925,98.733333,3.27625,0.09
5926,98.75,3.284722,0.096181
5927,98.766667,3.474097,0.082431
5928,98.783333,3.310903,0.090556
5929,98.8,3.420625,0.083403
5930,98.816667,2.541458,0.051111
5931,98.833333,3.412222,0.099583
5932,98.85,3.394792,0.079375
5933,98.866667,3.390069,0.094653
5934,98.883333,3.486458,0.099167
5935,98.9,2.573125,0.048333
5936,98.916667,3.449236,0.095417
5937,98.933333,0.062153,0.0
5938,98.95,6.535208,0.178681
5939,98.966667,3.392014,0.102431
5940,98.983333,2.589375,0.049236
5941,99.0,3.42,0.094861
5942,99.016667,3.500208,0.101875
5943,99.033333,0.164167,0.0
5944,99.05,6.217917,0.173958
5945,99.066667,2.313681,0.045556
5946,99.083333,2.928889,0.078611
5947,99.1,3.152917,0.089236
5948,99.116667,3.024444,0.071319
5949,99.133333,2.982292,0.078542
5950,99.15,2.425347,0.050417
5951,99.166667,2.883819,0.07375
5952,99.183333,3.379375,0.085278
5953,99.2,3.056319,0.075
5954,99.216667,2.9425,0.077569
5955,99.233333,2.318542,0.048611
5956,99.25,3.081875,0.072917
5957,99.266667,3.029097,0.080486
5958,99.283333,3.042778,0.078958
5959,99.3,2.911875,0.079236
5960,99.316667,2.446042,0.054861
5961,99.333333,3.071806,0.075139
5962,99.35,2.927361,0.077639
5963,99.366667,2.938333,0.086806
5964,99.383333,2.925208,0.075694
5965,99.4,3.002083,0.086667
5966,99.416667,2.2,0.045
5967,99.433333,2.779792,0.077847
5968,99.45,2.992014,0.089028
5969,99.466667,2.894028,0.072778
5970,99.483333,2.980139,0.082153
5971,99.5,2.181458,0.048611
5972,99.516667,2.827708,0.071319
5973,99.533333,3.021944,0.088472
5974,99.55,2.863403,0.073056
5975,99.566667,2.826806,0.079236
5976,99.583333,2.266528,0.050903
5977,99.6,2.965208,0.075
5978,99.616667,2.922569,0.080347
5979,99.633333,2.942222,0.079514
5980,99.65,2.822431,0.078472
5981,99.666667,2.327778,0.057153
5982,99.683333,2.839931,0.072014
5983,99.7,2.838889,0.079444
5984,99.716667,2.990417,0.087431
5985,99.733333,2.821944,0.072431
5986,99.75,2.279444,0.057153
5987,99.766667,2.902153,0.078681
5988,99.783333,2.786875,0.080694
5989,99.8,2.94875,0.088611
5990,99.816667,3.008819,0.072431
5991,99.833333,0.093681,0.0
5992,99.85,4.846042,0.146528
5993,99.866667,2.803264,0.073264
5994,99.883333,2.923819,0.084097
5995,99.9,2.928125,0.075139
5996,99.916667,2.762569,0.078125
5997,99.933333,2.229236,0.050694
5998,99.95,2.847361,0.070278
5999,99.966667,2.885139,0.08
6000,99.983333,2.887222,0.078681
6001,100.0,2.752222,0.076597
6002,100.016667,2.263542,0.054792
6003,100.033333,0.026389,0.0
6004,100.05,5.266736,0.157986
6005,100.066667,2.867778,0.086042
6006,100.083333,2.866458,0.074028
6007,100.1,2.230972,0.054722
6008,100.116667,2.784375,0.075417
6009,100.133333,2.756528,0.077361
6010,100.15,2.920764,0.087361
6011,100.166667,2.787986,0.068889
6012,100.183333,2.088819,0.051181
6013,100.2,2.793264,0.083194
6014,100.216667,2.782292,0.069792
6015,100.233333,2.779931,0.081458
6016,100.25,2.801528,0.069931
6017,100.266667,2.001528,0.041181
6018,100.283333,2.772708,0.081181
6019,100.3,2.684653,0.066389
6020,100.316667,2.779931,0.076111
6021,100.333333,0.053542,0.0
6022,100.35,4.488542,0.129931
6023,100.366667,2.702153,0.079028
6024,100.383333,2.658056,0.065069
6025,100.4,2.573472,0.070486
6026,100.416667,2.639514,0.076528
6027,100.433333,1.965556,0.032431
6028,100.45,2.694722,0.075347
6029,100.466667,2.576667,0.068681
6030,100.483333,2.462986,0.067153
6031,100.5,2.577986,0.079653
6032,100.516667,2.539167,0.058819
6033,100.533333,1.861389,0.044167
6034,100.55,2.463125,0.073125
6035,100.566667,2.407083,0.061181
6036,100.583333,2.536528,0.072847
6037,100.6,2.387778,0.059028
6038,100.616667,1.722083,0.032847
6039,100.633333,2.380694,0.075278
6040,100.65,2.353194,0.053611
6041,100.666667,2.303333,0.063889
6042,100.683333,2.316667,0.062083
6043,100.7,1.67875,0.025972
6044,100.716667,2.375139,0.068264
6045,100.733333,2.262083,0.055278
6046,100.75,2.190139,0.060417
6047,100.766667,2.253472,0.069097
6048,100.783333,1.781875,0.027083
6049,100.8,2.255625,0.063681
6050,100.816667,2.35,0.062708
6051,100.833333,0.039722,0.0
6052,100.85,4.283958,0.131736
6053,100.866667,1.676875,0.030347
6054,100.883333,2.173194,0.060486
6055,100.9,2.198958,0.065833
6056,100.916667,2.113958,0.053125
6057,100.933333,2.198542,0.065972
6058,100.95,1.660417,0.03
6059,100.966667,2.026181,0.055069
6060,100.983333,2.127986,0.067222
6061,101.0,2.0175,0.045
6062,101.016667,2.110625,0.055972
6063,101.033333,2.034167,0.052292
6064,101.05,1.475347,0.0225
6065,101.066667,2.056042,0.061736
6066,101.083333,2.078542,0.049792
6067,101.1,2.002847,0.053194
6068,101.116667,2.080208,0.06375
6069,101.133333,1.544097,0.023403
6070,101.15,2.010625,0.054861
6071,101.166667,1.99625,0.055833
6072,101.183333,1.956319,0.051667
6073,101.2,2.007847,0.065278
6074,101.216667,1.487083,0.025764
6075,101.233333,1.912569,0.052847
6076,101.25,2.011806,0.062222
6077,101.266667,1.837292,0.04625
6078,101.283333,2.034375,0.062917
6079,101.3,1.425903,0.03
6080,101.316667,1.942014,0.054097
6081,101.333333,1.978403,0.067778
6082,101.35,1.859028,0.0425
6083,101.366667,1.934861,0.056875
6084,101.383333,1.499028,0.035139
6085,101.4,1.883333,0.04875
6086,101.416667,1.953958,0.062222
6087,101.433333,1.837014,0.049028
6088,101.45,1.923681,0.054167
6089,101.466667,1.464306,0.037986
6090,101.483333,1.941458,0.047361
6091,101.5,1.9275,0.058542
6092,101.516667,1.993889,0.057222
6093,101.533333,1.887708,0.058472
6094,101.55,1.554028,0.040556
6095,101.566667,1.909444,0.05125
6096,101.583333,1.95,0.054861
6097,101.6,1.962986,0.065694
6098,101.616667,2.114653,0.054375
6099,101.633333,0.040069,0.0
6100,101.65,3.293333,0.103681
6101,101.666667,2.043681,0.059931
6102,101.683333,1.709792,0.053472
6103,101.7,1.672292,0.04125
6104,101.716667,0.139792,0.0
6105,101.733333,1.746111,0.042639
6106,101.75,3.022917,0.105208
6107,101.766667,1.751389,0.051875
6108,101.783333,1.773472,0.043264
6109,101.8,1.801042,0.045972
6110,101.816667,1.482569,0.031319
6111,101.833333,0.039375,0.0
6112,101.85,3.318611,0.111944
6113,101.866667,1.827986,0.049653
6114,101.883333,1.939097,0.054097
6115,101.9,1.470694,0.028125
6116,101.916667,1.869028,0.044514
6117,101.933333,1.943472,0.050347
6118,101.95,1.884792,0.053125
6119,101.966667,1.830694,0.050139
6120,101.983333,1.415417,0.025
6121,102.0,1.936181,0.052153
6122,102.016667,1.800486,0.054097
6123,102.033333,0.037778,0.0
6124,102.05,3.334444,0.108611
6125,102.066667,1.422014,0.021181
6126,102.083333,1.733194,0.051458
6127,102.1,1.826944,0.044167
6128,102.116667,1.711806,0.044861
6129,102.133333,1.763333,0.040972
6130,102.15,1.769653,0.046319
6131,102.166667,1.295694,0.026181
6132,102.183333,1.702222,0.038681
6133,102.2,1.843611,0.043333
6134,102.216667,1.585,0.041667
6135,102.233333,0.075139,0.0
6136,102.25,2.840694,0.104583
6137,102.266667,1.614722,0.035347
6138,102.283333,1.685347,0.043194
6139,102.3,1.593264,0.040139
6140,102.316667,1.584653,0.041736
6141,102.333333,1.193819,0.017778
6142,102.35,1.4425,0.034653
6143,102.366667,1.667361,0.043611
6144,102.383333,1.370694,0.030625
6145,102.4,1.421597,0.031528
6146,102.416667,1.115208,0.016111
6147,102.433333,1.408472,0.030694
6148,102.45,1.473611,0.038542
6149,102.466667,1.350139,0.026528
6150,102.483333,1.320139,0.029583
6151,102.5,1.162014,0.015833
6152,102.516667,1.222917,0.024792
6153,102.533333,1.373125,0.028542
6154,102.55,1.342083,0.032361
6155,102.566667,1.280625,0.026111
6156,102.583333,1.059722,0.014792
6157,102.6,1.303958,0.025556
6158,102.616667,1.248056,0.024583
6159,102.633333,1.437431,0.036181
6160,102.65,1.24375,0.024722
6161,102.666667,1.382569,0.034444
6162,102.683333,1.001181,0.014653
6163,102.7,1.246042,0.026389
6164,102.716667,1.446042,0.037361
6165,102.733333,1.313194,0.025903
6166,102.75,1.399514,0.029167
6167,102.766667,1.156667,0.013958
6168,102.783333,1.348889,0.025139
6169,102.8,1.580625,0.035208
6170,102.816667,1.454167,0.026458
6171,102.833333,1.428264,0.025764
6172,102.85,1.377361,0.016875
6173,102.866667,1.430833,0.025625
6174,102.883333,1.585764,0.029375
6175,102.9,1.575278,0.035069
6176,102.916667,1.457917,0.026042
6177,102.933333,0.05125,0.0
6178,102.95,2.666806,0.092292
6179,102.966667,1.466458,0.025069
6180,102.983333,1.700694,0.038333
6181,103.0,1.408333,0.024444
6182,103.016667,1.181458,0.014514
6183,103.033333,1.619792,0.033819
6184,103.05,1.551389,0.024861
6185,103.066667,1.636528,0.038472
6186,103.083333,1.459653,0.024861
6187,103.1,1.143056,0.013958
6188,103.116667,1.676181,0.034167
6189,103.133333,1.467222,0.024375
6190,103.15,1.632708,0.033056
6191,103.166667,1.540139,0.028056
6192,103.183333,1.591528,0.025486
6193,103.2,1.231875,0.013333
6194,103.216667,1.540972,0.023889
6195,103.233333,0.035,0.0
6196,103.25,3.176875,0.1075
6197,103.266667,1.491528,0.022222
6198,103.283333,1.382708,0.014236
6199,103.3,1.77875,0.028056
6200,103.316667,1.552986,0.023611
6201,103.333333,0.070764,0.0
6202,103.35,3.394444,0.102986
6203,103.366667,1.189931,0.013264
6204,103.383333,1.738819,0.033333
6205,103.4,1.534444,0.024375
6206,103.416667,1.802569,0.041319
6207,103.433333,1.522431,0.022014
6208,103.45,1.2425,0.014236
6209,103.466667,1.665903,0.033403
6210,103.483333,1.690069,0.028819
6211,103.5,1.680972,0.032986
6212,103.516667,1.675,0.024861
6213,103.533333,1.245486,0.015069
6214,103.55,1.735972,0.035
6215,103.566667,1.638542,0.026181
6216,103.583333,1.734653,0.028056
6217,103.6,1.771736,0.038819
6218,103.616667,1.125,0.015278
6219,103.633333,1.745764,0.034722
6220,103.65,1.748333,0.025556
6221,103.666667,1.6375,0.024236
6222,103.683333,1.761181,0.038542
6223,103.7,1.126736,0.01375
6224,103.716667,1.715139,0.030556
6225,103.733333,1.695764,0.030833
6226,103.75,1.748403,0.024653
6227,103.766667,1.714931,0.037222
6228,103.783333,1.605208,0.019514
6229,103.8,1.269583,0.013264
6230,103.816667,1.793472,0.039306
6231,103.833333,1.617222,0.023472
6232,103.85,1.796944,0.035972
6233,103.866667,1.759375,0.031319
6234,103.883333,1.227014,0.011528
6235,103.9,1.797708,0.039236
6236,103.916667,1.609861,0.020625
6237,103.933333,1.704931,0.028194
6238,103.95,1.760972,0.032708
6239,103.966667,1.17375,0.012153
6240,103.983333,1.824028,0.043681
6241,104.0,1.725764,0.026944
6242,104.016667,1.753056,0.026319
6243,104.033333,0.040625,0.0
6244,104.05,2.92,0.090903
6245,104.066667,1.774653,0.034653
6246,104.083333,1.811597,0.032083
6247,104.1,1.694375,0.027153
6248,104.116667,1.839236,0.039583
6249,104.133333,1.258264,0.010903
6250,104.15,1.768056,0.030764
6251,104.166667,1.829306,0.040069
6252,104.183333,1.708889,0.025833
6253,104.2,1.904167,0.041389
6254,104.216667,1.493472,0.0125
6255,104.233333,0.056181,0.0
6256,104.25,3.469375,0.098264
6257,104.266667,1.710347,0.025694
6258,104.283333,1.945139,0.038958
6259,104.3,1.435347,0.011667
6260,104.316667,1.694931,0.029375
6261,104.333333,1.898403,0.042222
6262,104.35,1.975903,0.033125
6263,104.366667,1.849167,0.034931
6264,104.383333,1.895139,0.037778
6265,104.4,1.393681,0.019583
6266,104.416667,2.033819,0.039514
6267,104.433333,1.967847,0.037361
6268,104.45,1.836597,0.032083
6269,104.466667,2.022569,0.047292
6270,104.483333,1.475139,0.018056
6271,104.5,1.915625,0.034861
6272,104.516667,2.100139,0.045347
6273,104.533333,0.060764,0.0
6274,104.55,3.790625,0.093681
6275,104.566667,1.519514,0.019444
6276,104.583333,1.935,0.032917
6277,104.6,2.148472,0.053333
6278,104.616667,2.052014,0.031181
6279,104.633333,2.184236,0.04
6280,104.65,1.605139,0.01625
6281,104.666667,1.941736,0.030625
6282,104.683333,2.258403,0.05
6283,104.7,2.068194,0.033125
6284,104.716667,2.120278,0.034444
6285,104.733333,1.551528,0.014792
6286,104.75,2.024167,0.02875
6287,104.766667,2.110694,0.039583
6288,104.783333,2.270972,0.042292
6289,104.8,1.963403,0.029236
6290,104.816667,1.779306,0.024028
6291,104.833333,2.145139,0.032917
6292,104.85,2.2925,0.037222
6293,104.866667,2.255208,0.047361
6294,104.883333,2.108611,0.030486
6295,104.9,2.383889,0.055486
6296,104.916667,1.852153,0.021528
6297,104.933333,2.252917,0.036319
6298,104.95,2.436597,0.057153
6299,104.966667,2.273056,0.033819
6300,104.983333,2.541042,0.053611
6301,105.0,1.919653,0.024375
6302,105.016667,2.306458,0.034444
6303,105.033333,2.47375,0.055417
6304,105.05,2.592639,0.039097
6305,105.066667,2.527917,0.044861
6306,105.083333,1.994653,0.028333
6307,105.1,2.345069,0.035486
6308,105.116667,2.730486,0.057847
6309,105.133333,2.604028,0.050972
6310,105.15,2.505208,0.041875
6311,105.166667,1.914444,0.030208
6312,105.183333,2.579444,0.043333
6313,105.2,2.570069,0.046736
6314,105.216667,2.670972,0.056944
6315,105.233333,2.439375,0.040208
6316,105.25,2.112708,0.035278
6317,105.266667,2.706667,0.055486
6318,105.283333,2.570278,0.047153
6319,105.3,2.640625,0.060625
6320,105.316667,2.635208,0.043472
6321,105.333333,2.068264,0.037083
6322,105.35,2.840694,0.061528
6323,105.366667,2.535208,0.044514
6324,105.383333,2.753958,0.060833
6325,105.4,2.678681,0.052014
6326,105.416667,2.664653,0.055
6327,105.433333,2.245,0.043403
6328,105.45,2.634167,0.049028
6329,105.466667,2.846875,0.066458
6330,105.483333,2.8275,0.059931
6331,105.5,2.797569,0.055208
6332,105.516667,2.140208,0.044375
6333,105.533333,2.880556,0.05875
6334,105.55,2.770208,0.058889
6335,105.566667,2.840972,0.06375
6336,105.583333,2.842569,0.054514
6337,105.6,2.1175,0.042778
6338,105.616667,3.007431,0.067014
6339,105.633333,2.791944,0.058403
6340,105.65,2.899653,0.067014
6341,105.666667,2.845486,0.058611
6342,105.683333,2.232431,0.045556
6343,105.7,2.832986,0.061389
6344,105.716667,2.834028,0.0575
6345,105.733333,2.846458,0.063889
6346,105.75,2.850833,0.062431
6347,105.766667,2.393403,0.051528
6348,105.783333,2.816528,0.06375
6349,105.8,2.879792,0.061042
6350,105.816667,2.907083,0.069653
6351,105.833333,3.044444,0.067847
6352,105.85,2.29125,0.048125
6353,105.866667,3.034792,0.072153
6354,105.883333,2.99375,0.067847
6355,105.9,3.151528,0.071458
6356,105.916667,3.066042,0.068472
6357,105.933333,2.295278,0.049167
6358,105.95,3.113056,0.075347
6359,105.966667,3.118472,0.071042
6360,105.983333,3.139028,0.068403
6361,106.0,3.125347,0.072917
6362,106.016667,3.1525,0.07
6363,106.033333,2.486736,0.053819
6364,106.05,3.09,0.068819
6365,106.066667,3.124097,0.066042
6366,106.083333,3.126806,0.073819
6367,106.1,3.173819,0.071736
6368,106.116667,2.608194,0.058056
6369,106.133333,3.206458,0.075208
6370,106.15,3.211111,0.070139
6371,106.166667,3.312292,0.081319
6372,106.183333,3.326181,0.075417
6373,106.2,2.484306,0.053542
6374,106.216667,3.214514,0.075625
6375,106.233333,3.34,0.075208
6376,106.25,3.369722,0.076875
6377,106.266667,3.436042,0.077292
6378,106.283333,2.419861,0.051111
6379,106.3,3.385347,0.083194
6380,106.316667,3.406319,0.075694
6381,106.333333,3.520139,0.078472
6382,106.35,3.355069,0.077292
6383,106.366667,2.658542,0.054097
6384,106.383333,3.344792,0.074792
6385,106.4,3.312431,0.067847
6386,106.416667,3.291389,0.065417
6387,106.433333,3.230694,0.063611
6388,106.45,2.616597,0.043403
6389,106.466667,3.394028,0.065069
6390,106.483333,3.382917,0.067708
6391,106.5,3.347639,0.065139
6392,106.516667,3.436458,0.065417
6393,106.533333,3.374306,0.066736
6394,106.55,2.625347,0.047222
6395,106.566667,3.347153,0.066944
6396,106.583333,3.490833,0.069028
6397,106.6,3.352292,0.065
6398,106.616667,3.448681,0.070208
6399,106.633333,2.574931,0.045069
6400,106.65,3.429028,0.06625
6401,106.666667,3.55,0.07625
6402,106.683333,3.584583,0.073194
6403,106.7,3.858611,0.080764
6404,106.716667,3.219028,0.062778
6405,106.733333,4.199306,0.089444
6406,106.75,4.010208,0.091597
6407,106.766667,4.011944,0.08625
6408,106.783333,4.068403,0.090208
6409,106.8,3.136389,0.058542
6410,106.816667,4.015764,0.088403
6411,106.833333,4.060833,0.092431
6412,106.85,3.833542,0.078611
6413,106.866667,3.97625,0.084514
6414,106.883333,2.816319,0.053194
6415,106.9,3.869028,0.081389
6416,106.916667,3.931181,0.085764
6417,106.933333,3.842361,0.079931
6418,106.95,3.851042,0.083056
6419,106.966667,2.945139,0.062778
6420,106.983333,3.825556,0.079792
6421,107.0,3.828889,0.080833
6422,107.016667,3.772569,0.077986
6423,107.033333,3.760347,0.077986
6424,107.05,3.879931,0.087639
6425,107.066667,2.899097,0.055486
6426,107.083333,3.733681,0.081042
6427,107.1,3.805,0.083681
6428,107.116667,3.823333,0.080208
6429,107.133333,3.713542,0.081667
6430,107.15,2.795347,0.053542
6431,107.166667,3.784306,0.080764
6432,107.183333,3.79375,0.085833
6433,107.2,3.789653,0.079236
6434,107.216667,3.688611,0.080903
6435,107.233333,2.810139,0.055278
6436,107.25,3.683403,0.079028
6437,107.266667,3.698472,0.081806
6438,107.283333,3.756944,0.082431
6439,107.3,3.522222,0.076667
6440,107.316667,2.880694,0.062153
6441,107.333333,3.661875,0.077639
6442,107.35,3.689028,0.081319
6443,107.366667,3.577569,0.075208
6444,107.383333,3.584028,0.078264
6445,107.4,2.796736,0.063264
6446,107.416667,3.515069,0.073472
6447,107.433333,3.522917,0.076319
6448,107.45,3.692986,0.081944
6449,107.466667,3.588472,0.074861
6450,107.483333,2.789792,0.062639
6451,107.5,3.416042,0.069722
6452,107.516667,3.803958,0.078472
6453,107.533333,3.691806,0.085139
6454,107.55,3.519861,0.075208
6455,107.566667,2.608194,0.058194
6456,107.583333,3.573333,0.081528
6457,107.6,3.627639,0.076319
6458,107.616667,3.517708,0.080278
6459,107.633333,3.494583,0.073542
6460,107.65,3.463819,0.076597
6461,107.666667,2.699375,0.062431
6462,107.683333,0.175,0.0
6463,107.7,6.694861,0.139722
6464,107.716667,3.383333,0.073611
6465,107.733333,3.574444,0.077292
6466,107.75,2.582708,0.060208
6467,107.766667,3.435,0.075347
6468,107.783333,3.343403,0.074653
6469,107.8,3.522778,0.081875
6470,107.816667,3.465625,0.0775
6471,107.833333,2.636181,0.06
6472,107.85,3.329653,0.070972
6473,107.866667,3.406319,0.07375
6474,107.883333,3.307778,0.082708
6475,107.9,3.427847,0.075556
6476,107.916667,2.535069,0.059028
6477,107.933333,3.395278,0.080625
6478,107.95,3.3075,0.072917
6479,107.966667,3.416528,0.079653
6480,107.983333,3.274514,0.073889
6481,108.0,2.585208,0.057361
6482,108.016667,3.285347,0.079583
6483,108.033333,3.275347,0.075625
6484,108.05,3.268681,0.074444
6485,108.066667,3.304306,0.072153
6486,108.083333,2.439653,0.055417
6487,108.1,3.349514,0.079514
6488,108.116667,3.372292,0.074931
6489,108.133333,3.264792,0.073681
6490,108.15,3.238889,0.082361
6491,108.166667,2.577708,0.054861
6492,108.183333,3.212569,0.074375
6493,108.2,3.353194,0.074583
6494,108.216667,3.244097,0.074653
6495,108.233333,3.322222,0.083056
6496,108.25,3.234167,0.077847
6497,108.266667,2.480694,0.058611
6498,108.283333,3.218264,0.078125
6499,108.3,3.346389,0.076875
6500,108.316667,3.210625,0.080764
6501,108.333333,3.278194,0.074028
6502,108.35,2.429514,0.057431
6503,108.366667,3.319097,0.08375
6504,108.383333,3.363819,0.079583
6505,108.4,3.24375,0.07625
6506,108.416667,3.160347,0.076806
6507,108.433333,2.522361,0.058611
6508,108.45,3.301667,0.080069
6509,108.466667,3.178889,0.074792
6510,108.483333,3.249375,0.079236
6511,108.5,3.214792,0.078472
6512,108.516667,2.539097,0.057153
6513,108.533333,3.237292,0.07625
6514,108.55,3.165139,0.072847
6515,108.566667,3.191736,0.074167
6516,108.583333,3.105625,0.081458
6517,108.6,2.475625,0.052292
6518,108.616667,3.113403,0.075208
6519,108.633333,3.16,0.079028
6520,108.65,3.214028,0.075139
6521,108.666667,3.135417,0.076736
6522,108.683333,2.361806,0.050694
6523,108.7,3.190417,0.074514
6524,108.716667,3.174444,0.078194
6525,108.733333,3.025903,0.072847
6526,108.75,3.091389,0.076181
6527,108.766667,3.039306,0.068819
6528,108.783333,2.414792,0.053611
6529,108.8,3.070764,0.074167
6530,108.816667,2.976875,0.073333
6531,108.833333,2.97,0.067986
6532,108.85,3.056111,0.073194
6533,108.866667,2.551042,0.050903
6534,108.883333,2.866597,0.065417
6535,108.9,3.005486,0.064306
6536,108.916667,2.869861,0.066875
6537,108.933333,3.002361,0.069583
6538,108.95,2.319236,0.047847
6539,108.966667,2.888125,0.064514
6540,108.983333,3.069653,0.073264
6541,109.0,2.916667,0.065694
6542,109.016667,2.844444,0.073611
6543,109.033333,2.176042,0.042708
6544,109.05,2.867292,0.067847
6545,109.066667,5.504375,0.139583
6546,109.083333,0.132986,0.0
6547,109.1,2.721389,0.060347
6548,109.116667,8.151875,0.055208
6549,109.133333,2.0,0.039861
6550,109.15,2.239792,0.046181
6551,109.166667,0.115278,0.0
6552,109.183333,0.176667,0.0
6553,109.2,0.070764,0.0
6554,109.216667,0.083611,0.0
6555,109.233333,0.063472,0.0
6556,109.25,0.051875,0.0
6557,109.266667,0.097708,0.0
6558,109.283333,0.027778,0.0
6559,109.3,0.024306,0.0
6560,109.316667,0.029653,0.0
6561,109.333333,0.028333,0.0
6562,109.35,0.018194,0.0
6563,109.366667,0.013403,0.0
6564,109.383333,0.008264,0.0
6565,109.4,0.009444,0.0
6566,109.416667,0.010833,0.0
6567,109.433333,0.012222,0.0
6568,109.45,0.003889,0.0
6569,109.466667,0.008264,0.0
6570,109.483333,0.003819,0.0
6571,109.5,0.008819,0.0
6572,109.516667,0.003056,0.0
6573,109.533333,0.005208,0.0
6574,109.55,0.003264,0.0
6575,109.566667,0.006875,0.0
6576,109.583333,0.000972,0.0
6577,109.6,0.005208,0.0
6578,109.616667,0.0025,0.0
6579,109.633333,0.004792,0.0
6580,109.65,0.000764,0.0
6581,109.666667,0.002153,0.0
6582,109.683333,0.001319,0.0
6583,109.7,0.002847,0.0
6584,109.716667,0.000972,0.0
6585,109.733333,0.017708,0.000486
6586,109.75,0.002639,0.0
6587,109.766667,0.002847,0.0
6588,109.783333,0.0,0.0
6589,109.8,0.001944,0.0
6590,109.816667,0.001597,0.0
6591,109.833333,0.0025,0.0
6592,109.85,0.000278,0.0
6593,109.866667,0.001319,0.0
6594,109.883333,0.001181,0.0
6595,109.9,0.001389,0.0
6596,109.916667,0.000417,0.0
6597,109.933333,0.000694,0.0
6598,109.95,0.000972,0.0
6599,109.966667,0.000694,0.0
6600,109.983333,0.000278,0.0
6601,110.0,0.179375,0.0
6602,110.016667,0.000208,0.0
6603,110.033333,0.000764,0.0
6604,110.05,0.0,0.0
6605,110.066667,0.000208,0.0
6606,110.083333,0.000486,0.0
6607,110.1,0.000486,0.0
6608,110.116667,0.003333,6.9e-05
6609,110.133333,0.0,0.0
6610,110.15,0.000208,0.0
6611,110.166667,0.001458,0.0
6612,110.183333,0.015556,0.0
6613,110.2,7.125278,0.156806
6614,110.216667,5.025625,0.128194
6615,110.233333,4.504861,0.111875
6616,110.25,5.111528,0.115278
6617,110.266667,3.704306,0.089722
6618,110.283333,3.254861,0.088472
6619,110.3,3.804931,0.090972
6620,110.316667,2.57375,0.065208
6621,110.333333,8.690833,0.175556
6622,110.35,6.255069,0.152153
6623,110.366667,6.786181,0.155069
6624,110.383333,5.820208,0.141736
6625,110.4,5.401319,0.134931
6626,110.416667,5.421181,0.137708
6627,110.433333,0.094306,0.0
6628,110.45,7.668403,0.170486
6629,110.466667,4.392292,0.112847
6630,110.483333,3.042014,0.082361
6631,110.5,3.161458,0.085694
6632,110.516667,2.480278,0.061528
6633,110.533333,3.259375,0.087153
6634,110.55,1.888819,0.037569
6635,110.566667,2.584653,0.063958
6636,110.583333,1.938542,0.038889
6637,110.6,1.953333,0.038403
6638,110.616667,1.329375,0.012917
6639,110.633333,1.377431,0.015486
6640,110.65,1.369792,0.020764
6641,110.666667,1.324792,0.022292
6642,110.683333,1.316806,0.01875
6643,110.7,0.761528,0.007569
6644,110.716667,1.3875,0.012708
6645,110.733333,0.685139,0.009722
6646,110.75,0.759722,0.009722
6647,110.766667,0.687431,0.004514
6648,110.783333,0.735764,0.003958
6649,110.8,0.65875,0.001458
6650,110.816667,0.743819,0.003125
6651,110.833333,0.186736,0.0
6652,110.85,0.799028,0.009097
6653,110.866667,0.564444,0.007986
6654,110.883333,0.173611,0.0
6655,110.9,0.747708,0.008681
6656,110.916667,0.176944,0.0
6657,110.933333,0.122569,0.0
6658,110.95,0.793125,0.009583
6659,110.966667,0.075972,0.0
6660,110.983333,0.104792,0.0
6661,111.0,0.687917,0.009931
6662,111.016667,0.114722,0.0
6663,111.033333,0.073403,0.0
6664,111.05,0.077708,0.0
6665,111.066667,0.081458,0.0
6666,111.083333,0.791528,0.008681
6667,111.1,0.066528,0.0
6668,111.116667,0.091875,0.0
6669,111.133333,0.060347,0.0
6670,111.15,0.127153,0.0
6671,111.166667,0.023889,0.0
6672,111.183333,0.026736,0.0
6673,111.2,0.039236,0.0
6674,111.216667,0.020417,0.0
6675,111.233333,8.328403,0.055208
6676,111.25,0.14,0.00625
6677,111.266667,0.000278,0.0
6678,111.283333,0.001806,0.0
6679,111.3,2.239306,0.045694
6680,111.316667,0.039444,0.0
6681,111.333333,0.024931,0.0
6682,111.35,0.040139,0.0
6683,111.366667,0.000139,0.0
6684,111.383333,0.003194,0.0
6685,111.4,0.003472,0.0
6686,111.416667,0.005347,0.0
6687,111.433333,0.0,0.0
6688,111.45,0.0,0.0
6689,111.466667,0.005903,0.000139
6690,111.483333,0.00125,0.0
6691,111.5,0.796319,0.009306
6692,111.516667,0.791736,0.008889
6693,111.533333,0.805069,0.009861
6694,111.55,0.786806,0.005
6695,111.566667,0.164236,0.0
6696,111.583333,0.737639,0.002639
6697,111.6,1.405347,0.023542
6698,111.616667,0.761875,0.007639
6699,111.633333,0.784583,0.009167
6700,111.65,0.805139,0.009722
6701,111.666667,1.478056,0.017917
6702,111.683333,1.656319,0.021736
6703,111.7,0.731528,0.002778
6704,111.716667,1.369167,0.024375
6705,111.733333,1.42,0.017917
6706,111.75,1.458333,0.016597
6707,111.766667,2.063611,0.042083
6708,111.783333,1.322083,0.024583
6709,111.8,1.469653,0.024722
6710,111.816667,2.084097,0.039653
6711,111.833333,1.977083,0.040764
6712,111.85,2.008472,0.042431
6713,111.866667,2.086736,0.048542
6714,111.883333,2.015764,0.037778
6715,111.9,1.952153,0.041458
6716,111.916667,2.789861,0.083264
6717,111.933333,0.075625,0.0
6718,111.95,0.099861,0.0
6719,111.966667,0.135347,0.0
6720,111.983333,6.494028,0.143889
6721,112.0,5.013056,0.121319
6722,112.016667,2.884097,0.069167
6723,112.033333,2.228472,0.080069
6724,112.05,2.394792,0.062708
6725,112.066667,2.978889,0.093194
6726,112.083333,2.243958,0.056042
6727,112.1,2.921806,0.086736
6728,112.116667,2.334375,0.061806
6729,112.133333,2.884236,0.080486
6730,112.15,2.420556,0.069861
6731,112.166667,2.370625,0.061111
6732,112.183333,2.986181,0.087083
6733,112.2,2.372986,0.061458
6734,112.216667,2.996042,0.090764
6735,112.233333,2.415069,0.065417
6736,112.25,4.388542,0.129306
6737,112.266667,0.070764,0.0
6738,112.283333,2.680347,0.080903
6739,112.3,0.083403,0.0
6740,112.316667,2.248681,0.073958
6741,112.333333,2.169375,0.057778
6742,112.35,2.717431,0.087222
6743,112.366667,2.108125,0.055903
6744,112.383333,2.724931,0.08625
6745,112.4,2.192778,0.065417
6746,112.416667,2.639514,0.08
6747,112.433333,0.066667,0.0
6748,112.45,3.970764,0.113125
6749,112.466667,2.7275,0.086736
6750,112.483333,2.105556,0.057083
6751,112.5,2.712292,0.086042
6752,112.516667,2.146944,0.059792
6753,112.533333,2.632778,0.081181
6754,112.55,2.226597,0.069167
6755,112.566667,2.509653,0.075208
6756,112.583333,2.245486,0.074931
6757,112.6,2.066181,0.055625
6758,112.616667,2.655764,0.082917
6759,112.633333,0.122361,0.0
6760,112.65,4.130139,0.124931
6761,112.666667,2.181458,0.066528
6762,112.683333,2.447431,0.073472
6763,112.7,2.216319,0.073542
6764,112.716667,2.430903,0.070278
6765,112.733333,2.164167,0.070208
6766,112.75,2.042292,0.056042
6767,112.766667,2.511319,0.076667
6768,112.783333,2.098264,0.066042
6769,112.8,2.407153,0.071319
6770,112.816667,2.142292,0.072083
6771,112.833333,2.324514,0.067847
6772,112.85,2.176944,0.072639
6773,112.866667,2.353333,0.068819
6774,112.883333,2.115556,0.065278
6775,112.9,2.037639,0.061389
6776,112.916667,2.075139,0.061597
6777,112.933333,2.506597,0.077639
6778,112.95,1.949931,0.052361
6779,112.966667,2.553472,0.084097
6780,112.983333,1.937986,0.051319
6781,113.0,2.579097,0.082292
6782,113.016667,1.972986,0.058472
6783,113.033333,2.525139,0.078611
6784,113.05,2.125972,0.068194
6785,113.066667,2.088125,0.057917
6786,113.083333,2.547847,0.081319
6787,113.1,2.025972,0.053889
6788,113.116667,2.582917,0.082917
6789,113.133333,2.048194,0.055694
6790,113.15,2.523264,0.079653
6791,113.166667,2.088264,0.064236
6792,113.183333,2.052292,0.059514
6793,113.2,2.497083,0.075625
6794,113.216667,1.971042,0.053889
6795,113.233333,2.449514,0.078264
6796,113.25,1.979167,0.052153
6797,113.266667,2.402986,0.074653
6798,113.283333,2.039722,0.062153
6799,113.3,2.287153,0.067361
6800,113.316667,2.044236,0.064167
6801,113.333333,0.076319,0.0
6802,113.35,1.810139,0.047361
6803,113.366667,2.338264,0.072778
6804,113.383333,1.793194,0.0475
6805,113.4,2.287639,0.070139
6806,113.416667,1.915417,0.050208
6807,113.433333,2.270903,0.063472
6808,113.45,1.967014,0.053958
6809,113.466667,2.110069,0.062083
6810,113.483333,2.049444,0.061667
6811,113.5,1.830486,0.045833
6812,113.516667,2.457986,0.075
6813,113.533333,1.848333,0.043889
6814,113.55,2.341667,0.067153
6815,113.566667,1.923472,0.056667
6816,113.583333,2.288819,0.060625
6817,113.6,2.069653,0.060417
6818,113.616667,2.244306,0.060139
6819,113.633333,2.086042,0.065764
6820,113.65,1.880694,0.047222
6821,113.666667,2.493403,0.074861
6822,113.683333,1.942222,0.049306
6823,113.7,2.539722,0.075278
6824,113.716667,2.087569,0.057917
6825,113.733333,2.444514,0.062847
6826,113.75,2.189514,0.066667
6827,113.766667,2.429792,0.065208
6828,113.783333,2.209444,0.068194
6829,113.8,2.015764,0.05
6830,113.816667,2.572639,0.075625
6831,113.833333,0.055903,0.0
6832,113.85,4.093264,0.113542
6833,113.866667,2.144792,0.058611
6834,113.883333,2.540347,0.062361
6835,113.9,2.253264,0.062778
6836,113.916667,2.428264,0.059861
6837,113.933333,2.244653,0.063681
6838,113.95,2.078958,0.04875
6839,113.966667,2.625139,0.072708
6840,113.983333,2.212986,0.056528
6841,114.0,2.613958,0.065486
6842,114.016667,2.370139,0.063611
6843,114.033333,2.595556,0.064792
6844,114.05,2.284653,0.061528
6845,114.066667,2.180486,0.056111
6846,114.083333,2.739931,0.072917
6847,114.1,2.274653,0.056042
6848,114.116667,2.700972,0.07
6849,114.133333,2.218958,0.056389
6850,114.15,2.737778,0.070625
6851,114.166667,2.252292,0.057708
6852,114.183333,2.768681,0.071597
6853,114.2,2.401181,0.060556
6854,114.216667,2.436736,0.061319
6855,114.233333,0.050417,0.0
6856,114.25,4.826042,0.121528
6857,114.266667,2.867083,0.072431
6858,114.283333,2.423056,0.058542
6859,114.3,2.807222,0.071736
6860,114.316667,2.283125,0.056806
6861,114.333333,0.060347,0.0
6862,114.35,4.690208,0.122153
6863,114.366667,2.395486,0.061181
6864,114.383333,2.793333,0.071806
6865,114.4,2.419306,0.063819
6866,114.416667,2.896389,0.074236
6867,114.433333,2.419722,0.060694
6868,114.45,2.925764,0.074097
6869,114.466667,2.444861,0.061597
6870,114.483333,4.928889,0.127917
6871,114.5,0.027569,0.0
6872,114.516667,2.429722,0.061597
6873,114.533333,0.081944,0.0
6874,114.55,4.924792,0.124306
6875,114.566667,2.947222,0.075486
6876,114.583333,2.522153,0.065278
6877,114.6,2.987014,0.077222
6878,114.616667,2.538958,0.064722
6879,114.633333,2.525278,0.062361
6880,114.65,3.020903,0.07875
6881,114.666667,2.587083,0.063681
6882,114.683333,3.050764,0.077431
6883,114.7,2.626736,0.066667
6884,114.716667,3.121389,0.080208
6885,114.733333,2.647569,0.06875
6886,114.75,3.132639,0.080833
6887,114.766667,2.740278,0.071042
6888,114.783333,2.727083,0.069931
6889,114.8,3.127222,0.083056
6890,114.816667,2.646667,0.06875
6891,114.833333,0.077292,0.0
6892,114.85,5.467986,0.130625
6893,114.866667,3.289167,0.084167
6894,114.883333,3.150625,0.078403
6895,114.9,3.832083,0.097639
6896,114.916667,3.177917,0.080139
6897,114.933333,0.061042,0.0
6898,114.95,6.546458,0.14875
6899,114.966667,0.068681,0.0
6900,114.983333,3.170764,0.084722
6901,115.0,3.78875,0.094028
6902,115.016667,3.138125,0.083264
6903,115.033333,3.730625,0.094167
6904,115.05,3.135764,0.081042
6905,115.066667,3.760486,0.097431
6906,115.083333,3.173542,0.081944
6907,115.1,3.141736,0.083958
6908,115.116667,3.75625,0.095833
6909,115.133333,3.125208,0.085972
6910,115.15,3.775347,0.095625
6911,115.166667,3.182222,0.086458
6912,115.183333,3.801181,0.097361
6913,115.2,3.183472,0.085
6914,115.216667,3.803194,0.097153
6915,115.233333,3.211597,0.083542
6916,115.25,3.165069,0.081736
6917,115.266667,3.792431,0.098819
6918,115.283333,3.126667,0.083403
6919,115.3,3.797361,0.096181
6920,115.316667,3.108889,0.085139
6921,115.333333,3.655139,0.092153
6922,115.35,3.145278,0.082569
6923,115.366667,3.107083,0.078472
6924,115.383333,3.706319,0.09625
6925,115.4,3.093264,0.076667
6926,115.416667,3.625833,0.089931
6927,115.433333,3.045903,0.077014
6928,115.45,3.619931,0.089167
6929,115.466667,3.063958,0.078264
6930,115.483333,3.601389,0.087361
6931,115.5,3.028264,0.077986
6932,115.516667,3.038542,0.073056
6933,115.533333,0.015417,0.0
6934,115.55,0.023194,0.0
6935,115.566667,6.156736,0.140833
6936,115.583333,3.601736,0.089861
6937,115.6,3.015139,0.0725
6938,115.616667,3.561042,0.088125
6939,115.633333,2.942222,0.073611
6940,115.65,3.556667,0.087708
6941,115.666667,3.048472,0.081389
6942,115.683333,3.038194,0.073403
6943,115.7,3.671736,0.101389
6944,115.716667,3.059097,0.071875
6945,115.733333,3.723333,0.101319
6946,115.75,3.08375,0.071944
6947,115.766667,3.734792,0.097847
6948,115.783333,3.084097,0.072778
6949,115.8,3.683542,0.092847
6950,115.816667,3.173125,0.077569
6951,115.833333,3.097222,0.075
6952,115.85,3.876736,0.102222
6953,115.866667,3.091042,0.072083
6954,115.883333,3.733264,0.102569
6955,115.9,3.118681,0.072778
6956,115.916667,3.699792,0.100903
6957,115.933333,3.134931,0.0725
6958,115.95,3.748194,0.100903
6959,115.966667,3.185417,0.074444
6960,115.983333,3.180278,0.081458
6961,116.0,3.750903,0.094097
6962,116.016667,3.191319,0.078819
6963,116.033333,3.772014,0.097639
6964,116.05,3.125833,0.070417
6965,116.066667,3.801319,0.103611
6966,116.083333,3.041319,0.067292
6967,116.1,3.771181,0.102847
6968,116.116667,3.042083,0.06875
6969,116.133333,3.111667,0.079444
6970,116.15,3.588958,0.084722
6971,116.166667,3.05125,0.074028
6972,116.183333,3.564444,0.087431
6973,116.2,2.981597,0.068889
6974,116.216667,3.594931,0.094097
6975,116.233333,2.915556,0.063472
6976,116.25,2.955625,0.073125
6977,116.266667,3.361806,0.0775
6978,116.283333,2.899028,0.073542
6979,116.3,3.2375,0.072292
6980,116.316667,2.799167,0.069653
6981,116.333333,0.022083,0.0
6982,116.35,5.54625,0.134514
6983,116.366667,3.164167,0.076806
6984,116.383333,2.617986,0.05875
6985,116.4,2.623194,0.062153
6986,116.416667,2.984792,0.070278
6987,116.433333,2.564583,0.063264
6988,116.45,2.89375,0.063889
6989,116.466667,2.517708,0.064792
6990,116.483333,2.855903,0.062778
6991,116.5,2.4475,0.061528
6992,116.516667,2.810833,0.062708
6993,116.533333,2.399028,0.055833
6994,116.55,2.299167,0.049097
6995,116.566667,2.680833,0.065625
6996,116.583333,2.286597,0.049028
6997,116.6,2.578125,0.057778
6998,116.616667,2.200347,0.051736
6999,116.633333,2.436111,0.049861
7000,116.65,2.160903,0.052153
7001,116.666667,2.408611,0.047569
7002,116.683333,2.091944,0.050694
7003,116.7,1.980417,0.038681
7004,116.716667,2.448264,0.061319
7005,116.733333,1.965972,0.038125
7006,116.75,2.264444,0.052431
7007,116.766667,1.886667,0.039514
7008,116.783333,2.145972,0.044167
7009,116.8,1.832153,0.040833
7010,116.816667,1.767361,0.030139
7011,116.833333,2.108819,0.05375
7012,116.85,1.645694,0.026389
7013,116.866667,2.042083,0.051528
7014,116.883333,1.625556,0.026319
7015,116.9,1.994028,0.047639
7016,116.916667,1.628194,0.027847
7017,116.933333,0.0275,0.0
7018,116.95,3.144653,0.065069
7019,116.966667,1.570764,0.029931
7020,116.983333,1.891944,0.044653
7021,117.0,1.515,0.024167
7022,117.016667,1.917153,0.049653
7023,117.033333,1.461319,0.023889
7024,117.05,1.879792,0.049167
7025,117.066667,1.454514,0.023194
7026,117.083333,1.791736,0.046111
7027,117.1,1.465625,0.025417
7028,117.116667,1.465833,0.032083
7029,117.133333,1.744861,0.037917
7030,117.15,1.408056,0.027917
7031,117.166667,1.785764,0.043889
7032,117.183333,1.380694,0.022778
7033,117.2,1.756458,0.047708
7034,117.216667,1.349722,0.020139
7035,117.233333,0.017431,0.0
7036,117.25,0.020833,0.0
7037,117.266667,2.782986,0.061597
7038,117.283333,1.434097,0.031944
7039,117.3,1.559375,0.028889
7040,117.316667,1.325556,0.026875
7041,117.333333,2.688403,0.06625
7042,117.35,1.575208,0.037986
7043,117.366667,1.241042,0.018333
7044,117.383333,1.557431,0.042847
7045,117.4,1.177917,0.016181
7046,117.416667,1.284097,0.029236
7047,117.433333,1.415486,0.022431
7048,117.45,1.005694,0.023403
7049,117.466667,1.012153,0.017222
7050,117.483333,0.880625,0.011806
7051,117.5,1.078958,0.021597
7052,117.516667,0.821944,0.008194
7053,117.533333,0.890139,0.010833
7054,117.55,0.950347,0.015903
7055,117.566667,0.914375,0.013958
7056,117.583333,0.965069,0.013056
7057,117.6,0.959028,0.016736
7058,117.616667,0.978403,0.014861
7059,117.633333,0.012014,0.0
7060,117.65,1.628472,0.044792
7061,117.666667,0.812917,0.011389
7062,117.683333,0.785556,0.009167
7063,117.7,0.87625,0.018333
7064,117.716667,0.805694,0.010347
7065,117.733333,0.839583,0.013958
7066,117.75,0.821944,0.013611
7067,117.766667,0.797083,0.011111
7068,117.783333,0.830833,0.013958
7069,117.8,0.821528,0.011111
7070,117.816667,0.813333,0.013264
7071,117.833333,0.012778,0.0
7072,117.85,1.525556,0.049514
7073,117.866667,0.77875,0.007083
7074,117.883333,0.884236,0.017014
7075,117.9,0.826806,0.008958
7076,117.916667,0.833958,0.012639
7077,117.933333,0.794028,0.010347
7078,117.95,0.775833,0.010764
7079,117.966667,1.264236,0.034722
7080,117.983333,0.919931,0.024444
7081,118.0,0.716389,0.005
7082,118.016667,0.909236,0.020347
7083,118.033333,0.019444,0.0
7084,118.05,1.411319,0.038889
7085,118.066667,0.716736,0.005278
7086,118.083333,0.843472,0.011597
7087,118.1,0.756667,0.008889
7088,118.116667,0.68625,0.005764
7089,118.133333,0.028194,0.0
7090,118.15,1.427639,0.040069
7091,118.166667,0.927083,0.021944
7092,118.183333,0.691181,0.003819
7093,118.2,0.872083,0.016597
7094,118.216667,0.669236,0.005208
7095,118.233333,0.005694,0.0
7096,118.25,1.202569,0.030694
7097,118.266667,0.650764,0.006806
7098,118.283333,0.711806,0.008125
7099,118.3,0.624653,0.005556
7100,118.316667,0.727222,0.010486
7101,118.333333,0.023681,0.0
7102,118.35,1.132153,0.027639
7103,118.366667,0.580278,0.004375
7104,118.383333,0.629236,0.006319
7105,118.4,0.691111,0.005278
7106,118.416667,0.637292,0.006458
7107,118.433333,0.689722,0.006389
7108,118.45,0.618958,0.007153
7109,118.466667,0.666042,0.006944
7110,118.483333,0.569097,0.005556
7111,118.5,0.642361,0.010069
7112,118.516667,0.532708,0.004097
7113,118.533333,0.008958,0.0
7114,118.55,1.097431,0.025833
7115,118.566667,0.556528,0.003264
7116,118.583333,0.683264,0.005764
7117,118.6,0.555417,0.002778
7118,118.616667,0.641111,0.005208
7119,118.633333,0.540208,0.003819
7120,118.65,0.647639,0.004583
7121,118.666667,0.581736,0.004097
7122,118.683333,0.574236,0.002847
7123,118.7,0.354375,0.002153
7124,118.716667,0.491736,0.002361
7125,118.733333,0.016875,0.0
7126,118.75,0.868125,0.010903
7127,118.766667,0.349306,0.001597
7128,118.783333,0.349444,0.001667
7129,118.8,0.370069,0.005
7130,118.816667,0.415556,0.007361
7131,118.833333,0.042917,0.0
7132,118.85,0.605903,0.013819
7133,118.866667,0.191806,0.000139
7134,118.883333,0.039028,0.000278
7135,118.9,0.207778,0.000347
7136,118.916667,0.254514,0.0
7137,118.933333,0.041806,0.0
7138,118.95,0.167222,0.0
7139,118.966667,0.015139,0.0
7140,118.983333,0.019931,0.0
7141,119.0,0.029236,0.0
7142,119.016667,0.0,0.0
7143,119.033333,6.9e-05,0.0
7144,119.05,0.00125,0.0
7145,119.066667,0.0,0.0
7146,119.083333,0.0,0.0
7147,119.1,0.0,0.0
7148,119.116667,0.000139,0.0
7149,119.133333,0.0,0.0
7150,119.15,0.0,0.0
7151,119.166667,6.9e-05,0.0
7152,119.183333,0.000347,0.0
7153,119.2,0.0,0.0
7154,119.216667,0.001389,0.0
7155,119.233333,0.0,0.0
7156,119.25,0.001667,0.0
7157,119.266667,0.0,0.0
7158,119.283333,0.0,0.0
7159,119.3,0.003333,0.0
7160,119.316667,0.001736,0.0
7161,119.333333,0.000486,0.0
7162,119.35,0.003333,0.0
7163,119.366667,0.001319,0.0
7164,119.383333,0.003681,0.0
7165,119.4,0.003472,0.0
7166,119.416667,0.010972,0.0
7167,119.433333,0.004167,0.0
7168,119.45,0.0025,0.0
7169,119.466667,0.005486,0.000139
7170,119.483333,0.0025,0.0
7171,119.5,0.005764,0.000139
7172,119.516667,0.005556,0.000139
7173,119.533333,0.008611,0.000347
7174,119.55,0.003958,0.000139
7175,119.566667,0.014861,0.0
7176,119.583333,0.013056,0.0
7177,119.6,0.163125,0.0
7178,119.616667,0.038958,0.000139
7179,119.633333,0.048333,0.0
7180,119.65,0.423958,0.007292
7181,119.666667,0.211736,0.000139
7182,119.683333,0.064722,6.9e-05
7183,119.7,2.205556,0.043333
7184,119.716667,2.157639,0.045833
7185,119.733333,0.006597,0.0
7186,119.75,0.006181,0.0
7187,119.766667,5.369167,0.131806
7188,119.783333,3.055833,0.071528
7189,119.8,3.287083,0.070417
7190,119.816667,2.786667,0.061042
7191,119.833333,0.002292,0.0
7192,119.85,0.001042,0.0
7193,119.866667,0.002292,0.0
7194,119.883333,5.961875,0.133542
7195,119.9,4.385972,0.103403
7196,119.916667,3.954653,0.084236
7197,119.933333,0.006042,0.0
7198,119.95,0.002708,0.0
7199,119.966667,5.231667,0.122153
7200,119.983333,4.065208,0.094028
7201,120.0,3.188889,0.077361
7202,120.016667,3.854375,0.08875
7203,120.033333,2.379236,0.063333
7204,120.05,5.528194,0.137222
7205,120.066667,0.422361,0.0
7206,120.083333,2.693264,0.065625
7207,120.1,2.145069,0.061944
7208,120.116667,1.619861,0.044861
7209,120.133333,0.078264,0.0
7210,120.15,3.600278,0.089653
7211,120.166667,0.130069,0.0
7212,120.183333,0.383333,0.0
7213,120.2,1.895208,0.050139
7214,120.216667,1.292917,0.032361
7215,120.233333,0.050347,0.0
7216,120.25,3.108333,0.079097
7217,120.266667,0.056944,0.000139
7218,120.283333,0.898958,0.003264
7219,120.3,0.552292,0.000139
7220,120.316667,1.279167,0.027014
7221,120.333333,0.024097,0.0
7222,120.35,0.011528,0.0
7223,120.366667,0.498194,0.000278
7224,120.383333,1.026806,0.017917
7225,120.4,0.552431,0.000139
7226,120.416667,0.929514,0.00375
7227,120.433333,0.060347,0.0
7228,120.45,0.015764,0.0
7229,120.466667,3.249792,0.085069
7230,120.483333,1.494306,0.043611
7231,120.5,1.499722,0.043611
7232,120.516667,1.440486,0.033472
7233,120.533333,5.656319,0.138194
7234,120.55,3.1475,0.085903
7235,120.566667,4.209028,0.098889
7236,120.583333,6.266736,0.147639
7237,120.6,6.777778,0.164583
7238,120.616667,8.24125,0.205556
7239,120.633333,0.029514,0.0
7240,120.65,0.03125,0.0
7241,120.666667,0.062292,0.000278
7242,120.683333,12.784722,0.275139
7243,120.7,12.979028,0.292292
7244,120.716667,15.144444,0.316111
7245,120.733333,0.006875,0.0
7246,120.75,19.18375,0.365556
7247,120.766667,28.940694,0.521389
7248,120.783333,13.941667,0.277014
7249,120.8,5.515,0.140347
7250,120.816667,7.401389,0.179653
7251,120.833333,0.132153,0.0
7252,120.85,0.190556,0.0
7253,120.866667,0.6,0.0
7254,120.883333,15.036736,0.301181
7255,120.9,16.621389,0.323681
7256,120.916667,16.639236,0.342986
7257,120.933333,24.742222,0.445556
7258,120.95,13.227569,0.321597
7259,120.966667,1.038958,0.018125
7260,120.983333,0.153611,0.0
7261,121.0,0.487917,0.0
7262,121.016667,0.009861,0.0
7263,121.033333,0.10375,0.0
7264,121.05,0.110486,0.0
7265,121.066667,0.065486,6.9e-05
7266,121.083333,0.049236,0.000208
7267,121.1,0.051181,0.000208
7268,121.116667,0.040833,6.9e-05
7269,121.133333,0.035139,0.0
7270,121.15,0.027569,0.0
7271,121.166667,0.024028,0.0
7272,121.183333,0.02125,0.0
7273,121.2,0.006042,0.0
7274,121.216667,0.003611,0.0
7275,121.233333,0.001944,0.0
7276,121.25,8.402917,0.210694
7277,121.266667,7.187361,0.184167
7278,121.283333,3.271111,0.094514
7279,121.3,2.23125,0.056181
7280,121.316667,4.242569,0.114097
7281,121.333333,0.017014,0.0
7282,121.35,0.061042,0.0
7283,121.366667,3.462222,0.103125
7284,121.383333,2.194514,0.048681
7285,121.4,1.788264,0.043542
7286,121.416667,1.754931,0.044583
7287,121.433333,0.036806,0.0
7288,121.45,0.054306,0.0
7289,121.466667,2.318889,0.053403
7290,121.483333,0.100069,0.0
7291,121.5,1.839861,0.042431
7292,121.516667,1.275139,0.014792
7293,121.533333,1.246528,0.016319
7294,121.55,1.251528,0.023125
7295,121.566667,9.421389,0.236389
7296,121.583333,2.667014,0.071806
7297,121.6,0.777569,0.001458
7298,121.616667,0.621944,0.001181
7299,121.633333,0.097639,0.0
7300,121.65,0.049375,0.0
7301,121.666667,0.056458,0.0
7302,121.683333,0.71125,0.001875
7303,121.7,0.730625,0.001042
7304,121.716667,0.041181,0.0
7305,121.733333,0.076181,0.0
7306,121.75,0.801806,0.000208
7307,121.766667,0.091458,0.0
7308,121.783333,0.692639,0.0
7309,121.8,0.098264,0.0
7310,121.816667,0.67375,6.9e-05
7311,121.833333,0.170556,0.0
7312,121.85,0.675694,0.001319
7313,121.866667,0.109097,6.9e-05
7314,121.883333,0.649653,0.003472
7315,121.9,0.170486,0.0
7316,121.916667,0.058472,0.0
7317,121.933333,0.116944,0.0
7318,121.95,5.790833,0.166736
7319,121.966667,6.323194,0.177222
7320,121.983333,4.533056,0.128681
7321,122.0,4.619028,0.122639
7322,122.016667,8.877083,0.214861
7323,122.033333,8.122639,0.196111
7324,122.05,7.475694,0.193681
7325,122.066667,6.658264,0.17875
7326,122.083333,6.810417,0.183403
7327,122.1,6.325833,0.173819
7328,122.116667,5.170694,0.153819
7329,122.133333,0.01875,0.0
7330,122.15,8.771597,0.213889
7331,122.166667,4.057569,0.126042
7332,122.183333,3.899028,0.108889
7333,122.2,4.078681,0.123264
7334,122.216667,2.736736,0.080833
7335,122.233333,0.031319,0.0
7336,122.25,5.671667,0.146528
7337,122.266667,2.100556,0.060278
7338,122.283333,1.992431,0.055
7339,122.3,2.075694,0.054097
7340,122.316667,2.097083,0.061042
7341,122.333333,0.041042,0.0
7342,122.35,0.028264,0.0
7343,122.366667,2.753333,0.077986
7344,122.383333,1.403611,0.030417
7345,122.4,1.35625,0.013889
7346,122.416667,1.385347,0.013194
7347,122.433333,0.882847,6.9e-05
7348,122.45,1.329236,0.017292
7349,122.466667,0.676597,0.002917
7350,122.483333,0.751458,0.004583
7351,122.5,0.728472,0.001875
7352,122.516667,0.663958,0.000625
7353,122.533333,0.070208,0.0
7354,122.55,0.674514,0.002014
7355,122.566667,0.6125,0.000486
7356,122.583333,0.141319,0.0
7357,122.6,5.037917,0.132569
7358,122.616667,5.632222,0.160764
7359,122.633333,4.5875,0.144514
7360,122.65,4.164444,0.120764
7361,122.666667,8.574722,0.199792
7362,122.683333,7.940694,0.207153
7363,122.7,7.543403,0.200347
7364,122.716667,7.375833,0.184861
7365,122.733333,0.030833,0.0
7366,122.75,11.777292,0.279028
7367,122.766667,9.146806,0.220347
7368,122.783333,7.845486,0.196458
7369,122.8,8.127986,0.198056
7370,122.816667,7.065833,0.182778
7371,122.833333,0.019306,0.0
7372,122.85,9.738333,0.216111
7373,122.866667,5.503889,0.141944
7374,122.883333,4.900486,0.134167
7375,122.9,4.412431,0.139306
7376,122.916667,4.290417,0.125556
7377,122.933333,3.556667,0.093889
7378,122.95,3.093542,0.096736
7379,122.966667,2.804792,0.070764
7380,122.983333,2.932431,0.091389
7381,123.0,2.213889,0.049792
7382,123.016667,1.799931,0.0475
7383,123.033333,2.292292,0.0625
7384,123.05,1.674444,0.033125
7385,123.066667,1.179236,0.013819
7386,123.083333,1.7675,0.043542
7387,123.1,1.190347,0.013194
7388,123.116667,1.102986,0.018472
7389,123.133333,1.132222,0.009583
7390,123.15,0.637292,6.9e-05
7391,123.166667,1.196667,0.012986
7392,123.183333,0.576111,0.001111
7393,123.2,0.604931,0.00125
7394,123.216667,1.124028,0.018889
7395,123.233333,0.600069,0.004653
7396,123.25,0.55125,0.002361
7397,123.266667,0.562847,0.001042
7398,123.283333,0.608333,6.9e-05
7399,123.3,0.110833,0.0
7400,123.316667,0.533056,0.0
7401,123.333333,0.080972,0.0
7402,123.35,0.540625,0.0
7403,123.366667,0.168889,0.0
7404,123.383333,0.444722,0.000208
7405,123.4,0.048056,0.000208
7406,123.416667,0.08,0.000208
7407,123.433333,0.11,0.000208
7408,123.45,0.522153,0.001736
7409,123.466667,0.047361,0.000208
7410,123.483333,0.071736,0.000139
7411,123.5,0.050764,0.0
7412,123.516667,0.04625,6.9e-05
7413,123.533333,0.138611,6.9e-05
7414,123.55,0.524931,0.002292
7415,123.566667,0.009792,0.0
7416,123.583333,0.014861,6.9e-05
7417,123.6,0.010069,0.000139
7418,123.616667,0.007153,6.9e-05
7419,123.633333,0.005,0.0
7420,123.65,0.002917,0.0
7421,123.666667,0.003958,6.9e-05
7422,123.683333,0.007014,6.9e-05
7423,123.7,0.077292,0.0
7424,123.716667,0.476806,0.001389
7425,123.733333,0.041181,6.9e-05
7426,123.75,0.050556,6.9e-05
7427,123.766667,0.003472,0.0
7428,123.783333,0.004861,0.0
7429,123.8,0.009306,0.000208
7430,123.816667,0.014167,0.000417
7431,123.833333,6.9e-05,0.0
7432,123.85,0.000486,0.0
7433,123.866667,0.015417,0.000347
7434,123.883333,0.007847,0.0
7435,123.9,0.0,0.0
7436,123.916667,0.0,0.0
7437,123.933333,0.000208,0.0
7438,123.95,0.003056,0.0
7439,123.966667,0.002153,0.0
7440,123.983333,6.9e-05,0.0
7441,124.0,0.090972,0.0
7442,124.016667,0.003542,0.0
7443,124.033333,0.000417,0.0
7444,124.05,0.012222,0.000417
7445,124.066667,0.005139,0.000139
7446,124.083333,0.002847,6.9e-05
7447,124.1,0.0025,6.9e-05
7448,124.116667,0.002917,6.9e-05
7449,124.133333,0.003125,0.0
7450,124.15,0.001875,0.0
7451,124.166667,0.001111,0.0
7452,124.183333,0.276528,0.0
7453,124.2,0.003958,0.0
7454,124.216667,0.0025,0.0
7455,124.233333,0.002569,0.0
7456,124.25,0.002917,0.0
7457,124.266667,0.002639,0.0
7458,124.283333,0.002917,0.0
7459,124.3,0.004722,0.000139
7460,124.316667,0.006042,0.000208
7461,124.333333,0.009792,0.000417
7462,124.35,0.00875,0.000347
7463,124.366667,0.005625,0.000208
7464,124.383333,0.004653,0.000139
7465,124.4,0.005764,0.000208
7466,124.416667,0.008819,0.000417
7467,124.433333,0.006111,0.000208
7468,124.45,0.006319,0.000139
7469,124.466667,0.042292,0.000139
7470,124.483333,5.010069,0.1375
7471,124.5,0.03,0.0
7472,124.516667,4.315347,0.125208
7473,124.533333,0.002917,0.0
7474,124.55,0.002014,0.0
7475,124.566667,6.863472,0.180764
7476,124.583333,3.864167,0.112431
7477,124.6,6.792986,0.174514
7478,124.616667,6.739306,0.182639
7479,124.633333,9.572083,0.226458
7480,124.65,9.700208,0.225694
7481,124.666667,8.709514,0.211528
7482,124.683333,8.812083,0.203333
7483,124.7,8.485764,0.212778
7484,124.716667,8.003681,0.204167
7485,124.733333,0.02625,0.0
7486,124.75,0.015486,0.0
7487,124.766667,0.020625,0.0
7488,124.783333,12.3325,0.284722
7489,124.8,9.054375,0.221042
7490,124.816667,8.757708,0.218264
7491,124.833333,0.092986,0.0
7492,124.85,8.018681,0.192986
7493,124.866667,10.057778,0.237917
7494,124.883333,2.153819,0.061458
7495,124.9,9.673681,0.227917
7496,124.916667,9.027917,0.221806
7497,124.933333,8.727431,0.204375
7498,124.95,10.134514,0.238194
7499,124.966667,5.135972,0.132708
7500,124.983333,8.629653,0.217083
7501,125.0,5.306458,0.158333
7502,125.016667,7.29,0.184792
7503,125.033333,0.02375,0.0
7504,125.05,0.030347,0.0
7505,125.066667,0.07375,0.0
7506,125.083333,8.793889,0.214653
7507,125.1,3.383889,0.093611
7508,125.116667,5.122431,0.14625
7509,125.133333,0.053056,0.0
7510,125.15,6.82875,0.171042
7511,125.166667,7.127014,0.177569
7512,125.183333,1.302153,0.014583
7513,125.2,2.593542,0.071042
7514,125.216667,1.971597,0.048472
7515,125.233333,0.130069,0.0
7516,125.25,3.987153,0.117639
7517,125.266667,1.142431,0.016181
7518,125.283333,1.078403,0.005278
7519,125.3,0.625,0.0
7520,125.316667,1.164097,0.014167
7521,125.333333,0.107431,0.0
7522,125.35,1.112292,0.012361
7523,125.366667,0.100139,6.9e-05
7524,125.383333,0.572014,6.9e-05
7525,125.4,0.615556,0.000486
7526,125.416667,0.567153,0.000347
7527,125.433333,0.57625,0.000347
7528,125.45,0.594444,0.000208
7529,125.466667,0.587083,0.000208
7530,125.483333,0.138889,0.000278
7531,125.5,0.519653,0.0
7532,125.516667,0.048958,0.000278
7533,125.533333,0.091319,0.0
7534,125.55,0.075556,0.0
7535,125.566667,0.573819,0.000139
7536,125.583333,0.507569,0.0
7537,125.6,0.169514,0.0
7538,125.616667,0.049444,0.000139
7539,125.633333,0.050069,0.0
7540,125.65,0.093611,0.0
7541,125.666667,0.576806,0.000417
7542,125.683333,0.056458,0.0
7543,125.7,0.053611,0.0
7544,125.716667,0.423264,0.0
7545,125.733333,0.164306,0.0
7546,125.75,0.007292,0.0
7547,125.766667,0.003889,0.0
7548,125.783333,0.004306,0.0
7549,125.8,0.006111,0.0
7550,125.816667,0.000278,0.0
7551,125.833333,0.000139,0.0
7552,125.85,0.002083,0.0
7553,125.866667,0.002153,0.0
7554,125.883333,0.118542,6.9e-05
7555,125.9,0.4675,0.0
7556,125.916667,0.031319,0.0
7557,125.933333,0.047778,0.0
7558,125.95,0.006319,6.9e-05
7559,125.966667,0.007153,0.000139
7560,125.983333,0.007431,0.0
7561,126.0,0.093125,6.9e-05
7562,126.016667,0.00375,6.9e-05
7563,126.033333,6.9e-05,0.0
7564,126.05,0.004097,0.0
7565,126.066667,0.006944,0.0
7566,126.083333,0.003611,6.9e-05
7567,126.1,0.003333,0.0
7568,126.116667,0.003194,0.0
7569,126.133333,0.004653,0.0
7570,126.15,0.005069,0.000139
7571,126.166667,0.001458,0.0
7572,126.183333,0.0,0.0
7573,126.2,0.000208,0.0
7574,126.216667,0.0,0.0
7575,126.233333,0.0,0.0
7576,126.25,0.0,0.0
7577,126.266667,0.0,0.0
7578,126.283333,0.0,0.0
7579,126.3,0.0,0.0
7580,126.316667,0.0,0.0
7581,126.333333,0.0,0.0
7582,126.35,0.0,0.0
7583,126.366667,0.0,0.0
7584,126.383333,0.0,0.0
7585,126.4,0.0,0.0
7586,126.416667,0.0,0.0
7587,126.433333,0.0,0.0
7588,126.45,0.0,0.0
7589,126.466667,0.0,0.0
7590,126.483333,0.0,0.0
7591,126.5,0.0,0.0
7592,126.516667,0.0,0.0
7593,126.533333,0.0,0.0
7594,126.55,0.0,0.0
7595,126.566667,0.0,0.0
7596,126.583333,0.0,0.0
7597,126.6,0.0,0.0
7598,126.616667,0.0,0.0
7599,126.633333,0.0,0.0
7600,126.65,0.0,0.0
7601,126.666667,0.0,0.0
7602,126.683333,0.0,0.0
7603,126.7,0.0,0.0
7604,126.716667,0.0,0.0
7605,126.733333,0.0,0.0
7606,126.75,0.0,0.0
7607,126.766667,0.002639,0.0
7608,126.783333,0.008611,0.000347
7609,126.8,0.006111,6.9e-05
7610,126.816667,0.006667,0.000139
7611,126.833333,0.000208,0.0
7612,126.85,0.002639,0.0
7613,126.866667,0.000903,0.0
7614,126.883333,0.001181,0.0
7615,126.9,0.001667,0.0
7616,126.916667,0.005347,0.000139
7617,126.933333,0.0025,0.0
7618,126.95,0.0,0.0
7619,126.966667,0.009861,0.000139
7620,126.983333,0.008333,0.000139
7621,127.0,0.020278,0.000347
7622,127.016667,0.011528,0.000417
7623,127.033333,0.0,0.0
7624,127.05,0.0,0.0
7625,127.066667,0.0,0.0
7626,127.083333,0.007083,6.9e-05
7627,127.1,0.000139,0.0
7628,127.116667,0.00375,0.0
7629,127.133333,0.000903,0.0
7630,127.15,0.003125,0.0
7631,127.166667,0.001667,0.0
7632,127.183333,0.000833,0.0
7633,127.2,0.000486,0.0
7634,127.216667,0.000139,0.0
7635,127.233333,0.000347,0.0
7636,127.25,0.0,0.0
7637,127.266667,0.000139,0.0
7638,127.283333,0.005833,6.9e-05
7639,127.3,0.001389,0.0
7640,127.316667,0.000903,0.0
7641,127.333333,0.000278,0.0
7642,127.35,0.000417,0.0
7643,127.366667,0.000556,0.0
7644,127.383333,6.9e-05,0.0
7645,127.4,0.000139,0.0
7646,127.416667,0.000139,0.0
7647,127.433333,0.002083,0.0
7648,127.45,0.0,0.0
7649,127.466667,0.000278,0.0
7650,127.483333,0.000208,0.0
7651,127.5,6.9e-05,0.0
7652,127.516667,57.749722,0.668681
7653,127.533333,33.573681,0.572083
7654,127.55,35.758403,0.628958
7655,127.566667,106.279931,0.955625
7656,127.583333,0.003889,0.0
7657,127.6,87.774514,0.948681
7658,127.616667,43.361458,0.431389
7659,127.633333,64.444653,0.728056
7660,127.65,0.093611,0.0
7661,127.666667,32.456736,0.341736
7662,127.683333,0.066597,0.0
7663,127.7,49.025069,0.479167
7664,127.716667,58.824583,0.51375
7665,127.733333,47.072778,0.694306
7666,127.75,78.875139,0.617083
7667,127.766667,88.231528,0.860139
7668,127.783333,63.772431,0.897083
7669,127.8,73.875903,0.908264
7670,127.816667,75.933819,0.913194
7671,127.833333,69.859306,0.742361
7672,127.85,90.648472,0.814375
7673,127.866667,56.300833,0.506389
7674,127.883333,59.836319,0.507292
7675,127.9,44.670208,0.521875
7676,127.916667,53.432222,0.561042
7677,127.933333,0.112153,0.0
7678,127.95,0.216319,0.0
7679,127.966667,44.379583,0.554444
7680,127.983333,27.896944,0.383333
7681,128.0,22.402431,0.323542
7682,128.016667,12.591528,0.235625
7683,128.033333,8.803889,0.182153
7684,128.05,7.249028,0.179375
7685,128.066667,16.282986,0.239861
7686,128.083333,8.909792,0.189306
7687,128.1,8.889653,0.190139
7688,128.116667,11.148889,0.221181
7689,128.133333,10.244792,0.232292
7690,128.15,14.875694,0.306389
7691,128.166667,11.68875,0.275972
7692,128.183333,14.002778,0.278958
7693,128.2,10.957917,0.252292
7694,128.216667,14.1025,0.24375
7695,128.233333,10.675069,0.247986
7696,128.25,0.122708,6.9e-05
7697,128.266667,11.579931,0.264028
7698,128.283333,0.075556,0.0
7699,128.3,12.239167,0.252847
7700,128.316667,9.324792,0.233611
7701,128.333333,9.758472,0.24375
7702,128.35,8.755139,0.235972
7703,128.366667,10.518333,0.216944
7704,128.383333,5.255625,0.159028
7705,128.4,7.267153,0.214444
7706,128.416667,7.771042,0.212361
7707,128.433333,0.120208,0.0
7708,128.45,8.066181,0.205972
7709,128.466667,4.520486,0.147847
7710,128.483333,6.331111,0.172361
7711,128.5,4.148472,0.134722
7712,128.516667,5.946458,0.173056
7713,128.533333,0.089028,0.0
7714,128.55,6.06875,0.170972
7715,128.566667,0.042431,0.0
7716,128.583333,4.158889,0.135069
7717,128.6,5.398542,0.155764
7718,128.616667,3.354931,0.112639
7719,128.633333,0.045833,0.0
7720,128.65,0.032708,0.0
7721,128.666667,5.804722,0.157639
7722,128.683333,2.485278,0.085278
7723,128.7,1.770556,0.057569
7724,128.716667,2.917917,0.099583
7725,128.733333,0.427569,0.000556
7726,128.75,0.061667,0.0
7727,128.766667,1.567708,0.046042
7728,128.783333,0.04,0.0
7729,128.8,2.127639,0.079306
7730,128.816667,0.868264,0.007986
7731,128.833333,1.192014,0.025764
7732,128.85,1.26125,0.030278
7733,128.866667,1.275764,0.032847
7734,128.883333,3.060347,0.103819
7735,128.9,0.433194,0.000486
7736,128.916667,0.74625,0.00625
7737,128.933333,0.047014,0.0
7738,128.95,1.247014,0.0275
7739,128.966667,0.393681,0.000208
7740,128.983333,0.854722,0.009583
7741,129.0,0.464583,0.000764
7742,129.016667,0.428264,0.000347
7743,129.033333,0.038403,0.0
7744,129.05,0.020556,0.0
7745,129.066667,0.035833,0.0
7746,129.083333,0.008611,0.0
7747,129.1,0.003819,0.0
7748,129.116667,0.002569,0.0
7749,129.133333,0.004861,0.0
7750,129.15,0.004028,6.9e-05
7751,129.166667,0.000625,0.0
7752,129.183333,0.000764,0.0
7753,129.2,0.001181,0.0
7754,129.216667,0.000417,0.0
7755,129.233333,6.9e-05,0.0
7756,129.25,0.001944,0.0
7757,129.266667,0.000694,0.0
7758,129.283333,0.001319,0.0
7759,129.3,0.000139,0.0
7760,129.316667,0.0,0.0
7761,129.333333,0.000347,0.0
7762,129.35,0.007639,0.0
7763,129.366667,0.004861,0.0
7764,129.383333,10.1375,0.1925
7765,129.4,8.413958,0.192708
7766,129.416667,10.190556,0.212083
7767,129.433333,9.348889,0.190417
7768,129.45,9.185694,0.185694
7769,129.466667,7.711181,0.178125
7770,129.483333,9.415139,0.191111
7771,129.5,7.087778,0.162361
7772,129.516667,8.729375,0.179236
7773,129.533333,10.282431,0.179375
7774,129.55,9.437292,0.169375
7775,129.566667,9.949514,0.159931
7776,129.583333,9.681806,0.159722
7777,129.6,8.295903,0.154444
7778,129.616667,10.009306,0.168611
7779,129.633333,0.04375,0.0
7780,129.65,0.07375,0.0
7781,129.666667,0.064375,0.0
7782,129.683333,11.009653,0.175347
7783,129.7,8.813819,0.198889
7784,129.716667,6.286042,0.154861
7785,129.733333,7.451181,0.162569
7786,129.75,0.548819,0.006319
7787,129.766667,9.525903,0.158125
7788,129.783333,4.352014,0.128681
7789,129.8,4.453889,0.117708
7790,129.816667,4.432708,0.111597
7791,129.833333,0.040278,0.0
7792,129.85,0.074167,0.0
7793,129.866667,6.329792,0.129861
7794,129.883333,4.258611,0.085764
7795,129.9,3.279097,0.095694
7796,129.916667,4.11875,0.086736
7797,129.933333,2.753472,0.082569
7798,129.95,0.050278,0.0
7799,129.966667,6.004653,0.139167
7800,129.983333,2.210278,0.067361
7801,130.0,3.641597,0.107292
7802,130.016667,3.589375,0.103472
7803,130.033333,0.018819,0.0
7804,130.05,5.76625,0.123403
7805,130.066667,0.0125,0.0
7806,130.083333,2.316736,0.079097
7807,130.1,2.855833,0.095347
7808,130.116667,1.924097,0.057847
7809,130.133333,2.747708,0.089861
7810,130.15,3.293403,0.095278
7811,130.166667,2.239306,0.073403
7812,130.183333,2.557222,0.086111
7813,130.2,2.618264,0.091944
7814,130.216667,2.612778,0.093125
7815,130.233333,0.030139,0.0
7816,130.25,0.092708,0.0
7817,130.266667,2.879514,0.102431
7818,130.283333,2.919583,0.103056
7819,130.3,2.288056,0.082222
7820,130.316667,2.476875,0.088472
7821,130.333333,2.842083,0.097222
7822,130.35,2.143403,0.075
7823,130.366667,4.521458,0.122639
7824,130.383333,1.662639,0.059722
7825,130.4,2.888681,0.099306
7826,130.416667,1.94625,0.066111
7827,130.433333,0.105556,0.0
7828,130.45,0.044861,0.0
7829,130.466667,3.970903,0.122361
7830,130.483333,2.180069,0.082708
7831,130.5,1.98125,0.063264
7832,130.516667,2.179028,0.082917
7833,130.533333,4.986319,0.145625
7834,130.55,0.078681,0.000208
7835,130.566667,0.035139,0.0
7836,130.583333,0.030625,0.0
7837,130.6,0.95,0.007986
7838,130.616667,2.464722,0.083056
7839,130.633333,0.037153,0.0
7840,130.65,0.011389,0.0
7841,130.666667,3.372708,0.110833
7842,130.683333,3.976111,0.127986
7843,130.7,1.409028,0.035347
7844,130.716667,1.356806,0.029375
7845,130.733333,0.033611,0.0
7846,130.75,3.804583,0.120833
7847,130.766667,0.874583,0.009167
7848,130.783333,1.424375,0.035486
7849,130.8,0.935347,0.007569
7850,130.816667,1.368611,0.028056
7851,130.833333,1.365833,0.027917
7852,130.85,0.504792,0.000208
7853,130.866667,0.949722,0.008333
7854,130.883333,0.982778,0.008264
7855,130.9,0.945417,0.008819
7856,130.916667,0.908542,0.009583
7857,130.933333,0.034861,0.0
7858,130.95,0.049097,0.0
7859,130.966667,1.927014,0.071736
7860,130.983333,18.822292,0.299653
7861,131.0,24.352917,0.359931
7862,131.016667,25.965833,0.42375
7863,131.033333,22.716528,0.443819
7864,131.05,56.801042,0.622153
7865,131.066667,31.220139,0.429167
7866,131.083333,41.956667,0.478125
7867,131.1,30.688056,0.360208
7868,131.116667,23.565903,0.281736
7869,131.133333,36.8575,0.347778
7870,131.15,41.048889,0.402639
7871,131.166667,36.996806,0.388542
7872,131.183333,37.512153,0.379375
7873,131.2,37.727153,0.465069
7874,131.216667,24.252083,0.422569
7875,131.233333,35.592083,0.544167
7876,131.25,33.5025,0.464514
7877,131.266667,46.144583,0.598611
7878,131.283333,32.902431,0.486389
7879,131.3,47.703056,0.734097
7880,131.316667,27.581597,0.452917
7881,131.333333,32.156528,0.505833
7882,131.35,33.172778,0.531736
7883,131.366667,0.149375,0.0
7884,131.383333,29.849236,0.482222
7885,131.4,33.765347,0.545486
7886,131.416667,36.567153,0.571528
7887,131.433333,31.754306,0.509861
7888,131.45,53.009722,0.790556
7889,131.466667,29.320139,0.491111
7890,131.483333,32.106875,0.57375
7891,131.5,29.760556,0.601319
7892,131.516667,25.834653,0.536667
7893,131.533333,27.705972,0.559514
7894,131.55,27.659514,0.578333
7895,131.566667,24.081042,0.537986
7896,131.583333,25.820694,0.552222
7897,131.6,32.214306,0.593542
7898,131.616667,26.586944,0.54125
7899,131.633333,32.827222,0.606528
7900,131.65,21.446944,0.454861
7901,131.666667,29.391319,0.546319
7902,131.683333,17.689236,0.392292
7903,131.7,27.009861,0.500972
7904,131.716667,15.334514,0.3375
7905,131.733333,20.992569,0.415625
7906,131.75,0.078264,0.0
7907,131.766667,20.35875,0.396319
7908,131.783333,19.480486,0.390833
7909,131.8,14.087639,0.295903
7910,131.816667,17.473889,0.338264
7911,131.833333,13.324167,0.26875
7912,131.85,0.056042,0.0
7913,131.866667,24.283958,0.392847
7914,131.883333,8.228333,0.184028
7915,131.9,15.160903,0.286042
7916,131.916667,7.243889,0.151875
7917,131.933333,11.522153,0.223264
7918,131.95,0.070347,0.0
7919,131.966667,15.4275,0.275625
7920,131.983333,4.844931,0.103264
7921,132.0,7.541319,0.145556
7922,132.016667,6.21125,0.117986
7923,132.033333,6.616875,0.11875
7924,132.05,12.1125,0.208125
7925,132.066667,3.565694,0.067778
7926,132.083333,6.634931,0.110903
7927,132.1,3.560139,0.070139
7928,132.116667,5.472986,0.092222
7929,132.133333,2.761458,0.056181
7930,132.15,4.645139,0.090417
7931,132.166667,3.775139,0.079375
7932,132.183333,4.14,0.086528
7933,132.2,4.571944,0.098819
7934,132.216667,2.890903,0.066875
7935,132.233333,4.623819,0.091389
7936,132.25,0.029306,0.0
7937,132.266667,3.243958,0.079444
7938,132.283333,2.935903,0.074792
7939,132.3,3.295069,0.07125
7940,132.316667,3.733056,0.086389
7941,132.333333,2.495903,0.069097
7942,132.35,6.233194,0.120903
7943,132.366667,2.283333,0.046875
7944,132.383333,4.059375,0.094583
7945,132.4,1.639375,0.042569
7946,132.416667,3.638056,0.088194
7947,132.433333,2.080278,0.059722
7948,132.45,28.489653,0.311111
7949,132.466667,17.8375,0.196389
7950,132.483333,25.415833,0.248542
7951,132.5,31.873958,0.265486
7952,132.516667,30.534653,0.291875
7953,132.533333,37.7425,0.329861
7954,132.55,40.759861,0.376111
7955,132.566667,0.176042,0.0
7956,132.583333,36.469792,0.339375
7957,132.6,26.621458,0.314583
7958,132.616667,26.167292,0.271111
7959,132.633333,48.335486,0.414167
7960,132.65,0.084097,0.0
7961,132.666667,29.818889,0.292083
7962,132.683333,23.526875,0.2925
7963,132.7,31.940486,0.384861
7964,132.716667,20.924375,0.360417
7965,132.733333,29.354792,0.417292
7966,132.75,32.354653,0.471667
7967,132.766667,36.250069,0.516389
7968,132.783333,34.845139,0.491458
7969,132.8,23.036181,0.432847
7970,132.816667,23.416597,0.354236
7971,132.833333,23.831667,0.33
7972,132.85,14.578681,0.234444
7973,132.866667,20.443611,0.268889
7974,132.883333,13.077569,0.184792
7975,132.9,13.417639,0.215417
7976,132.916667,6.282083,0.118681
7977,132.933333,7.553542,0.110694
7978,132.95,6.776458,0.106181
7979,132.966667,9.477222,0.172153
7980,132.983333,11.055972,0.215556
7981,133.0,10.437917,0.199722
7982,133.016667,11.15625,0.213125
7983,133.033333,15.665417,0.309444
7984,133.05,10.226875,0.224167
7985,133.066667,16.804583,0.348056
7986,133.083333,11.43875,0.269375
7987,133.1,17.476597,0.382083
7988,133.116667,11.686736,0.277778
7989,133.133333,18.087708,0.416389
7990,133.15,16.826181,0.374167
7991,133.166667,18.149097,0.392569
7992,133.183333,21.147639,0.450486
7993,133.2,18.827431,0.401875
7994,133.216667,19.224583,0.408819
7995,133.233333,20.916597,0.481736
7996,133.25,18.980556,0.425556
7997,133.266667,24.590833,0.445486
7998,133.283333,23.428333,0.427639
7999,133.3,20.873889,0.379375
8000,133.316667,19.963194,0.357639
8001,133.333333,25.130903,0.425972
8002,133.35,13.388819,0.256528
8003,133.366667,22.168889,0.365069
8004,133.383333,12.270347,0.233264
8005,133.4,19.938264,0.329722
8006,133.416667,9.476389,0.187639
8007,133.433333,15.696042,0.269653
8008,133.45,13.110903,0.239583
8009,133.466667,13.094236,0.234375
8010,133.483333,14.853194,0.250764
8011,133.5,11.328125,0.210486
8012,133.516667,12.832431,0.221389
8013,133.533333,15.514167,0.247847
8014,133.55,6.888611,0.155833
8015,133.566667,14.209514,0.233333
8016,133.583333,6.4425,0.139931
8017,133.6,12.166597,0.198056
8018,133.616667,5.511042,0.120278
8019,133.633333,9.488403,0.165972
8020,133.65,7.610347,0.155972
8021,133.666667,7.52375,0.151667
8022,133.683333,8.470347,0.1625
8023,133.7,6.327083,0.14125
8024,133.716667,6.403542,0.143472
8025,133.733333,9.454792,0.188611
8026,133.75,4.177569,0.107292
8027,133.766667,7.994236,0.168125
8028,133.783333,3.999931,0.107917
8029,133.8,7.470972,0.163681
8030,133.816667,3.121181,0.085625
8031,133.833333,5.992431,0.140278
8032,133.85,4.789375,0.120278
8033,133.866667,4.802986,0.117708
8034,133.883333,6.085139,0.154375
8035,133.9,4.211944,0.121181
8036,133.916667,4.516875,0.125556
8037,133.933333,6.758056,0.162153
8038,133.95,2.707847,0.073194
8039,133.966667,5.831181,0.151667
8040,133.983333,3.273681,0.091389
8041,134.0,5.353542,0.140347
8042,134.016667,2.049444,0.039653
8043,134.033333,4.051528,0.110486
8044,134.05,3.238056,0.088056
8045,134.066667,3.918611,0.100903
8046,134.083333,3.214861,0.095764
8047,134.1,3.121875,0.079028
8048,134.116667,3.247778,0.100347
8049,134.133333,3.103125,0.076597
8050,134.15,1.962778,0.047153
8051,134.166667,3.231458,0.080417
8052,134.183333,2.622569,0.075556
8053,134.2,2.612708,0.065208
8054,134.216667,2.538889,0.0675
8055,134.233333,3.311319,0.095347
8056,134.25,1.299167,0.022917
8057,134.266667,3.432361,0.097986
8058,134.283333,1.18625,0.016806
8059,134.3,2.443056,0.058403
8060,134.316667,1.118472,0.006597
8061,134.333333,1.559375,0.026181
8062,134.35,0.809653,0.005833
8063,134.366667,0.235069,0.0
8064,134.383333,1.528056,0.022708
8065,134.4,1.584722,0.032708
8066,134.416667,0.988958,0.006944
8067,134.433333,0.953264,0.006597
8068,134.45,6.589583,0.175417
8069,134.466667,4.074722,0.126806
8070,134.483333,2.292708,0.072917
8071,134.5,3.615972,0.106736
8072,134.516667,1.950417,0.055
8073,134.533333,5.850764,0.156042
8074,134.55,5.636389,0.146111
8075,134.566667,0.112917,0.0
8076,134.583333,5.656181,0.153472
8077,134.6,0.073125,0.0
8078,134.616667,3.383611,0.101667
8079,134.633333,4.067431,0.117639
8080,134.65,3.654653,0.110764
8081,134.666667,2.122778,0.066181
8082,134.683333,3.325764,0.096667
8083,134.7,1.392292,0.028681
8084,134.716667,2.545069,0.072917
8085,134.733333,2.205764,0.073542
8086,134.75,0.842847,0.004931
8087,134.766667,1.364514,0.020556
8088,134.783333,1.894375,0.057361
8089,134.8,1.220972,0.019514
8090,134.816667,0.908125,0.004514
8091,134.833333,1.902639,0.056667
8092,134.85,0.559236,0.0
8093,134.866667,1.312847,0.019236
8094,134.883333,0.486181,6.9e-05
8095,134.9,0.938889,0.004861
8096,134.916667,0.577153,0.000764
8097,134.933333,0.549375,0.00125
8098,134.95,0.552083,0.000833
8099,134.966667,0.853125,0.006389
8100,134.983333,0.531528,6.9e-05
8101,135.0,0.287014,0.0
8102,135.016667,0.500764,0.000139
8103,135.033333,0.481667,0.000139
8104,135.05,0.553472,0.000417
8105,135.066667,0.454167,0.000208
8106,135.083333,0.144167,0.0
8107,135.1,0.131389,0.0
8108,135.116667,0.567292,0.000556
8109,135.133333,0.097292,0.0
8110,135.15,0.414722,0.000556
8111,135.166667,0.060417,0.0
8112,135.183333,0.073333,0.0
8113,135.2,0.100694,6.9e-05
8114,135.216667,0.461875,0.000833
8115,135.233333,0.068333,0.0
8116,135.25,0.136944,0.0
8117,135.266667,0.069792,0.0
8118,135.283333,0.105139,0.0
8119,135.3,0.436319,0.0
8120,135.316667,0.166389,0.0
8121,135.333333,0.032292,6.9e-05
8122,135.35,0.041458,0.0
8123,135.366667,0.042292,6.9e-05
8124,135.383333,0.044306,0.000139
8125,135.4,0.022708,0.000208
8126,135.416667,0.005903,0.000139
8127,135.433333,0.000486,0.0
8128,135.45,0.001181,0.0
8129,135.466667,0.019375,0.000139
8130,135.483333,0.075139,0.0
8131,135.5,0.155764,0.0
8132,135.516667,0.503542,0.0
8133,135.533333,0.033542,0.0
8134,135.55,0.088958,0.0
8135,135.566667,0.040486,0.0
8136,135.583333,0.125139,0.0
8137,135.6,0.013958,0.000139
8138,135.616667,0.016528,6.9e-05
8139,135.633333,0.000764,0.0
8140,135.65,0.003681,0.0
8141,135.666667,0.001875,0.0
8142,135.683333,0.002222,0.0
8143,135.7,0.011458,0.000278
8144,135.716667,0.010069,0.000347
8145,135.733333,0.007014,0.000208
8146,135.75,0.008611,0.000139
8147,135.766667,0.007778,0.000139
8148,135.783333,0.007222,0.000208
8149,135.8,0.007708,0.000208
8150,135.816667,0.003542,0.000139
8151,135.833333,0.0,0.0
8152,135.85,0.002361,0.0
8153,135.866667,0.001389,0.0
8154,135.883333,0.002083,0.0
8155,135.9,0.007778,0.000208
8156,135.916667,0.002986,6.9e-05
8157,135.933333,0.00125,0.0
8158,135.95,0.002708,0.0
8159,135.966667,0.010417,0.000208
8160,135.983333,0.008125,0.000208
8161,136.0,0.178681,0.000139
8162,136.016667,0.002569,0.0
8163,136.033333,0.005069,0.000139
8164,136.05,0.001597,0.0
8165,136.066667,0.001667,0.0
8166,136.083333,0.000278,0.0
8167,136.1,0.001042,0.0
8168,136.116667,0.003125,6.9e-05
8169,136.133333,0.007708,0.000208
8170,136.15,0.002083,6.9e-05
8171,136.166667,0.003056,0.0
8172,136.183333,0.000764,0.0
8173,136.2,0.000556,0.0
8174,136.216667,0.000625,0.0
8175,136.233333,0.000556,0.0
8176,136.25,6.9e-05,0.0
8177,136.266667,0.000417,0.0
8178,136.283333,0.000417,0.0
8179,136.3,0.0025,0.0
8180,136.316667,0.000347,0.0
8181,136.333333,0.001806,0.0
8182,136.35,0.002292,0.0
8183,136.366667,0.003125,0.0
8184,136.383333,0.006458,0.000139
8185,136.4,0.004722,0.000208
8186,136.416667,0.000903,0.0
8187,136.433333,0.000139,0.0
8188,136.45,6.9e-05,0.0
8189,136.466667,0.0,0.0
8190,136.483333,0.000139,0.0
8191,136.5,0.000208,0.0
8192,136.516667,0.000764,0.0
8193,136.533333,0.0,0.0
8194,136.55,0.002569,6.9e-05
8195,136.566667,6.9e-05,0.0
8196,136.583333,6.9e-05,0.0
8197,136.6,0.029722,0.0
8198,136.616667,0.008472,0.0
8199,136.633333,7.579861,0.190694
8200,136.65,5.198403,0.152083
8201,136.666667,7.302014,0.181042
8202,136.683333,4.993681,0.154028
8203,136.7,6.532708,0.167083
8204,136.716667,4.939028,0.158958
8205,136.733333,5.489792,0.150347
8206,136.75,5.369514,0.154236
8207,136.766667,5.092569,0.143194
8208,136.783333,4.890417,0.14375
8209,136.8,5.064583,0.136181
8210,136.816667,5.136528,0.137361
8211,136.833333,5.959444,0.140139
8212,136.85,3.459722,0.106667
8213,136.866667,6.153611,0.141806
8214,136.883333,3.972847,0.115139
8215,136.9,6.186319,0.148125
8216,136.916667,3.469375,0.099722
8217,136.933333,5.102917,0.129861
8218,136.95,4.614375,0.122917
8219,136.966667,4.873611,0.128889
8220,136.983333,5.219097,0.133681
8221,137.0,4.182222,0.111667
8222,137.016667,4.902361,0.128681
8223,137.033333,6.154236,0.147083
8224,137.05,3.055,0.083264
8225,137.066667,5.324653,0.132361
8226,137.083333,3.175694,0.083472
8227,137.1,5.102361,0.127639
8228,137.116667,2.432917,0.062292
8229,137.133333,4.423681,0.117014
8230,137.15,3.219028,0.084167
8231,137.166667,3.603681,0.090417
8232,137.183333,4.007708,0.104792
8233,137.2,3.311111,0.089306
8234,137.216667,3.383958,0.088056
8235,137.233333,4.5675,0.115069
8236,137.25,2.419583,0.064236
8237,137.266667,3.828472,0.1025
8238,137.283333,1.982292,0.048681
8239,137.3,4.219097,0.110208
8240,137.316667,1.547917,0.036597
8241,137.333333,2.481389,0.063403
8242,137.35,3.049722,0.080833
8243,137.366667,1.940694,0.048472
8244,137.383333,2.61625,0.06875
8245,137.4,3.006736,0.0775
8246,137.416667,2.086806,0.053681
8247,137.433333,3.522569,0.090556
8248,137.45,1.057431,0.017917
8249,137.466667,3.123264,0.079514
8250,137.483333,1.087708,0.017569
8251,137.5,2.637569,0.069583
8252,137.516667,3.175069,0.082431
8253,137.533333,0.100208,0.0
8254,137.55,2.116181,0.055347
8255,137.566667,1.118403,0.017917
8256,137.583333,1.683472,0.038611
8257,137.6,2.183194,0.056389
8258,137.616667,1.126181,0.018056
8259,137.633333,2.215833,0.055347
8260,137.65,1.109931,0.019653
8261,137.666667,1.646528,0.040417
8262,137.683333,1.081458,0.017014
8263,137.7,1.645972,0.038889
8264,137.716667,1.125903,0.019375
8265,137.733333,1.124792,0.020069
8266,137.75,1.105069,0.017153
8267,137.766667,1.119722,0.018264
8268,137.783333,1.088333,0.018194
8269,137.8,1.128681,0.020625
8270,137.816667,0.608264,0.001806
8271,137.833333,1.661597,0.039861
8272,137.85,0.640069,0.003264
8273,137.866667,6.968125,0.151389
8274,137.883333,3.812569,0.094167
8275,137.9,6.047569,0.142847
8276,137.916667,2.506181,0.068194
8277,137.933333,9.20375,0.190347
8278,137.95,8.361944,0.184306
8279,137.966667,6.505972,0.148403
8280,137.983333,7.413403,0.164375
8281,138.0,11.244375,0.230208
8282,138.016667,8.419931,0.184653
8283,138.033333,11.525347,0.229653
8284,138.05,6.880208,0.156944
8285,138.066667,8.624097,0.185278
8286,138.083333,4.709375,0.115486
8287,138.1,7.997014,0.171875
8288,138.116667,2.995347,0.074167
8289,138.133333,5.247292,0.124375
8290,138.15,5.743403,0.1325
8291,138.166667,3.021181,0.071458
8292,138.183333,4.021806,0.100069
8293,138.2,4.123056,0.104375
8294,138.216667,3.572083,0.085625
8295,138.233333,4.109653,0.104931
8296,138.25,1.284236,0.026736
8297,138.266667,3.704375,0.101042
8298,138.283333,1.232083,0.025139
8299,138.3,2.543819,0.059028
8300,138.316667,1.862083,0.044236
8301,138.333333,1.263125,0.022708
8302,138.35,1.229444,0.024028
8303,138.366667,1.964653,0.044792
8304,138.383333,1.249931,0.021667
8305,138.4,1.294514,0.024444
8306,138.416667,0.632431,0.003056
8307,138.433333,1.254097,0.025625
8308,138.45,0.687778,0.005208
8309,138.466667,1.283681,0.023542
8310,138.483333,0.028542,0.0
8311,138.5,1.257847,0.023194
8312,138.516667,4.805694,0.114444
8313,138.533333,4.779931,0.116319
8314,138.55,5.31,0.130556
8315,138.566667,5.886042,0.140903
8316,138.583333,3.209444,0.082431
8317,138.6,4.212083,0.101319
8318,138.616667,8.577778,0.192014
8319,138.633333,9.288056,0.209792
8320,138.65,4.762222,0.115
8321,138.666667,8.378472,0.190764
8322,138.683333,3.135278,0.078542
8323,138.7,7.421875,0.171389
8324,138.716667,3.650208,0.09375
8325,138.733333,3.493819,0.080833
8326,138.75,4.063264,0.107431
8327,138.766667,4.001181,0.103264
8328,138.783333,2.330347,0.048819
8329,138.8,3.434236,0.090417
8330,138.816667,2.788472,0.060903
8331,138.833333,3.345764,0.090069
8332,138.85,1.122153,0.017708
8333,138.866667,2.723125,0.059653
8334,138.883333,0.604792,0.001806
8335,138.9,2.154167,0.046319
8336,138.916667,1.093403,0.019306
8337,138.933333,1.105764,0.018819
8338,138.95,1.090694,0.017153
8339,138.966667,1.114306,0.017222
8340,138.983333,1.04375,0.017153
8341,139.0,0.582569,0.004167
8342,139.016667,1.089306,0.01875
8343,139.033333,0.560486,0.0025
8344,139.05,0.5725,0.001111
8345,139.066667,1.030278,0.013958
8346,139.083333,2.940486,0.064861
8347,139.1,5.620625,0.126389
8348,139.116667,5.223472,0.120278
8349,139.133333,6.215278,0.135972
8350,139.15,6.034653,0.130625
8351,139.166667,5.759306,0.124931
8352,139.183333,4.114861,0.087986
8353,139.2,4.076806,0.089028
8354,139.216667,4.351319,0.094236
8355,139.233333,4.104583,0.097708
8356,139.25,1.826944,0.036111
8357,139.266667,3.223403,0.067778
8358,139.283333,1.446944,0.026389
8359,139.3,2.934583,0.071458
8360,139.316667,1.293681,0.020486
8361,139.333333,1.390069,0.025
8362,139.35,1.637361,0.027153
8363,139.366667,1.318681,0.022639
8364,139.383333,1.316944,0.024375
8365,139.4,0.993889,0.016042
8366,139.416667,1.003403,0.016319
8367,139.433333,1.245208,0.022778
8368,139.45,0.647847,0.01
8369,139.466667,0.973056,0.015833
8370,139.483333,0.347153,0.000208
8371,139.5,0.909444,0.018889
8372,139.516667,0.3375,0.003125
8373,139.533333,0.328264,0.001736
8374,139.55,0.616944,0.009861
8375,139.566667,0.329097,0.001875
8376,139.583333,0.347847,0.001181
8377,139.6,0.323681,0.000208
8378,139.616667,0.338194,0.000972
8379,139.633333,0.32875,0.002083
8380,139.65,0.338542,0.003056
8381,139.666667,0.276875,0.002708
8382,139.683333,0.062361,6.9e-05
8383,139.7,0.273611,0.001528
8384,139.716667,0.072083,0.000278
8385,139.733333,0.331806,0.003819
8386,139.75,0.349861,0.003611
8387,139.766667,0.021458,0.000208
8388,139.783333,0.038403,0.0
8389,139.8,0.302083,0.001944
8390,139.816667,0.040764,6.9e-05
8391,139.833333,0.029514,0.0
8392,139.85,0.031597,0.000139
8393,139.866667,0.29125,0.000972
8394,139.883333,0.047847,6.9e-05
8395,139.9,0.003125,6.9e-05
8396,139.916667,0.003194,0.0
8397,139.933333,0.001319,0.0
8398,139.95,0.005694,6.9e-05
8399,139.966667,0.00375,6.9e-05
8400,139.983333,0.002778,6.9e-05
8401,140.0,0.057639,0.0
8402,140.016667,0.003889,0.000139
8403,140.033333,0.013611,0.0
8404,140.05,0.280139,0.000347
8405,140.066667,0.018889,0.0
8406,140.083333,0.027986,6.9e-05
8407,140.1,6.9e-05,0.0
8408,140.116667,0.002292,0.0
8409,140.133333,0.006875,0.0
8410,140.15,0.001875,0.0
8411,140.166667,0.0,0.0
8412,140.183333,6.9e-05,0.0
8413,140.2,0.004236,0.0
8414,140.216667,0.003958,0.000139
8415,140.233333,0.0,0.0
8416,140.25,0.0,0.0
8417,140.266667,0.003681,0.0
8418,140.283333,0.009931,0.000278
8419,140.3,0.007222,0.000139
8420,140.316667,0.005972,6.9e-05
8421,140.333333,0.005556,0.0
8422,140.35,0.011389,0.000417
8423,140.366667,0.007083,0.000139
8424,140.383333,0.009306,0.000208
8425,140.4,0.009861,0.000278
8426,140.416667,0.000278,0.0
8427,140.433333,0.0,0.0
8428,140.45,0.004167,6.9e-05
8429,140.466667,6.9e-05,0.0
8430,140.483333,0.002431,0.0
8431,140.5,0.0,0.0
8432,140.516667,0.001111,0.0
8433,140.533333,0.000139,0.0
8434,140.55,0.0,0.0
8435,140.566667,0.00125,0.0
8436,140.583333,0.000208,0.0
8437,140.6,0.000486,0.0
8438,140.616667,0.000833,0.0
8439,140.633333,0.001042,0.0
8440,140.65,6.9e-05,0.0
8441,140.666667,0.002986,6.9e-05
8442,140.683333,0.00125,0.0
8443,140.7,0.0,0.0
8444,140.716667,0.0,0.0
8445,140.733333,0.0,0.0
8446,140.75,6.9e-05,0.0
8447,140.766667,0.0,0.0
8448,140.783333,0.0,0.0
8449,140.8,0.215833,0.007361
8450,140.816667,0.0,0.0
8451,140.833333,0.346458,0.007361
8452,140.85,0.002986,0.0
8453,140.866667,0.000278,0.0
8454,140.883333,0.000139,0.0
8455,140.9,6.9e-05,0.0
8456,140.916667,0.0,0.0
8457,140.933333,0.0,0.0
8458,140.95,0.0,0.0
8459,140.966667,0.0,0.0
8460,140.983333,167.98625,0.987431
8461,141.0,0.0,0.0
8462,141.016667,0.0,0.0
8463,141.033333,0.0,0.0
8464,141.05,0.0,0.0
8465,141.066667,0.0,0.0
8466,141.083333,0.0,0.0
8467,141.1,0.0,0.0
8468,141.116667,0.0,0.0
8469,141.133333,0.0,0.0
8470,141.15,0.0,0.0
8471,141.166667,0.0,0.0
8472,141.183333,0.0,0.0
8473,141.2,0.0,0.0
8474,141.216667,0.0,0.0
8475,141.233333,0.0,0.0
8476,141.25,0.0,0.0
8477,141.266667,0.0,0.0
8478,141.283333,0.0,0.0
8479,141.3,0.0,0.0
8480,141.316667,0.0,0.0
8481,141.333333,0.0,0.0
8482,141.35,0.0,0.0
8483,141.366667,0.0,0.0
8484,141.383333,0.0,0.0
8485,141.4,0.0,0.0
8486,141.416667,0.0,0.0
8487,141.433333,0.0,0.0
8488,141.45,0.0,0.0
8489,141.466667,0.0,0.0
8490,141.483333,0.001944,0.0
8491,141.5,0.002083,6.9e-05
8492,141.516667,0.0075,0.000208
8493,141.533333,0.005139,0.000139
8494,141.55,0.009028,0.000278
8495,141.566667,0.002986,0.000139
8496,141.583333,0.001528,0.0
8497,141.6,0.002639,6.9e-05
8498,141.616667,0.0,0.0
8499,141.633333,0.001875,0.0
8500,141.65,0.001597,0.0
8501,141.666667,0.002569,6.9e-05
8502,141.683333,0.001319,0.0
8503,141.7,0.002292,0.0
8504,141.716667,0.0,0.0
8505,141.733333,0.003472,6.9e-05
8506,141.75,0.001875,6.9e-05
8507,141.766667,0.001806,0.0
8508,141.783333,0.0,0.0
8509,141.8,0.0,0.0
8510,141.816667,0.0,0.0
8511,141.833333,0.0,0.0
8512,141.85,0.0,0.0
8513,141.866667,0.0,0.0
8514,141.883333,0.0,0.0
8515,141.9,0.0,0.0
8516,141.916667,0.001528,0.0
8517,141.933333,0.001597,0.0
8518,141.95,0.004306,0.000208
8519,141.966667,0.005,0.000139
8520,141.983333,0.003611,6.9e-05
8521,142.0,0.003611,0.000139
8522,142.016667,0.002431,0.0
8523,142.033333,0.002153,0.0
8524,142.05,0.002917,6.9e-05
8525,142.066667,0.001944,0.0
8526,142.083333,0.0,0.0
8527,142.1,0.0,0.0
8528,142.116667,0.0,0.0
8529,142.133333,0.0,0.0
8530,142.15,0.0,0.0
8531,142.166667,0.0,0.0
8532,142.183333,0.0,0.0
8533,142.2,0.0,0.0
8534,142.216667,0.0,0.0
8535,142.233333,0.0,0.0
8536,142.25,0.0,0.0
8537,142.266667,0.0,0.0
8538,142.283333,0.0,0.0
8539,142.3,0.002986,0.0
8540,142.316667,0.003819,0.000139
8541,142.333333,0.001111,0.0
8542,142.35,0.001389,0.0
8543,142.366667,0.001597,0.0
8544,142.383333,0.001458,0.0
8545,142.4,0.0,0.0
8546,142.416667,6.9e-05,0.0
8547,142.433333,6.9e-05,0.0
8548,142.45,0.004167,0.000139
8549,142.466667,0.001667,0.0
8550,142.483333,0.002361,6.9e-05
8551,142.5,0.0,0.0
8552,142.516667,0.001042,0.0
8553,142.533333,0.002083,0.0
8554,142.55,0.001944,6.9e-05
8555,142.566667,0.0,0.0
8556,142.583333,0.000903,0.0
8557,142.6,0.00375,0.000139
8558,142.616667,0.0,0.0
8559,142.633333,0.0,0.0
8560,142.65,0.0,0.0
8561,142.666667,0.001806,6.9e-05
8562,142.683333,0.001458,0.0
8563,142.7,0.001736,0.0
8564,142.716667,0.0,0.0
8565,142.733333,0.004236,0.000139
8566,142.75,0.002361,0.0
8567,142.766667,0.0,0.0
8568,142.783333,0.002778,6.9e-05
8569,142.8,0.004097,0.000139
8570,142.816667,0.002778,6.9e-05
8571,142.833333,0.0,0.0
8572,142.85,0.003889,6.9e-05
8573,142.866667,0.003125,6.9e-05
8574,142.883333,0.003681,0.000208
8575,142.9,0.005069,0.000139
8576,142.916667,0.004375,6.9e-05
8577,142.933333,0.0,0.0
8578,142.95,0.006181,0.000139
8579,142.966667,0.005208,0.000139
8580,142.983333,0.004375,0.000139
8581,143.0,0.007431,0.000208
8582,143.016667,0.005208,0.000278
8583,143.033333,0.007778,0.000347
8584,143.05,0.006597,0.000208
8585,143.066667,0.003889,0.000139
8586,143.083333,0.005625,0.000139
8587,143.1,0.004167,0.000139
8588,143.116667,0.008125,0.000208
8589,143.133333,0.002083,0.0
8590,143.15,0.008542,0.000208
8591,143.166667,0.003681,0.000139
8592,143.183333,0.003194,0.0
8593,143.2,0.0025,6.9e-05
8594,143.216667,0.004028,0.000139
8595,143.233333,0.002222,0.0
8596,143.25,0.004792,0.000139
8597,143.266667,0.004028,6.9e-05
8598,143.283333,0.002014,0.0
8599,143.3,0.003125,6.9e-05
8600,143.316667,0.00375,0.000139
8601,143.333333,0.003681,0.000139
8602,143.35,0.004375,0.000208
8603,143.366667,0.001875,0.0
8604,143.383333,0.004722,0.000208
8605,143.4,0.006944,0.000278
8606,143.416667,0.004722,0.000139
8607,143.433333,0.002708,0.0
8608,143.45,0.005417,0.000208
8609,143.466667,0.005,0.000139
8610,143.483333,0.004653,0.000278
8611,143.5,0.006667,0.000208
8612,143.516667,0.007083,0.000347
8613,143.533333,0.015417,0.000278
8614,143.55,0.011528,0.000278
8615,143.566667,0.017917,0.000417
8616,143.583333,0.017014,0.000417
8617,143.6,0.01875,0.000556
8618,143.616667,0.018403,0.000486
8619,143.633333,0.013056,0.000278
8620,143.65,0.015903,0.000417
8621,143.666667,0.017222,0.000556
8622,143.683333,0.01625,0.000417
8623,143.7,0.017569,0.000417
8624,143.716667,0.015,0.000417
8625,143.733333,0.016806,0.000347
8626,143.75,0.014583,0.000417
8627,143.766667,0.013958,0.000347
8628,143.783333,0.010764,0.000347
8629,143.8,0.015347,0.000417
8630,143.816667,0.010833,0.000347
8631,143.833333,0.011667,0.000347
8632,143.85,0.013125,0.000347
8633,143.866667,0.013125,0.000278
8634,143.883333,0.015903,0.000417
8635,143.9,0.015833,0.000347
8636,143.916667,187.07125,0.999792
8637,143.933333,0.0,0.0
8638,143.95,0.010069,0.000347
8639,143.966667,0.003056,0.0
8640,143.983333,0.005347,0.000208
8641,144.0,0.006597,0.000208
8642,144.016667,0.003194,6.9e-05
8643,144.033333,0.012292,0.000278
8644,144.05,0.00625,0.0
8645,144.066667,0.001944,0.0
8646,144.083333,0.018125,0.000347
8647,144.1,0.867569,0.000278
8648,144.116667,0.007917,0.0
8649,144.133333,0.009236,0.0
8650,144.15,0.006875,0.0
8651,144.166667,1.311319,0.006111
8652,144.183333,0.060278,0.0
8653,144.2,0.012014,0.0
8654,144.216667,0.033403,0.0
8655,144.233333,0.040278,0.0
8656,144.25,0.041181,0.0
8657,144.266667,0.060764,0.0
8658,144.283333,0.380556,0.0
8659,144.3,0.056944,0.0
8660,144.316667,0.036111,0.0
8661,144.333333,0.354861,0.0
8662,144.35,0.024306,0.0
8663,144.366667,0.025486,0.0
8664,144.383333,0.050278,0.0
8665,144.4,0.048472,0.0
8666,144.416667,0.038472,0.0
8667,144.433333,0.042222,0.0
8668,144.45,0.061458,0.0
8669,144.466667,0.138194,0.000139
8670,144.483333,0.012847,0.0
8671,144.5,0.026875,0.0
8672,144.516667,0.020625,0.0
8673,144.533333,0.047708,0.0
8674,144.55,0.373819,0.0
8675,144.566667,0.037014,0.0
8676,144.583333,0.031319,0.0
8677,144.6,0.027292,0.0
8678,144.616667,0.027569,0.0
8679,144.633333,0.026806,0.0
8680,144.65,0.009097,0.0
8681,144.666667,0.010278,0.0
8682,144.683333,0.010833,0.0
8683,144.7,0.010903,0.0
8684,144.716667,0.013889,0.0
8685,144.733333,0.017986,6.9e-05
8686,144.75,0.017222,0.0
8687,144.766667,0.019028,0.0
8688,144.783333,0.013194,0.000139
8689,144.8,0.013472,0.000278
8690,144.816667,0.012153,0.000208
8691,144.833333,0.007708,0.0
8692,144.85,0.002778,0.0
8693,144.866667,1.749792,0.053333
8694,144.883333,0.010486,0.000347
8695,144.9,0.010486,0.000347
8696,144.916667,0.010903,0.000417
8697,144.933333,0.008264,0.000139
8698,144.95,0.010486,0.000208
8699,144.966667,0.011042,0.000208
8700,144.983333,0.010069,0.000208
8701,145.0,0.03125,0.000278
8702,145.016667,0.006042,6.9e-05
8703,145.033333,0.005208,0.0
8704,145.05,0.007292,0.000139
8705,145.066667,0.004375,0.0
8706,145.083333,0.006042,6.9e-05
8707,145.1,0.004097,0.0
8708,145.116667,0.004028,0.0
8709,145.133333,0.003264,0.0
8710,145.15,0.000139,0.0
8711,145.166667,0.007222,0.000139
8712,145.183333,0.004375,0.0
8713,145.2,0.004028,0.0
8714,145.216667,0.00375,0.0
8715,145.233333,0.002431,0.0
8716,145.25,0.004792,6.9e-05
8717,145.266667,0.004444,0.0
8718,145.283333,0.004653,0.0
8719,145.3,0.004167,0.0
8720,145.316667,0.004306,0.0
8721,145.333333,0.004931,0.0
8722,145.35,0.005417,0.0
8723,145.366667,0.004583,0.0
8724,145.383333,0.002708,0.0
8725,145.4,0.009653,0.000278
8726,145.416667,0.006806,6.9e-05
8727,145.433333,0.005417,0.0
8728,145.45,0.005694,0.0
8729,145.466667,0.006319,6.9e-05
8730,145.483333,0.005,0.0
8731,145.5,0.005069,6.9e-05
8732,145.516667,0.005556,0.0
8733,145.533333,0.003819,0.0
8734,145.55,0.000208,0.0
8735,145.566667,0.008472,0.000278
8736,145.583333,0.004028,0.0
8737,145.6,0.002569,0.0
8738,145.616667,0.006181,0.000139
8739,145.633333,0.005625,6.9e-05
8740,145.65,0.002014,0.0
8741,145.666667,0.005347,0.000139
8742,145.683333,0.005208,0.0
8743,145.7,0.006181,0.0
8744,145.716667,0.004861,0.0
8745,145.733333,0.005278,0.0
8746,145.75,0.004306,0.0
8747,145.766667,0.004306,0.0
8748,145.783333,0.004306,0.0
8749,145.8,0.006042,0.000139
8750,145.816667,0.004514,0.0
8751,145.833333,0.003681,0.0
8752,145.85,0.004375,0.0
8753,145.866667,0.004514,0.0
8754,145.883333,0.002292,0.0
8755,145.9,0.006042,6.9e-05
8756,145.916667,0.005556,0.0
8757,145.933333,0.002222,0.0
8758,145.95,0.000278,0.0
8759,145.966667,0.007083,0.000139
8760,145.983333,0.003056,0.0
8761,146.0,0.006181,0.0
8762,146.016667,0.003056,0.0
8763,146.033333,0.001806,0.0
8764,146.05,0.004792,0.0
8765,146.066667,0.003472,0.0
8766,146.083333,0.002917,0.0
8767,146.1,0.003333,0.0
8768,146.116667,0.003403,0.0
8769,146.133333,0.003542,0.0
8770,146.15,0.003333,0.0
8771,146.166667,0.003819,0.0
8772,146.183333,0.004097,0.0
8773,146.2,0.005139,0.0
8774,146.216667,0.007292,0.000139
8775,146.233333,0.002153,0.0
8776,146.25,0.000556,0.0
8777,146.266667,0.012153,0.000417
8778,146.283333,0.006181,0.0
8779,146.3,0.003403,0.0
8780,146.316667,0.00625,0.0
8781,146.333333,72.161458,0.536181
8782,146.35,0.007292,0.000208
8783,146.366667,0.009444,0.000208
8784,146.383333,0.005556,6.9e-05
8785,146.4,0.010347,0.000278
8786,146.416667,0.006458,0.000208
8787,146.433333,0.002014,0.0
8788,146.45,0.003125,0.000139
8789,146.466667,0.004722,0.000278
8790,146.483333,0.002431,0.0
8791,146.5,0.002986,6.9e-05
8792,146.516667,0.001389,0.0
8793,146.533333,0.001528,0.0
8794,146.55,0.0,0.0
8795,146.566667,0.001944,0.0
8796,146.583333,0.002292,6.9e-05
8797,146.6,6.9e-05,0.0
8798,146.616667,0.00125,0.0
8799,146.633333,0.003472,0.000139
8800,146.65,0.0,0.0
8801,146.666667,0.002083,0.0
8802,146.683333,0.0,0.0
8803,146.7,0.0,0.0
8804,146.716667,0.0,0.0
8805,146.733333,0.0,0.0
8806,146.75,0.0,0.0
8807,146.766667,0.015278,0.000486
8808,146.783333,0.0,0.0
8809,146.8,0.0,0.0
8810,146.816667,0.0,0.0
8811,146.833333,0.009306,0.000208
8812,146.85,0.0,0.0
8813,146.866667,0.0,0.0
8814,146.883333,0.000208,0.0
8815,146.9,0.016111,0.000417
8816,146.916667,0.020556,0.000486
8817,146.933333,0.016458,0.000278
8818,146.95,0.0,0.0
8819,146.966667,0.013056,0.000278
8820,146.983333,0.004097,6.9e-05
8821,147.0,0.066042,0.0
8822,147.016667,0.007292,0.000139
8823,147.033333,0.012014,0.000417
8824,147.05,2.699861,0.024514
8825,147.066667,0.003472,0.0
8826,147.083333,0.003819,0.0
8827,147.1,0.009861,0.000417
8828,147.116667,0.004653,0.000139
8829,147.133333,0.004167,6.9e-05
8830,147.15,0.006528,0.0
8831,147.166667,0.005417,0.0
8832,147.183333,0.005417,0.0
8833,147.2,0.008125,6.9e-05
8834,147.216667,0.001458,0.0
8835,147.233333,0.001944,0.0
8836,147.25,0.002083,0.0
8837,147.266667,0.000486,0.0
8838,147.283333,0.004097,0.000139
8839,147.3,0.003958,0.000139
8840,147.316667,0.003542,6.9e-05
8841,147.333333,0.003611,0.000139
8842,147.35,0.0,0.0
8843,147.366667,0.006458,0.000278
8844,147.383333,0.004792,0.000139
8845,147.4,0.003819,6.9e-05
8846,147.416667,0.002986,6.9e-05
8847,147.433333,0.003125,0.000139
8848,147.45,0.001875,0.0
8849,147.466667,0.003333,6.9e-05
8850,147.483333,0.004583,0.000139
8851,147.5,0.004514,0.000139
8852,147.516667,0.003611,6.9e-05
8853,147.533333,0.002639,6.9e-05
8854,147.55,0.011319,0.000278
8855,147.566667,0.014097,0.000347
8856,147.583333,0.007569,0.000278
8857,147.6,0.01,0.000347
8858,147.616667,0.013542,0.000417
8859,147.633333,0.003611,0.000139
8860,147.65,0.014028,0.000417
8861,147.666667,0.005208,0.000208
8862,147.683333,0.002083,0.0
8863,147.7,0.003333,6.9e-05
8864,147.716667,0.001042,0.0
8865,147.733333,0.001042,0.0
8866,147.75,6.9e-05,0.0
8867,147.766667,6.9e-05,0.0
8868,147.783333,0.001181,0.0
8869,147.8,6.9e-05,0.0
8870,147.816667,0.0,0.0
8871,147.833333,0.0,0.0
8872,147.85,0.0,0.0
8873,147.866667,0.0,0.0
8874,147.883333,0.00125,0.0
8875,147.9,0.0,0.0
8876,147.916667,0.001111,0.0
8877,147.933333,0.000139,0.0
8878,147.95,0.001042,0.0
8879,147.966667,0.000208,0.0
8880,147.983333,0.001875,0.0
8881,148.0,0.011597,0.0
8882,148.016667,0.002431,0.0
8883,148.033333,0.001111,0.0
8884,148.05,0.002431,0.0
8885,148.066667,0.004167,6.9e-05
8886,148.083333,0.019375,0.0
8887,148.1,1.314167,0.012986
8888,148.116667,6.333403,0.166875
8889,148.133333,7.381389,0.179514
8890,148.15,10.421389,0.246806
8891,148.166667,12.576806,0.276458
8892,148.183333,13.293403,0.271458
8893,148.2,11.370208,0.260278
8894,148.216667,9.699931,0.213819
8895,148.233333,7.182639,0.156389
8896,148.25,5.958125,0.1375
8897,148.266667,2.527917,0.061806
8898,148.283333,3.332917,0.079375
8899,148.3,0.075347,0.0
8900,148.316667,12.375208,0.280139
8901,148.333333,8.752361,0.215903
8902,148.35,0.026667,0.0
8903,148.366667,15.45625,0.312153
8904,148.383333,0.020764,6.9e-05
8905,148.4,14.136111,0.298611
8906,148.416667,5.447917,0.140069
8907,148.433333,5.232708,0.137292
8908,148.45,2.151944,0.048264
8909,148.466667,0.879167,0.003056
8910,148.483333,0.042014,6.9e-05
8911,148.5,0.109306,0.000278
8912,148.516667,0.150833,0.000208
8913,148.533333,0.172639,0.0
8914,148.55,0.035278,0.0
8915,148.566667,0.056528,0.0
8916,148.583333,0.017014,0.0
8917,148.6,0.038194,6.9e-05
8918,148.616667,0.023542,0.000208
8919,148.633333,0.01125,0.000139
8920,148.65,0.015208,0.000417
8921,148.666667,0.014097,0.000417
8922,148.683333,0.017569,0.000347
8923,148.7,0.020486,0.000556
8924,148.716667,0.017708,0.000417
8925,148.733333,0.011875,0.000278
8926,148.75,0.008958,0.000278
8927,148.766667,0.010278,0.000208
8928,148.783333,0.005903,0.000208
8929,148.8,0.002083,0.0
8930,148.816667,0.001181,0.0
8931,148.833333,0.0,0.0
8932,148.85,0.000139,0.0
8933,148.866667,0.001111,0.0
8934,148.883333,0.0,0.0
8935,148.9,0.0,0.0
8936,148.916667,0.0,0.0
8937,148.933333,0.0,0.0
8938,148.95,0.0,0.0
8939,148.966667,0.0,0.0
8940,148.983333,0.0,0.0
8941,149.0,0.10625,6.9e-05
8942,149.016667,0.005764,6.9e-05
8943,149.033333,0.000556,0.0
8944,149.05,0.0,0.0
8945,149.066667,0.0,0.0
8946,149.083333,0.0,0.0
8947,149.1,0.0,0.0
8948,149.116667,0.0,0.0
8949,149.133333,0.0,0.0
8950,149.15,0.000764,0.0
8951,149.166667,0.0,0.0
8952,149.183333,0.000694,0.0
8953,149.2,0.000625,0.0
8954,149.216667,0.000764,0.0
8955,149.233333,0.000556,0.0
8956,149.25,0.002222,0.0
8957,149.266667,0.002569,0.0
8958,149.283333,0.005486,0.0
8959,149.3,0.894722,0.014444
8960,149.316667,0.003472,0.0
8961,149.333333,0.008403,0.0
8962,149.35,0.000208,0.0
8963,149.366667,0.000208,0.0
8964,149.383333,0.000347,0.0
8965,149.4,0.000417,0.0
8966,149.416667,0.003889,0.0
8967,149.433333,40.339514,0.405625
8968,149.45,0.493681,0.004375
8969,149.466667,0.013819,6.9e-05
8970,149.483333,0.007014,0.0
8971,149.5,0.005139,0.0
8972,149.516667,0.003681,0.0
8973,149.533333,0.0,0.0
8974,149.55,0.001042,0.0
8975,149.566667,0.002778,0.0
8976,149.583333,0.015486,0.000486
8977,149.6,0.015347,0.000625
8978,149.616667,0.007986,0.000278
8979,149.633333,0.000556,0.0
8980,149.65,0.000417,0.0
8981,149.666667,0.000347,0.0
8982,149.683333,0.007292,0.000208
8983,149.7,6.9e-05,0.0
8984,149.716667,0.001458,0.0
8985,149.733333,6.9e-05,0.0
8986,149.75,0.001736,0.0
8987,149.766667,0.000139,0.0
8988,149.783333,0.000556,0.0
8989,149.8,0.004028,6.9e-05
8990,149.816667,0.004653,6.9e-05
8991,149.833333,0.004306,0.000139
8992,149.85,0.002153,0.0
8993,149.866667,0.002014,0.0
8994,149.883333,0.002153,0.0
8995,149.9,0.002014,0.0
8996,149.916667,0.004375,0.0
8997,149.933333,0.002569,0.0
8998,149.95,0.006042,0.000139
8999,149.966667,0.003958,6.9e-05
9000,149.983333,0.003264,0.0
9001,150.0,0.04125,0.0
9002,150.016667,0.000347,0.0
9003,150.033333,0.001458,0.0
9004,150.05,0.000694,0.0
9005,150.066667,0.001181,0.0
9006,150.083333,0.000694,0.0
9007,150.1,0.0,0.0
9008,150.116667,0.001319,0.0
9009,150.133333,0.000764,0.0
9010,150.15,0.004722,0.000139
9011,150.166667,0.005972,0.000139
9012,150.183333,0.017431,0.000278
9013,150.2,0.01375,0.000139
9014,150.216667,0.060417,0.000278
9015,150.233333,0.018472,0.000278
9016,150.25,0.00625,0.000139
9017,150.266667,0.003403,0.0
9018,150.283333,0.004792,0.000139
9019,150.3,0.003056,0.0
9020,150.316667,0.001736,0.0
9021,150.333333,0.001042,0.0
9022,150.35,0.000694,0.0
9023,150.366667,0.0,0.0
9024,150.383333,0.001944,0.0
9025,150.4,0.00125,0.0
9026,150.416667,0.003194,0.000139
9027,150.433333,6.9e-05,0.0
9028,150.45,0.0,0.0
9029,150.466667,0.000139,0.0
9030,150.483333,0.006389,0.000278
9031,150.5,0.003194,0.000139
9032,150.516667,0.017153,0.000139
9033,150.533333,0.071111,0.000139
9034,150.55,0.018611,0.0
9035,150.566667,0.074931,0.000208
9036,150.583333,0.001458,0.0
9037,150.6,0.001875,0.0
9038,150.616667,0.0,0.0
9039,150.633333,0.004583,6.9e-05
9040,150.65,0.000417,0.0
9041,150.666667,0.001736,0.0
9042,150.683333,0.001181,0.0
9043,150.7,0.000625,0.0
9044,150.716667,0.00125,0.0
9045,150.733333,0.0025,0.0
9046,150.75,0.006944,0.000278
9047,150.766667,0.008333,0.000278
9048,150.783333,0.007847,0.000278
9049,150.8,0.008542,0.000278
9050,150.816667,0.008542,0.000278
9051,150.833333,0.004792,0.000139
9052,150.85,0.017014,0.0
9053,150.866667,0.067569,0.000139
9054,150.883333,0.028542,0.000139
9055,150.9,0.073264,0.000208
9056,150.916667,0.005278,6.9e-05
9057,150.933333,0.009722,0.000278
9058,150.95,0.005972,6.9e-05
9059,150.966667,0.012361,0.000278
9060,150.983333,0.003194,0.0
9061,151.0,0.010347,0.0
9062,151.016667,0.001944,0.0
9063,151.033333,0.001528,0.0
9064,151.05,0.003056,0.0
9065,151.066667,0.00375,0.000139
9066,151.083333,0.002083,0.0
9067,151.1,0.0,0.0
9068,151.116667,0.001806,0.0
9069,151.133333,0.0,0.0
9070,151.15,0.0,0.0
9071,151.166667,0.0,0.0
9072,151.183333,0.000139,0.0
9073,151.2,0.0,0.0
9074,151.216667,0.0,0.0
9075,151.233333,0.030208,0.000625
9076,151.25,6.9e-05,0.0
9077,151.266667,0.0,0.0
9078,151.283333,0.0,0.0
9079,151.3,0.0,0.0
9080,151.316667,6.9e-05,0.0
9081,151.333333,0.000139,0.0
9082,151.35,0.001528,0.0
9083,151.366667,6.9e-05,0.0
9084,151.383333,0.0,0.0
9085,151.4,0.0,0.0
9086,151.416667,0.000347,0.0
9087,151.433333,0.0,0.0
9088,151.45,0.0,0.0
9089,151.466667,0.0,0.0
9090,151.483333,0.0,0.0
9091,151.5,0.0,0.0
9092,151.516667,0.0,0.0
9093,151.533333,0.0,0.0
9094,151.55,0.0,0.0
9095,151.566667,0.0,0.0
9096,151.583333,0.0,0.0
9097,151.6,0.0,0.0
9098,151.616667,0.0,0.0
9099,151.633333,0.0,0.0
9100,151.65,0.0,0.0
9101,151.666667,0.0,0.0
9102,151.683333,0.0,0.0
9103,151.7,0.0,0.0
9104,151.716667,6.9e-05,0.0
9105,151.733333,0.003264,0.0
9106,151.75,0.006806,0.000139
9107,151.766667,0.007431,0.000278
9108,151.783333,0.002778,0.0
9109,151.8,0.012778,0.000417
9110,151.816667,0.003333,0.0
9111,151.833333,0.002292,0.0
9112,151.85,0.001597,0.0
9113,151.866667,0.002986,6.9e-05
9114,151.883333,0.0,0.0
9115,151.9,0.0,0.0
9116,151.916667,0.0,0.0
9117,151.933333,0.001042,0.0
9118,151.95,0.0,0.0
9119,151.966667,0.000833,0.0
9120,151.983333,0.0,0.0
9121,152.0,0.038819,0.00125
9122,152.016667,0.000139,0.0
9123,152.033333,0.000208,0.0
9124,152.05,0.000139,0.0
9125,152.066667,0.000278,0.0
9126,152.083333,0.000278,0.0
9127,152.1,0.000139,0.0
9128,152.116667,0.0,0.0
9129,152.133333,0.0,0.0
9130,152.15,0.0,0.0
9131,152.166667,0.000486,0.0
9132,152.183333,0.0,0.0
9133,152.2,0.0,0.0
9134,152.216667,0.000208,0.0
9135,152.233333,0.0,0.0
9136,152.25,0.0,0.0
9137,152.266667,0.0,0.0
9138,152.283333,0.0,0.0
9139,152.3,0.0,0.0
9140,152.316667,0.0,0.0
9141,152.333333,0.0,0.0
9142,152.35,0.0,0.0
9143,152.366667,0.0,0.0
9144,152.383333,0.0,0.0
9145,152.4,0.0,0.0
9146,152.416667,0.0,0.0
9147,152.433333,0.0,0.0
9148,152.45,0.0,0.0
9149,152.466667,0.000556,0.0
9150,152.483333,0.0,0.0
9151,152.5,0.0,0.0
9152,152.516667,0.0,0.0
9153,152.533333,0.0,0.0
9154,152.55,0.0,0.0
9155,152.566667,0.0,0.0
9156,152.583333,0.0,0.0
9157,152.6,0.0,0.0
9158,152.616667,0.0,0.0
9159,152.633333,0.0,0.0
9160,152.65,0.0,0.0
9161,152.666667,0.001181,0.0
9162,152.683333,0.001458,0.0
9163,152.7,0.004097,6.9e-05
9164,152.716667,0.004722,0.0
9165,152.733333,0.002431,0.0
9166,152.75,0.004861,0.000139
9167,152.766667,0.005764,0.000139
9168,152.783333,0.007778,0.000208
9169,152.8,0.005625,0.000139
9170,152.816667,0.006736,0.000278
9171,152.833333,0.000764,0.0
9172,152.85,0.004236,0.0
9173,152.866667,0.017847,0.0
9174,152.883333,0.051597,0.000347
9175,152.9,0.018194,0.0
9176,152.916667,0.001875,0.0
9177,152.933333,0.000972,0.0
9178,152.95,0.003542,0.0
9179,152.966667,0.001597,0.0
9180,152.983333,0.001875,0.0
9181,153.0,0.003194,0.0
9182,153.016667,0.001319,0.0
9183,153.033333,0.00375,6.9e-05
9184,153.05,0.004028,6.9e-05
9185,153.066667,0.002708,6.9e-05
9186,153.083333,0.003819,6.9e-05
9187,153.1,0.002222,0.0
9188,153.116667,0.002431,0.0
9189,153.133333,0.0,0.0
9190,153.15,0.003194,0.0
9191,153.166667,0.001319,0.0
9192,153.183333,0.001319,0.0
9193,153.2,0.001042,0.0
9194,153.216667,0.001597,0.0
9195,153.233333,0.0,0.0
9196,153.25,0.0,0.0
9197,153.266667,0.0,0.0
9198,153.283333,0.0,0.0
9199,153.3,0.0,0.0
9200,153.316667,0.0,0.0
9201,153.333333,0.0,0.0
9202,153.35,0.0,0.0
9203,153.366667,0.0,0.0
9204,153.383333,0.0,0.0
9205,153.4,0.0,0.0
9206,153.416667,0.0,0.0
9207,153.433333,0.0,0.0
9208,153.45,0.0,0.0
9209,153.466667,0.0,0.0
9210,153.483333,0.0,0.0
9211,153.5,0.002014,0.0
9212,153.516667,0.005556,0.000139
9213,153.533333,0.009792,0.000347
9214,153.55,0.009722,0.000347
9215,153.566667,0.005278,0.000139
9216,153.583333,0.002569,0.0
9217,153.6,0.144583,0.000278
9218,153.616667,0.009375,0.000139
9219,153.633333,0.018125,6.9e-05
9220,153.65,0.006875,0.0
9221,153.666667,0.061806,0.000208
9222,153.683333,0.013264,0.0
9223,153.7,0.056806,0.0
9224,153.716667,0.014514,0.0
9225,153.733333,0.005139,0.0
9226,153.75,0.002708,6.9e-05
9227,153.766667,0.003611,0.0
9228,153.783333,0.012361,0.000417
9229,153.8,0.005972,0.000208
9230,153.816667,0.001319,0.0
9231,153.833333,0.002431,0.0
9232,153.85,0.001042,0.0
9233,153.866667,0.001181,0.0
9234,153.883333,0.0,0.0
9235,153.9,0.0,0.0
9236,153.916667,0.0,0.0
9237,153.933333,0.039375,0.001389
9238,153.95,0.0,0.0
9239,153.966667,0.0,0.0
9240,153.983333,0.0,0.0
9241,154.0,0.022778,0.0
9242,154.016667,0.000139,0.0
9243,154.033333,0.0,0.0
9244,154.05,0.0,0.0
9245,154.066667,0.0,0.0
9246,154.083333,0.0,0.0
9247,154.1,0.0,0.0
9248,154.116667,1.123194,0.026806
9249,154.133333,0.0,0.0
9250,154.15,0.002222,0.0
9251,154.166667,0.004653,6.9e-05
9252,154.183333,0.003472,0.0
9253,154.2,0.005903,0.000139
9254,154.216667,0.003958,0.0
9255,154.233333,0.007153,0.000278
9256,154.25,6.9e-05,0.0
9257,154.266667,0.0,0.0
9258,154.283333,0.0,0.0
9259,154.3,0.0,0.0
9260,154.316667,0.0,0.0
9261,154.333333,0.0,0.0
9262,154.35,0.0,0.0
9263,154.366667,0.0,0.0
9264,154.383333,0.0,0.0
9265,154.4,0.003542,0.000139
9266,154.416667,0.002222,0.0
9267,154.433333,0.017708,0.0
9268,154.45,0.054028,0.0
9269,154.466667,0.019931,0.000139
9270,154.483333,0.061806,0.0
9271,154.5,0.016319,0.0
9272,154.516667,0.01,0.000208
9273,154.533333,0.002153,0.0
9274,154.55,0.001111,0.0
9275,154.566667,0.001944,0.0
9276,154.583333,0.002083,0.0
9277,154.6,0.002917,0.0
9278,154.616667,0.001042,0.0
9279,154.633333,0.0,0.0
9280,154.65,0.0,0.0
9281,154.666667,0.037569,0.00125
9282,154.683333,0.0,0.0
9283,154.7,0.000139,0.0
9284,154.716667,0.000486,0.0
9285,154.733333,0.000139,0.0
9286,154.75,0.0,0.0
9287,154.766667,0.0,0.0
9288,154.783333,0.0,0.0
9289,154.8,0.0,0.0
9290,154.816667,0.0,0.0
9291,154.833333,0.000833,0.0
9292,154.85,0.0,0.0
9293,154.866667,0.0,0.0
9294,154.883333,0.0,0.0
9295,154.9,0.0,0.0
9296,154.916667,0.0,0.0
9297,154.933333,0.0,0.0
9298,154.95,0.0,0.0
9299,154.966667,0.0,0.0
9300,154.983333,0.0,0.0
9301,155.0,0.004514,0.0
9302,155.016667,6.9e-05,0.0
9303,155.033333,0.000139,0.0
9304,155.05,0.000278,0.0
9305,155.066667,0.0,0.0
9306,155.083333,6.9e-05,0.0
9307,155.1,0.0,0.0
9308,155.116667,0.0,0.0
9309,155.133333,0.002639,0.0
9310,155.15,0.0,0.0
9311,155.166667,0.007014,0.000208
9312,155.183333,0.008194,0.000208
9313,155.2,0.004792,6.9e-05
9314,155.216667,0.073819,0.0
9315,155.233333,0.075486,0.000417
9316,155.25,0.019167,0.000278
9317,155.266667,0.012292,0.000278
9318,155.283333,0.081042,0.000208
9319,155.3,0.078403,6.9e-05
9320,155.316667,0.010208,0.0
9321,155.333333,0.013542,6.9e-05
9322,155.35,0.004583,0.0
9323,155.366667,0.005069,6.9e-05
9324,155.383333,0.004792,6.9e-05
9325,155.4,0.006042,0.000139
9326,155.416667,0.000764,0.0
9327,155.433333,0.0,0.0
9328,155.45,0.0,0.0
9329,155.466667,0.0,0.0
9330,155.483333,0.001875,0.0
9331,155.5,0.0,0.0
9332,155.516667,0.0,0.0
9333,155.533333,0.0,0.0
9334,155.55,0.000972,0.0
9335,155.566667,1.094097,0.029583
9336,155.583333,0.000417,0.0
9337,155.6,0.010764,0.0
9338,155.616667,0.045069,0.001389
9339,155.633333,0.020486,0.000625
9340,155.65,0.001111,0.0
9341,155.666667,0.000764,0.0
9342,155.683333,0.001597,0.0
9343,155.7,0.000139,0.0
9344,155.716667,6.9e-05,0.0
9345,155.733333,0.0,0.0
9346,155.75,0.001181,0.0
9347,155.766667,0.001736,0.0
9348,155.783333,0.000694,0.0
9349,155.8,0.004028,6.9e-05
9350,155.816667,0.009722,0.000347
9351,155.833333,0.005417,0.000139
9352,155.85,0.017083,0.000556
9353,155.866667,0.012431,0.000417
9354,155.883333,0.012014,0.000417
9355,155.9,0.009028,0.000278
9356,155.916667,0.011597,0.000556
9357,155.933333,0.011181,0.000417
9358,155.95,0.01,0.000347
9359,155.966667,0.007708,0.000139
9360,155.983333,0.011458,0.000347
9361,156.0,0.016667,0.000417
9362,156.016667,0.069514,0.000417
9363,156.033333,0.003542,0.0
9364,156.05,0.0,0.0
9365,156.066667,0.012153,0.000486
9366,156.083333,0.004028,0.0
9367,156.1,0.006528,0.000139
9368,156.116667,0.004306,0.0
9369,156.133333,0.003056,0.0
9370,156.15,0.0,0.0
9371,156.166667,0.0,0.0
9372,156.183333,0.118264,0.000278
9373,156.2,0.004722,0.0
9374,156.216667,0.004861,0.0
9375,156.233333,0.002153,0.0
9376,156.25,0.003333,0.0
9377,156.266667,0.003681,0.0
9378,156.283333,0.001944,0.0
9379,156.3,0.0,0.0
9380,156.316667,0.001389,0.0
9381,156.333333,0.0,0.0
9382,156.35,0.0,0.0
9383,156.366667,0.0,0.0
9384,156.383333,0.053958,0.001875
9385,156.4,0.142708,0.005278
9386,156.416667,0.181667,0.004583
9387,156.433333,0.227986,0.004861
9388,156.45,0.181875,0.003125
9389,156.466667,0.107847,0.001319
9390,156.483333,0.090278,0.001181
9391,156.5,0.089722,0.001667
9392,156.516667,0.122222,0.001319
9393,156.533333,0.001806,0.0
9394,156.55,0.037292,0.000764
9395,156.566667,0.072847,0.000972
9396,156.583333,0.040278,0.000556
9397,156.6,0.036111,0.000417
9398,156.616667,0.131944,0.000625
9399,156.633333,0.000139,0.0
9400,156.65,0.001389,0.0
9401,156.666667,0.000417,0.0
9402,156.683333,0.137569,0.001597
9403,156.7,0.072431,0.000972
9404,156.716667,0.069653,0.000903
9405,156.733333,0.001042,0.0
9406,156.75,0.085764,0.001667
9407,156.766667,0.024931,0.000486
9408,156.783333,0.009931,0.0
9409,156.8,0.003819,0.0
9410,156.816667,0.0,0.0
9411,156.833333,0.000139,0.0
9412,156.85,0.0,0.0
9413,156.866667,0.003333,0.0
9414,156.883333,0.115347,6.9e-05
9415,156.9,0.008611,0.0
9416,156.916667,0.007431,6.9e-05
9417,156.933333,0.004722,0.0
9418,156.95,0.006944,0.000208
9419,156.966667,0.009444,0.000278
9420,156.983333,0.004861,0.0
9421,157.0,0.014236,0.000347
9422,157.016667,0.011389,0.000278
9423,157.033333,0.020764,0.000556
9424,157.05,0.025625,0.000556
9425,157.066667,0.125347,0.000833
9426,157.083333,0.013125,0.000417
9427,157.1,0.064514,0.000417
9428,157.116667,0.012431,0.000347
9429,157.133333,0.005278,0.000139
9430,157.15,0.007917,0.000139
9431,157.166667,0.008958,0.000278
9432,157.183333,0.009306,0.000278
9433,157.2,0.010625,0.000278
9434,157.216667,0.006181,0.000139
9435,157.233333,0.005764,0.000208
9436,157.25,0.005139,0.000208
9437,157.266667,0.005069,0.000139
9438,157.283333,0.003889,6.9e-05
9439,157.3,0.004028,6.9e-05
9440,157.316667,0.004583,0.000139
9441,157.333333,0.007222,0.000208
9442,157.35,0.007917,0.000278
9443,157.366667,0.005972,0.000139
9444,157.383333,0.004167,6.9e-05
9445,157.4,0.005903,0.000139
9446,157.416667,0.003333,0.0
9447,157.433333,0.001875,0.0
9448,157.45,0.002778,6.9e-05
9449,157.466667,0.00125,0.0
9450,157.483333,0.000556,0.0
9451,157.5,0.000903,0.0
9452,157.516667,0.0,0.0
9453,157.533333,6.9e-05,0.0
9454,157.55,0.0,0.0
9455,157.566667,0.0,0.0
9456,157.583333,0.0,0.0
9457,157.6,0.000556,0.0
9458,157.616667,0.000556,0.0
9459,157.633333,0.0025,0.0
9460,157.65,0.003542,6.9e-05
9461,157.666667,0.005208,0.000139
9462,157.683333,0.003681,6.9e-05
9463,157.7,0.005,6.9e-05
9464,157.716667,0.002639,0.0
9465,157.733333,0.002639,0.0
9466,157.75,0.004583,0.000139
9467,157.766667,0.032014,6.9e-05
9468,157.783333,0.003958,0.0
9469,157.8,0.006111,0.000139
9470,157.816667,0.008889,0.000208
9471,157.833333,0.007083,0.000208
9472,157.85,0.006944,0.000347
9473,157.866667,0.0075,0.000278
9474,157.883333,0.004583,0.000208
9475,157.9,0.003056,0.0
9476,157.916667,0.003403,6.9e-05
9477,157.933333,0.003333,0.0
9478,157.95,0.003542,6.9e-05
9479,157.966667,0.002639,0.0
9480,157.983333,0.001806,0.0
9481,158.0,0.020972,0.000139
9482,158.016667,0.001597,0.0
9483,158.033333,0.001458,0.0
9484,158.05,0.002083,0.0
9485,158.066667,0.001528,0.0
9486,158.083333,0.001389,0.0
9487,158.1,0.0025,0.0
9488,158.116667,0.001667,0.0
9489,158.133333,0.001111,0.0
9490,158.15,0.00125,0.0
9491,158.166667,0.001597,0.0
9492,158.183333,38.163264,0.403681
9493,158.2,0.013958,0.000139
9494,158.216667,0.584097,0.004931
9495,158.233333,0.001111,0.0
9496,158.25,0.018333,0.000347
9497,158.266667,0.010556,0.000278
9498,158.283333,0.009444,0.000139
9499,158.3,0.009167,0.000208
9500,158.316667,0.009306,0.000139
9501,158.333333,0.000139,0.0
9502,158.35,0.000347,0.0
9503,158.366667,0.600833,0.004931
9504,158.383333,0.009097,0.000278
9505,158.4,0.007292,0.000208
9506,158.416667,0.007917,0.000208
9507,158.433333,0.00125,0.0
9508,158.45,0.015347,0.000347
9509,158.466667,0.007361,0.000278
9510,158.483333,0.007708,0.000208
9511,158.5,0.008472,0.000139
9512,158.516667,0.007222,0.000139
9513,158.533333,0.000417,0.0
9514,158.55,0.015764,0.000417
9515,158.566667,0.007708,0.000208
9516,158.583333,0.008125,0.000139
9517,158.6,0.009514,0.000208
9518,158.616667,0.008611,0.000139
9519,158.633333,0.010764,0.000278
9520,158.65,0.011458,0.000278
9521,158.666667,0.009722,0.000208
9522,158.683333,0.011042,0.000208
9523,158.7,0.010139,0.000139
9524,158.716667,0.010208,0.000208
9525,158.733333,0.001458,0.0
9526,158.75,0.011736,0.000208
9527,158.766667,0.015764,0.000486
9528,158.783333,0.009792,0.000139
9529,158.8,0.013542,0.000417
9530,158.816667,0.007292,0.000208
9531,158.833333,0.000347,0.0
9532,158.85,0.017361,0.000347
9533,158.866667,0.011111,0.000208
9534,158.883333,0.008958,0.000139
9535,158.9,0.009236,0.000139
9536,158.916667,0.011389,0.000208
9537,158.933333,0.002083,0.0
9538,158.95,0.000278,0.0
9539,158.966667,0.026806,0.000694
9540,158.983333,0.00875,0.000278
9541,159.0,0.065556,0.000347
9542,159.016667,0.015486,0.000278
9543,159.033333,0.011597,0.000278
9544,159.05,0.009028,0.000208
9545,159.066667,0.010069,0.000278
9546,159.083333,0.011736,0.000278
9547,159.1,0.007778,0.000139
9548,159.116667,0.009375,0.000208
9549,159.133333,0.000764,0.0
9550,159.15,0.017361,0.000278
9551,159.166667,0.009097,0.000208
9552,159.183333,0.009792,0.000208
9553,159.2,0.009653,0.000208
9554,159.216667,0.009861,0.000139
9555,159.233333,0.001528,0.0
9556,159.25,0.000208,0.0
9557,159.266667,0.022014,0.000764
9558,159.283333,0.010625,0.000278
9559,159.3,0.009028,0.000278
9560,159.316667,0.010833,0.000208
9561,159.333333,0.000347,0.0
9562,159.35,0.000208,0.0
9563,159.366667,0.024375,0.000556
9564,159.383333,0.009167,0.000278
9565,159.4,0.0075,0.000139
9566,159.416667,0.009097,0.000208
9567,159.433333,0.000347,0.0
9568,159.45,0.018611,0.000486
9569,159.466667,0.011597,0.000278
9570,159.483333,0.010278,0.000139
9571,159.5,0.008889,0.000278
9572,159.516667,52.743333,0.596736
9573,159.533333,0.002292,0.0
9574,159.55,0.010069,0.000208
9575,159.566667,0.006528,0.000139
9576,159.583333,0.007847,0.000139
9577,159.6,0.008472,0.000208
9578,159.616667,6.9e-05,0.0
9579,159.633333,0.002292,0.0
9580,159.65,0.001597,0.0
9581,159.666667,0.001042,0.0
9582,159.683333,0.009167,0.000208
9583,159.7,0.000139,0.0
9584,159.716667,0.001875,0.0
9585,159.733333,0.000139,0.0
9586,159.75,0.0,0.0
9587,159.766667,0.0,0.0
9588,159.783333,0.0,0.0
9589,159.8,0.0,0.0
9590,159.816667,0.0,0.0
9591,159.833333,0.0,0.0
9592,159.85,0.000278,0.0
9593,159.866667,0.001667,0.0
9594,159.883333,0.000278,0.0
9595,159.9,0.001667,0.0
9596,159.916667,0.002014,0.0
9597,159.933333,0.005764,0.000139
9598,159.95,0.002361,6.9e-05
9599,159.966667,0.005972,0.000208
9600,159.983333,0.009375,0.000278
9601,160.0,0.075833,0.000208
9602,160.016667,0.009375,0.000208
9603,160.033333,0.009028,0.000278
9604,160.05,0.004792,0.000139
9605,160.066667,0.008958,0.000208
9606,160.083333,0.010764,0.000208
9607,160.1,0.006944,0.000139
9608,160.116667,0.010347,0.000278
9609,160.133333,0.009028,0.000278
9610,160.15,6.9e-05,0.0
9611,160.166667,0.000208,0.0
9612,160.183333,0.015139,0.000347
9613,160.2,0.006597,0.000278
9614,160.216667,0.004375,6.9e-05
9615,160.233333,0.002222,6.9e-05
9616,160.25,0.000208,0.0
9617,160.266667,0.000417,0.0
9618,160.283333,0.006389,0.000208
9619,160.3,0.002361,0.0
9620,160.316667,0.007222,0.000278
9621,160.333333,0.0025,6.9e-05
9622,160.35,0.000278,0.0
9623,160.366667,0.013333,0.000486
9624,160.383333,0.000694,0.0
9625,160.4,6.9e-05,0.0
9626,160.416667,0.0,0.0
9627,160.433333,0.0,0.0
9628,160.45,0.001111,0.0
9629,160.466667,0.001042,0.0
9630,160.483333,0.003056,0.0
9631,160.5,0.002014,0.0
9632,160.516667,6.9e-05,0.0
9633,160.533333,0.0025,0.0
9634,160.55,0.000208,0.0
9635,160.566667,0.000764,0.0
9636,160.583333,0.002222,0.0
9637,160.6,0.003264,0.0
9638,160.616667,0.001667,0.0
9639,160.633333,0.003333,6.9e-05
9640,160.65,0.002708,0.0
9641,160.666667,0.002083,0.0
9642,160.683333,0.003819,6.9e-05
9643,160.7,0.004653,0.0
9644,160.716667,0.003056,0.0
9645,160.733333,0.002986,0.0
9646,160.75,0.003958,6.9e-05
9647,160.766667,0.004931,6.9e-05
9648,160.783333,0.005694,6.9e-05
9649,160.8,0.005347,0.000208
9650,160.816667,0.002569,0.0
9651,160.833333,0.001528,0.0
9652,160.85,0.0,0.0
9653,160.866667,0.005139,6.9e-05
9654,160.883333,0.001528,0.0
9655,160.9,0.0,0.0
9656,160.916667,0.0,0.0
9657,160.933333,0.0,0.0
9658,160.95,0.0,0.0
9659,160.966667,0.0,0.0
9660,160.983333,0.0,0.0
9661,161.0,0.006806,6.9e-05
9662,161.016667,0.004028,6.9e-05
9663,161.033333,0.000347,0.0
9664,161.05,0.000139,0.0
9665,161.066667,6.9e-05,0.0
9666,161.083333,0.004722,6.9e-05
9667,161.1,0.0,0.0
9668,161.116667,0.000208,0.0
9669,161.133333,0.000139,0.0
9670,161.15,0.001458,0.0
9671,161.166667,6.9e-05,0.0
9672,161.183333,0.000347,0.0
9673,161.2,0.000486,0.0
9674,161.216667,0.002778,0.0
9675,161.233333,0.002014,0.0
9676,161.25,0.000486,0.0
9677,161.266667,0.000764,0.0
9678,161.283333,0.778333,0.005
9679,161.3,0.002153,0.0
9680,161.316667,0.000972,0.0
9681,161.333333,0.000972,0.0
9682,161.35,0.00125,0.0
9683,161.366667,0.002083,0.0
9684,161.383333,0.003472,0.0
9685,161.4,0.003403,0.0
9686,161.416667,0.0025,0.0
9687,161.433333,0.001597,0.0
9688,161.45,0.001597,0.0
9689,161.466667,0.000764,0.0
9690,161.483333,0.000139,0.0
9691,161.5,6.9e-05,0.0
9692,161.516667,0.000278,0.0
9693,161.533333,0.000139,0.0
9694,161.55,0.0,0.0
9695,161.566667,0.0,0.0
9696,161.583333,6.9e-05,0.0
9697,161.6,0.001319,0.0
9698,161.616667,0.0,0.0
9699,161.633333,0.0,0.0
9700,161.65,0.0,0.0
9701,161.666667,59.996181,0.589097
9702,161.683333,0.761389,0.002014
9703,161.7,2.928333,0.064861
9704,161.716667,5.197639,0.140972
9705,161.733333,0.00125,0.0
9706,161.75,10.066944,0.306528
9707,161.766667,7.336597,0.220417
9708,161.783333,4.923958,0.132778
9709,161.8,3.709931,0.092083
9710,161.816667,2.954028,0.065139
9711,161.833333,0.006528,0.0
9712,161.85,0.024444,0.0
9713,161.866667,0.016667,0.0
9714,161.883333,0.016736,0.0
9715,161.9,3.53625,0.084028
9716,161.916667,2.340278,0.046389
9717,161.933333,0.002639,0.0
9718,161.95,0.004792,0.0
9719,161.966667,3.178403,0.075556
9720,161.983333,1.159097,0.020972
9721,162.0,0.670069,0.006597
9722,162.016667,0.928194,0.016389
9723,162.033333,0.012639,6.9e-05
9724,162.05,0.267986,0.000278
9725,162.066667,0.014444,0.000347
9726,162.083333,0.010278,0.000278
9727,162.1,0.009028,0.000208
9728,162.116667,0.009514,0.000278
9729,162.133333,0.002292,0.0
9730,162.15,6.9e-05,0.0
9731,162.166667,0.025,0.000833
9732,162.183333,0.008403,0.000278
9733,162.2,0.007708,0.000208
9734,162.216667,0.005347,0.000139
9735,162.233333,0.002778,0.0
9736,162.25,0.011667,0.000347
9737,162.266667,0.007361,0.000208
9738,162.283333,0.006806,0.000278
9739,162.3,0.010486,0.000278
9740,162.316667,0.011111,0.000278
9741,162.333333,0.003264,0.0
9742,162.35,0.0,0.0
9743,162.366667,0.014792,0.000417
9744,162.383333,0.024583,0.000903
9745,162.4,0.024375,0.000764
9746,162.416667,3.972222,0.150069
9747,162.433333,0.004792,0.0
9748,162.45,0.006667,0.0
9749,162.466667,0.001806,0.0
9750,162.483333,0.002153,0.0
9751,162.5,0.002361,0.0
9752,162.516667,0.003403,0.0
9753,162.533333,0.000139,0.0
9754,162.55,0.000139,0.0
9755,162.566667,0.001389,0.0
9756,162.583333,0.000417,0.0
9757,162.6,0.002014,0.0
9758,162.616667,0.002847,0.0
9759,162.633333,0.027917,0.000347
9760,162.65,2.173819,0.072847
9761,162.666667,0.026875,6.9e-05
9762,162.683333,0.008472,0.0
9763,162.7,0.010417,0.0
9764,162.716667,0.019306,0.000208
9765,162.733333,0.019653,0.000347
9766,162.75,0.023403,0.000417
9767,162.766667,0.028889,0.000347
9768,162.783333,0.014931,0.000347
9769,162.8,0.02625,0.000417
9770,162.816667,0.021944,0.000417
9771,162.833333,0.00875,0.000347
9772,162.85,0.008958,0.000208
9773,162.866667,0.009653,0.000417
9774,162.883333,0.009861,0.000347
9775,162.9,0.009861,0.000417
9776,162.916667,0.015486,0.000486
9777,162.933333,0.003403,0.000139
9778,162.95,0.010347,0.000208
9779,162.966667,0.008125,0.000278
9780,162.983333,0.003333,0.0
9781,163.0,0.050069,0.000278
9782,163.016667,0.007986,0.000278
9783,163.033333,0.002639,0.0
9784,163.05,0.010556,0.000278
9785,163.066667,0.007292,0.000278
9786,163.083333,0.012014,0.000347
9787,163.1,0.008611,0.000347
9788,163.116667,0.009931,0.000278
9789,163.133333,0.012361,0.000417
9790,163.15,0.005694,0.000208
9791,163.166667,0.006875,0.000139
9792,163.183333,0.003194,0.0
9793,163.2,0.003264,0.0
9794,163.216667,0.003819,0.0
9795,163.233333,0.004722,0.000139
9796,163.25,0.005,0.000139
9797,163.266667,0.010903,0.000278
9798,163.283333,0.012222,0.000278
9799,163.3,0.002014,0.0
9800,163.316667,0.002292,0.0
9801,163.333333,0.0,0.0
9802,163.35,0.0,0.0
9803,163.366667,0.0,0.0
9804,163.383333,0.010486,0.000347
9805,163.4,0.007083,0.000278
9806,163.416667,0.004514,6.9e-05
9807,163.433333,0.005625,0.000208
9808,163.45,0.005278,0.000208
9809,163.466667,0.010764,0.000347
9810,163.483333,0.014861,0.000556
9811,163.5,0.018403,0.000556
9812,163.516667,0.0125,0.000347
9813,163.533333,0.017083,0.000556
9814,163.55,0.010556,0.000347
9815,163.566667,0.010556,0.000278
9816,163.583333,0.010764,0.000278
9817,163.6,0.016042,0.000417
9818,163.616667,0.007569,0.000347
9819,163.633333,0.007847,0.000347
9820,163.65,0.009514,0.000347
9821,163.666667,0.004444,0.000208
9822,163.683333,0.007361,0.000278
9823,163.7,0.003681,0.0
9824,163.716667,0.006458,0.000208
9825,163.733333,0.001736,0.0
9826,163.75,0.008264,0.000278
9827,163.766667,0.006319,0.000278
9828,163.783333,0.012292,0.000347
9829,163.8,0.008889,0.000278
9830,163.816667,0.007153,0.000347
9831,163.833333,0.005625,0.000208
9832,163.85,0.006528,0.000208
9833,163.866667,0.007431,0.000278
9834,163.883333,0.012292,0.000417
9835,163.9,0.009653,0.000486
9836,163.916667,0.010486,0.000208
9837,163.933333,0.011528,0.000278
9838,163.95,0.009306,0.000347
9839,163.966667,0.002847,0.0
9840,163.983333,0.001875,0.0
9841,164.0,0.010556,0.0
9842,164.016667,0.001319,0.0
9843,164.033333,0.000208,0.0
9844,164.05,0.0,0.0
9845,164.066667,0.0,0.0
9846,164.083333,0.0,0.0
9847,164.1,0.0,0.0
9848,164.116667,0.0,0.0
9849,164.133333,0.0,0.0
9850,164.15,0.0,0.0
9851,164.166667,0.0,0.0
9852,164.183333,0.0,0.0
9853,164.2,0.0,0.0
9854,164.216667,0.001389,0.0
9855,164.233333,0.009306,0.000278
9856,164.25,0.009583,0.000347
9857,164.266667,0.014028,0.000417
9858,164.283333,0.010486,0.000208
9859,164.3,0.008472,0.000278
9860,164.316667,0.007986,0.000208
9861,164.333333,0.009444,0.000278
9862,164.35,0.009097,0.000347
9863,164.366667,0.010694,0.000278
9864,164.383333,0.014167,0.000486
9865,164.4,0.007014,0.000208
9866,164.416667,0.012431,0.000417
9867,164.433333,0.010486,0.000347
9868,164.45,0.01,0.000208
9869,164.466667,0.010556,0.000347
9870,164.483333,0.009444,0.000278
9871,164.5,0.012361,0.000347
9872,164.516667,0.011389,0.000347
9873,164.533333,0.003125,0.0
9874,164.55,0.012986,0.000278
9875,164.566667,0.008611,0.000278
9876,164.583333,0.006667,0.000278
9877,164.6,0.010972,0.000347
9878,164.616667,0.009931,0.000347
9879,164.633333,0.012847,0.000486
9880,164.65,0.012708,0.000347
9881,164.666667,0.014653,0.000556
9882,164.683333,0.018264,0.000486
9883,164.7,0.019097,0.000625
9884,164.716667,0.018333,0.000486
9885,164.733333,0.015,0.000486
9886,164.75,0.013403,0.000486
9887,164.766667,0.01375,0.000347
9888,164.783333,0.013333,0.000486
9889,164.8,0.011944,0.000347
9890,164.816667,0.013125,0.000278
9891,164.833333,0.005486,0.000139
9892,164.85,0.006181,0.000278
9893,164.866667,0.007222,0.000139
9894,164.883333,0.008194,0.000347
9895,164.9,0.009583,0.000417
9896,164.916667,0.010833,0.000417
9897,164.933333,0.010347,0.000278
9898,164.95,0.014375,0.000486
9899,164.966667,0.013889,0.000347
9900,164.983333,0.005972,0.000139
9901,165.0,0.014792,0.000347
9902,165.016667,0.010347,0.000347
9903,165.033333,0.007986,0.000278
9904,165.05,0.005764,0.000139
9905,165.066667,0.006111,0.000208
9906,165.083333,0.005486,0.000208
9907,165.1,0.003333,0.0
9908,165.116667,0.002431,0.0
9909,165.133333,0.002986,6.9e-05
9910,165.15,0.000625,0.0
9911,165.166667,0.0,0.0
9912,165.183333,0.001111,0.0
9913,165.2,0.0,0.0
9914,165.216667,0.0,0.0
9915,165.233333,0.0,0.0
9916,165.25,0.000486,0.0
9917,165.266667,0.003056,0.0
9918,165.283333,0.005278,0.000139
9919,165.3,0.009236,0.000347
9920,165.316667,0.010486,0.000347
9921,165.333333,0.01125,0.000417
9922,165.35,0.007986,0.000278
9923,165.366667,0.007778,0.000278
9924,165.383333,0.009167,0.000278
9925,165.4,0.008542,0.000139
9926,165.416667,0.008125,0.000139
9927,165.433333,0.007361,0.000139
9928,165.45,0.008403,0.000208
9929,165.466667,0.005208,0.000139
9930,165.483333,0.004931,0.000139
9931,165.5,0.002847,0.0
9932,165.516667,0.0,0.0
9933,165.533333,0.001042,0.0
9934,165.55,0.000278,0.0
9935,165.566667,0.0,0.0
9936,165.583333,0.001875,0.0
9937,165.6,0.001944,0.0
9938,165.616667,0.003958,6.9e-05
9939,165.633333,0.001319,0.0
9940,165.65,0.005694,6.9e-05
9941,165.666667,0.007083,0.000278
9942,165.683333,0.006944,0.000278
9943,165.7,0.006736,0.000208
9944,165.716667,0.005972,0.000208
9945,165.733333,0.003125,6.9e-05
9946,165.75,0.000694,0.0
9947,165.766667,0.0,0.0
9948,165.783333,0.0,0.0
9949,165.8,0.0,0.0
9950,165.816667,0.0,0.0
9951,165.833333,0.170694,6.9e-05
9952,165.85,0.003264,0.0
9953,165.866667,0.001806,0.0
9954,165.883333,0.001806,0.0
9955,165.9,0.000139,0.0
9956,165.916667,0.0,0.0
9957,165.933333,0.0,0.0
9958,165.95,0.0,0.0
9959,165.966667,0.0,0.0
9960,165.983333,0.0,0.0
9961,166.0,0.043542,0.0
9962,166.016667,0.001597,0.0
9963,166.033333,0.000208,0.0
9964,166.05,0.000208,0.0
9965,166.066667,0.0,0.0
9966,166.083333,0.0,0.0
9967,166.1,0.0,0.0
9968,166.116667,0.0,0.0
9969,166.133333,0.0,0.0
9970,166.15,0.003264,0.0
9971,166.166667,0.0025,0.0
9972,166.183333,0.003056,0.0
9973,166.2,0.005347,0.000208
9974,166.216667,0.001319,0.0
9975,166.233333,0.002361,0.0
9976,166.25,0.00125,0.0
9977,166.266667,0.004514,6.9e-05
9978,166.283333,0.001806,0.0
9979,166.3,0.000278,0.0
9980,166.316667,0.0,0.0
9981,166.333333,0.0,0.0
9982,166.35,6.9e-05,0.0
9983,166.366667,0.005278,6.9e-05
9984,166.383333,0.0,0.0
9985,166.4,0.0,0.0
9986,166.416667,0.0,0.0
9987,166.433333,0.0,0.0
9988,166.45,0.0,0.0
9989,166.466667,0.0,0.0
9990,166.483333,0.0,0.0
9991,166.5,0.0,0.0
9992,166.516667,0.0,0.0
9993,166.533333,0.0,0.0
9994,166.55,0.0,0.0
9995,166.566667,0.0,0.0
9996,166.583333,0.0,0.0
9997,166.6,0.0,0.0
9998,166.616667,0.0,0.0
9999,166.633333,0.0,0.0
10000,166.65,0.0,0.0
10001,166.666667,0.0,0.0
10002,166.683333,0.000347,0.0
10003,166.7,0.004792,0.000208
10004,166.716667,0.008264,0.000278
10005,166.733333,0.009653,0.000278
10006,166.75,0.010417,0.000417
10007,166.766667,0.011111,0.000417
10008,166.783333,0.008958,0.000347
10009,166.8,0.010139,0.000278
10010,166.816667,0.010347,0.000417
10011,166.833333,0.004653,0.000139
10012,166.85,0.006181,0.000208
10013,166.866667,0.003472,6.9e-05
10014,166.883333,0.001806,0.0
10015,166.9,0.000556,0.0
10016,166.916667,0.002083,0.0
10017,166.933333,0.0,0.0
10018,166.95,0.0,0.0
10019,166.966667,0.0,0.0
10020,166.983333,0.002014,0.0
10021,167.0,0.002431,0.0
10022,167.016667,0.001597,0.0
10023,167.033333,0.000417,0.0
10024,167.05,0.000208,0.0
10025,167.066667,0.0,0.0
10026,167.083333,0.0,0.0
10027,167.1,0.0,0.0
10028,167.116667,0.0,0.0
10029,167.133333,0.0,0.0
10030,167.15,0.004931,0.000139
10031,167.166667,0.004722,6.9e-05
10032,167.183333,0.009722,0.000417
10033,167.2,0.010625,0.000347
10034,167.216667,0.01,0.000278
10035,167.233333,0.007569,0.000347
10036,167.25,0.008889,0.000347
10037,167.266667,0.007361,0.000278
10038,167.283333,0.003819,0.000139
10039,167.3,6.9e-05,0.0
10040,167.316667,0.000972,0.0
10041,167.333333,0.000833,0.0
10042,167.35,0.002708,0.0
10043,167.366667,0.002014,0.0
10044,167.383333,0.005486,0.000278
10045,167.4,0.002083,0.0
10046,167.416667,0.000833,0.0
10047,167.433333,0.000764,0.0
10048,167.45,0.001458,0.0
10049,167.466667,0.0,0.0
10050,167.483333,6.9e-05,0.0
10051,167.5,0.0,0.0
10052,167.516667,0.0025,6.9e-05
10053,167.533333,6.9e-05,0.0
10054,167.55,0.002361,0.0
10055,167.566667,0.0,0.0
10056,167.583333,0.000417,0.0
10057,167.6,0.001389,0.0
10058,167.616667,0.001875,0.0
10059,167.633333,0.003819,0.000139
10060,167.65,0.007847,0.000347
10061,167.666667,0.010069,0.000417
10062,167.683333,0.009444,0.000347
10063,167.7,0.007292,0.000278
10064,167.716667,0.008542,0.000278
10065,167.733333,0.007292,0.000208
10066,167.75,0.006597,0.000139
10067,167.766667,0.003194,0.0
10068,167.783333,0.002014,0.0
10069,167.8,0.003542,0.0
10070,167.816667,0.0,0.0
10071,167.833333,0.0,0.0
10072,167.85,0.00125,0.0
10073,167.866667,0.001597,0.0
10074,167.883333,0.00125,0.0
10075,167.9,0.002986,6.9e-05
10076,167.916667,0.001736,0.0
10077,167.933333,6.9e-05,0.0
10078,167.95,0.000694,0.0
10079,167.966667,0.0,0.0
10080,167.983333,6.9e-05,0.0
10081,168.0,0.005,0.0
10082,168.016667,0.004306,0.0
10083,168.033333,0.000278,0.0
10084,168.05,0.000208,0.0
10085,168.066667,0.0,0.0
10086,168.083333,0.0,0.0
10087,168.1,0.0,0.0
10088,168.116667,0.0,0.0
10089,168.133333,0.001458,0.0
10090,168.15,0.000139,0.0
10091,168.166667,6.9e-05,0.0
10092,168.183333,0.000556,0.0
10093,168.2,0.004097,0.0
10094,168.216667,0.003889,0.0
10095,168.233333,3.732917,0.091806
10096,168.25,6.9e-05,0.0
10097,168.266667,0.000208,0.0
10098,168.283333,0.002222,0.0
10099,168.3,0.001111,0.0
10100,168.316667,0.0,0.0
10101,168.333333,0.0,0.0
10102,168.35,6.9e-05,0.0
10103,168.366667,6.9e-05,0.0
10104,168.383333,0.0,0.0
10105,168.4,0.0,0.0
10106,168.416667,6.9e-05,0.0
10107,168.433333,6.9e-05,0.0
10108,168.45,0.0,0.0
10109,168.466667,0.0,0.0
10110,168.483333,6.9e-05,0.0
10111,168.5,6.9e-05,0.0
10112,168.516667,0.0,0.0
10113,168.533333,0.0,0.0
10114,168.55,6.9e-05,0.0
10115,168.566667,6.9e-05,0.0
10116,168.583333,0.0,0.0
10117,168.6,0.0,0.0
10118,168.616667,6.9e-05,0.0
10119,168.633333,6.9e-05,0.0
10120,168.65,0.0,0.0
10121,168.666667,0.0,0.0
10122,168.683333,6.9e-05,0.0
10123,168.7,6.9e-05,0.0
10124,168.716667,0.0,0.0
10125,168.733333,0.000347,0.0
10126,168.75,6.9e-05,0.0
10127,168.766667,0.000208,0.0
10128,168.783333,0.000625,0.0
10129,168.8,0.0,0.0
10130,168.816667,0.000347,0.0
10131,168.833333,0.000764,0.0
10132,168.85,0.002708,0.0
10133,168.866667,0.00375,0.0
10134,168.883333,2.618889,0.069097
10135,168.9,0.005486,0.0
10136,168.916667,0.000556,0.0
10137,168.933333,0.000139,0.0
10138,168.95,0.001042,0.0
10139,168.966667,0.001181,0.0
10140,168.983333,0.000139,0.0
10141,169.0,0.011806,0.0
10142,169.016667,0.000417,0.0
10143,169.033333,1.792708,0.028403
10144,169.05,0.001458,0.0
10145,169.066667,0.000764,0.0
10146,169.083333,0.000764,0.0
10147,169.1,0.001875,0.0
10148,169.116667,0.7675,0.034306
10149,169.133333,0.001319,0.0
10150,169.15,0.001181,0.0
10151,169.166667,0.001736,0.0
10152,169.183333,0.009028,0.000278
10153,169.2,0.014375,0.000486
10154,169.216667,0.007986,0.000278
10155,169.233333,0.007431,0.000139
10156,169.25,0.006458,0.000278
10157,169.266667,0.008056,0.000278
10158,169.283333,0.01,0.000347
10159,169.3,0.011806,0.000486
10160,169.316667,0.008403,0.000278
10161,169.333333,0.007361,0.000139
10162,169.35,0.006458,0.000208
10163,169.366667,0.005278,6.9e-05
10164,169.383333,0.002569,0.0
10165,169.4,0.004306,0.0
10166,169.416667,0.0,0.0
10167,169.433333,0.0,0.0
10168,169.45,0.0,0.0
10169,169.466667,0.0,0.0
10170,169.483333,0.0,0.0
10171,169.5,0.0,0.0
10172,169.516667,0.020139,0.000278
10173,169.533333,0.0,0.0
10174,169.55,0.0,0.0
10175,169.566667,0.0,0.0
10176,169.583333,0.000278,0.0
10177,169.6,0.002153,0.0
10178,169.616667,0.604444,0.009306
10179,169.633333,0.001181,0.0
10180,169.65,0.011736,0.0
10181,169.666667,0.010972,0.0
10182,169.683333,0.004583,0.0
10183,169.7,0.003611,0.0
10184,169.716667,0.022569,0.000417
10185,169.733333,0.954583,0.037708
10186,169.75,0.001319,0.0
10187,169.766667,0.001528,0.0
10188,169.783333,0.00125,0.0
10189,169.8,0.002569,0.0
10190,169.816667,0.001181,0.0
10191,169.833333,0.000903,0.0
10192,169.85,0.001528,0.0
10193,169.866667,0.002153,0.0
10194,169.883333,0.001667,0.0
10195,169.9,0.005139,0.000139
10196,169.916667,0.010417,0.000208
10197,169.933333,0.013819,0.000486
10198,169.95,0.014792,0.000486
10199,169.966667,0.278958,0.002986
10200,169.983333,0.017569,0.000417
10201,170.0,1.194306,0.016458
10202,170.016667,0.006111,0.0
10203,170.033333,0.002083,0.0
10204,170.05,0.394861,0.004931
10205,170.066667,0.004167,0.0
10206,170.083333,0.005139,6.9e-05
10207,170.1,0.006042,0.000208
10208,170.116667,0.002917,0.0
10209,170.133333,0.001528,0.0
10210,170.15,0.000833,0.0
10211,170.166667,0.000347,0.0
10212,170.183333,1.032153,0.018611
10213,170.2,0.000139,0.0
10214,170.216667,0.0,0.0
10215,170.233333,0.0,0.0
10216,170.25,0.0,0.0
10217,170.266667,0.000486,0.0
10218,170.283333,0.007292,0.000278
10219,170.3,0.024375,0.000486
10220,170.316667,0.0175,0.000417
10221,170.333333,1.054861,0.018681
10222,170.35,0.012917,0.000278
10223,170.366667,0.019375,0.000556
10224,170.383333,0.017847,0.000694
10225,170.4,0.019792,0.000556
10226,170.416667,0.968889,0.014722
10227,170.433333,0.006458,0.000278
10228,170.45,0.005347,0.000208
10229,170.466667,0.002986,0.0
10230,170.483333,6.9e-05,0.0
10231,170.5,0.022708,0.000556
10232,170.516667,0.000278,0.0
10233,170.533333,0.004236,0.000139
10234,170.55,0.012014,0.000208
10235,170.566667,0.002361,6.9e-05
10236,170.583333,0.004514,6.9e-05
10237,170.6,0.000694,0.0
10238,170.616667,0.001736,6.9e-05
10239,170.633333,0.0,0.0
10240,170.65,0.0,0.0
10241,170.666667,0.0,0.0
10242,170.683333,0.0,0.0
10243,170.7,0.0,0.0
10244,170.716667,0.004792,6.9e-05
10245,170.733333,0.0,0.0
10246,170.75,0.541458,0.005417
10247,170.766667,0.0,0.0
10248,170.783333,0.000208,0.0
10249,170.8,0.007153,0.000208
10250,170.816667,0.002986,6.9e-05
10251,170.833333,0.002292,0.0
10252,170.85,0.003194,0.0
10253,170.866667,0.002639,0.0
10254,170.883333,0.002778,0.0
10255,170.9,0.00125,0.0
10256,170.916667,0.0,0.0
10257,170.933333,0.0,0.0
10258,170.95,0.0,0.0
10259,170.966667,0.0,0.0
10260,170.983333,0.0,0.0
10261,171.0,0.014097,0.000139
10262,171.016667,0.005278,0.000139
10263,171.033333,0.403056,0.004931
10264,171.05,0.007292,0.000347
10265,171.066667,0.011597,0.000347
10266,171.083333,0.010764,0.000278
10267,171.1,0.008819,0.000278
10268,171.116667,0.010069,0.000347
10269,171.133333,0.002222,0.0
10270,171.15,0.006944,0.000347
10271,171.166667,1.028611,0.017917
10272,171.183333,0.015833,0.000278
10273,171.2,0.00125,0.0
10274,171.216667,0.002153,0.0
10275,171.233333,0.391806,0.004792
10276,171.25,0.001875,0.0
10277,171.266667,0.002708,0.0
10278,171.283333,0.002361,0.0
10279,171.3,0.029028,0.000278
10280,171.316667,0.001667,0.0
10281,171.333333,0.003611,0.0
10282,171.35,0.003056,0.0
10283,171.366667,0.002153,0.0
10284,171.383333,0.004306,6.9e-05
10285,171.4,0.008611,0.000278
10286,171.416667,0.004097,6.9e-05
10287,171.433333,0.002569,0.0
10288,171.45,1.152639,0.018194
10289,171.466667,0.002986,0.0
10290,171.483333,0.0,0.0
10291,171.5,0.001528,0.0
10292,171.516667,0.008194,0.000208
10293,171.533333,0.00125,0.0
10294,171.55,0.000903,0.0
10295,171.566667,0.374931,0.004722
10296,171.583333,0.004167,0.000139
10297,171.6,0.0,0.0
10298,171.616667,6.9e-05,0.0
10299,171.633333,0.0,0.0
10300,171.65,0.001528,0.0
10301,171.666667,0.0,0.0
10302,171.683333,0.002153,0.0
10303,171.7,0.002153,0.0
10304,171.716667,0.0,0.0
10305,171.733333,0.001736,0.0
10306,171.75,0.001667,0.0
10307,171.766667,0.0,0.0
10308,171.783333,0.0,0.0
10309,171.8,0.0,0.0
10310,171.816667,0.0,0.0
10311,171.833333,0.0,0.0
10312,171.85,0.0,0.0
10313,171.866667,0.0,0.0
10314,171.883333,0.0,0.0
10315,171.9,0.0,0.0
10316,171.916667,0.0,0.0
10317,171.933333,0.0,0.0
10318,171.95,0.0,0.0
10319,171.966667,0.0,0.0
10320,171.983333,0.0,0.0
10321,172.0,0.008056,0.0
10322,172.016667,0.018542,0.000278
10323,172.033333,0.003264,6.9e-05
10324,172.05,0.005069,0.000139
10325,172.066667,0.002917,0.000139
10326,172.083333,0.002708,6.9e-05
10327,172.1,0.001319,0.0
10328,172.116667,0.002014,6.9e-05
10329,172.133333,0.000417,0.0
10330,172.15,0.0,0.0
10331,172.166667,0.004097,0.000139
10332,172.183333,0.004514,0.000139
10333,172.2,0.00375,0.000139
10334,172.216667,0.002708,6.9e-05
10335,172.233333,0.003542,0.000139
10336,172.25,0.002639,6.9e-05
10337,172.266667,0.001806,0.0
10338,172.283333,0.005556,0.000208
10339,172.3,0.006111,0.000208
10340,172.316667,0.001181,0.0
10341,172.333333,0.0,0.0
10342,172.35,0.0,0.0
10343,172.366667,0.003958,6.9e-05
10344,172.383333,0.002083,0.0
10345,172.4,0.007708,0.000417
10346,172.416667,0.003889,0.000139
10347,172.433333,0.001944,0.0
10348,172.45,0.005069,0.000208
10349,172.466667,0.380833,0.005
10350,172.483333,0.001667,0.0
10351,172.5,0.00125,0.0
10352,172.516667,0.0,0.0
10353,172.533333,0.0,0.0
10354,172.55,0.001319,0.0
10355,172.566667,0.0,0.0
10356,172.583333,0.001944,0.0
10357,172.6,0.003681,6.9e-05
10358,172.616667,0.003681,6.9e-05
10359,172.633333,0.007292,0.000139
10360,172.65,0.010903,0.000417
10361,172.666667,0.01,0.000278
10362,172.683333,0.001806,0.0
10363,172.7,0.002292,0.0
10364,172.716667,0.386319,0.005139
10365,172.733333,0.001875,0.0
10366,172.75,0.0,0.0
10367,172.766667,6.9e-05,0.0
10368,172.783333,0.001528,0.0
10369,172.8,0.0,0.0
10370,172.816667,0.0,0.0
10371,172.833333,0.0,0.0
10372,172.85,0.148403,0.004444
10373,172.866667,0.000208,0.0
10374,172.883333,6.9e-05,0.0
10375,172.9,0.000139,0.0
10376,172.916667,0.000417,0.0
10377,172.933333,0.000139,0.0
10378,172.95,0.001528,0.0
10379,172.966667,0.003333,6.9e-05
10380,172.983333,0.004653,0.000208
10381,173.0,0.014653,0.000208
10382,173.016667,1.985417,0.035139
10383,173.033333,0.012986,0.000208
10384,173.05,0.000139,0.0
10385,173.066667,0.011806,0.000278
10386,173.083333,0.002708,0.0
10387,173.1,0.059028,0.001806
10388,173.116667,0.031181,0.0
10389,173.133333,0.008819,0.000139
10390,173.15,0.033889,6.9e-05
10391,173.166667,0.003819,0.0
10392,173.183333,0.000972,0.0
10393,173.2,0.001806,0.0
10394,173.216667,0.003056,0.0
10395,173.233333,0.001944,0.0
10396,173.25,0.004097,0.0
10397,173.266667,0.003264,0.0
10398,173.283333,0.004028,0.0
10399,173.3,0.002917,0.0
10400,173.316667,0.003542,6.9e-05
10401,173.333333,0.003958,6.9e-05
10402,173.35,0.010556,0.000417
10403,173.366667,0.013958,0.000417
10404,173.383333,0.005208,6.9e-05
10405,173.4,0.005972,0.000278
10406,173.416667,0.004097,0.000139
10407,173.433333,0.004306,0.000139
10408,173.45,0.003056,0.0
10409,173.466667,0.001389,0.0
10410,173.483333,0.004375,6.9e-05
10411,173.5,0.002847,0.0
10412,173.516667,0.002361,0.0
10413,173.533333,0.007986,0.000347
10414,173.55,0.000208,0.0
10415,173.566667,0.000139,0.0
10416,173.583333,0.000139,0.0
10417,173.6,0.017847,0.000556
10418,173.616667,0.003194,0.0
10419,173.633333,0.001597,0.0
10420,173.65,0.005486,0.000208
10421,173.666667,0.013125,0.000347
10422,173.683333,0.002569,0.0
10423,173.7,0.000694,0.0
10424,173.716667,0.000694,0.0
10425,173.733333,0.001389,0.0
10426,173.75,0.001042,0.0
10427,173.766667,0.00125,0.0
10428,173.783333,0.002569,0.0
10429,173.8,0.002361,0.0
10430,173.816667,0.001042,0.0
10431,173.833333,0.0,0.0
10432,173.85,0.000833,0.0
10433,173.866667,0.000903,0.0
10434,173.883333,0.002847,0.0
10435,173.9,0.001944,0.0
10436,173.916667,0.002083,0.0
10437,173.933333,0.001458,0.0
10438,173.95,0.0,0.0
10439,173.966667,0.005833,0.000208
10440,173.983333,0.001111,0.0
10441,174.0,0.010347,0.0
10442,174.016667,0.000208,0.0
10443,174.033333,0.0,0.0
10444,174.05,6.9e-05,0.0
10445,174.066667,0.0,0.0
10446,174.083333,0.003403,6.9e-05
10447,174.1,0.0,0.0
10448,174.116667,0.002986,0.0
10449,174.133333,0.001458,0.0
10450,174.15,0.0,0.0
10451,174.166667,0.079028,0.000139
10452,174.183333,0.000278,0.0
10453,174.2,0.0,0.0
10454,174.216667,0.00125,0.0
10455,174.233333,6.9e-05,0.0
10456,174.25,0.0,0.0
10457,174.266667,0.0,0.0
10458,174.283333,0.0,0.0
10459,174.3,1.798333,0.028542
10460,174.316667,0.000972,0.0
10461,174.333333,0.000694,0.0
10462,174.35,0.000625,0.0
10463,174.366667,0.025,0.000903
10464,174.383333,0.000417,0.0
10465,174.4,0.000764,0.0
10466,174.416667,0.000486,0.0
10467,174.433333,0.000556,0.0
10468,174.45,0.000486,0.0
10469,174.466667,0.000625,0.0
10470,174.483333,0.000625,0.0
10471,174.5,0.000625,0.0
10472,174.516667,0.000417,0.0
10473,174.533333,0.0025,0.0
10474,174.55,0.001875,0.0
10475,174.566667,7.041042,0.135833
10476,174.583333,0.002708,6.9e-05
10477,174.6,0.009028,0.000347
10478,174.616667,0.004722,0.000139
10479,174.633333,0.006528,0.000208
10480,174.65,0.004375,0.000139
10481,174.666667,0.003542,0.000139
10482,174.683333,0.002569,6.9e-05
10483,174.7,0.00375,6.9e-05
10484,174.716667,0.003958,0.000139
10485,174.733333,0.003264,6.9e-05
10486,174.75,0.003333,6.9e-05
10487,174.766667,0.003333,0.0
10488,174.783333,0.004514,6.9e-05
10489,174.8,0.005069,0.000139
10490,174.816667,0.005417,6.9e-05
10491,174.833333,0.004375,0.000139
10492,174.85,0.004375,6.9e-05
10493,174.866667,0.005347,0.0
10494,174.883333,0.004514,0.0
10495,174.9,0.007014,0.0
10496,174.916667,0.038403,0.0
10497,174.933333,0.372569,0.000347
10498,174.95,1.578958,0.030625
10499,174.966667,2.314722,0.058472
10500,174.983333,2.969653,0.07875
10501,175.0,3.254444,0.083264
10502,175.016667,3.150347,0.073472
10503,175.033333,3.098264,0.078472
10504,175.05,2.838958,0.065833
10505,175.066667,2.468889,0.050556
10506,175.083333,2.271806,0.052708
10507,175.1,2.051111,0.046458
10508,175.116667,1.326667,0.023889
10509,175.133333,1.09375,0.023472
10510,175.15,0.562917,0.004375
10511,175.166667,0.306667,0.000764
10512,175.183333,0.275833,0.000139
10513,175.2,0.016667,0.0
10514,175.216667,0.029653,0.0
10515,175.233333,0.018958,0.0
10516,175.25,0.004514,0.0
10517,175.266667,0.002847,0.0
10518,175.283333,0.001806,0.0
10519,175.3,0.002569,0.0
10520,175.316667,0.001667,0.0
10521,175.333333,0.005556,0.000208
10522,175.35,0.0,0.0
10523,175.366667,0.0,0.0
10524,175.383333,0.008889,0.000278
10525,175.4,0.003264,0.0
10526,175.416667,0.001528,0.0
10527,175.433333,0.002986,6.9e-05
10528,175.45,0.001736,0.0
10529,175.466667,0.0,0.0
10530,175.483333,0.001042,0.0
10531,175.5,0.016875,0.000486
10532,175.516667,0.706528,0.032083
10533,175.533333,0.0,0.0
10534,175.55,0.0,0.0
10535,175.566667,0.002083,0.0
10536,175.583333,0.0,0.0
10537,175.6,0.0,0.0
10538,175.616667,0.0,0.0
10539,175.633333,0.0,0.0
10540,175.65,0.000347,0.0
10541,175.666667,0.0,0.0
10542,175.683333,0.001806,0.0
10543,175.7,0.003333,6.9e-05
10544,175.716667,0.020764,0.000625
10545,175.733333,0.019167,0.000556
10546,175.75,0.010069,0.000278
10547,175.766667,0.009444,0.000208
10548,175.783333,0.007986,0.000278
10549,175.8,0.005069,0.000139
10550,175.816667,0.003681,0.0
10551,175.833333,0.003056,0.0
10552,175.85,0.000903,0.0
10553,175.866667,1.993958,0.028889
10554,175.883333,0.000972,0.0
10555,175.9,0.0,0.0
10556,175.916667,0.004375,0.000139
10557,175.933333,0.000139,0.0
10558,175.95,0.000486,0.0
10559,175.966667,0.000625,0.0
10560,175.983333,0.001042,0.0
10561,176.0,0.048056,0.0
10562,176.016667,0.001319,0.0
10563,176.033333,0.000208,0.0
10564,176.05,0.000139,0.0
10565,176.066667,6.9e-05,0.0
10566,176.083333,0.000139,0.0
10567,176.1,0.000139,0.0
10568,176.116667,6.9e-05,0.0
10569,176.133333,0.0,0.0
10570,176.15,0.0,0.0
10571,176.166667,0.0,0.0
10572,176.183333,0.000764,0.0
10573,176.2,0.0,0.0
10574,176.216667,0.0,0.0
10575,176.233333,0.0,0.0
10576,176.25,0.0,0.0
10577,176.266667,0.0,0.0
10578,176.283333,0.0,0.0
10579,176.3,0.0,0.0
10580,176.316667,0.0,0.0
10581,176.333333,0.0,0.0
10582,176.35,0.000625,0.0
10583,176.366667,0.0,0.0
10584,176.383333,0.000625,0.0
10585,176.4,0.002292,0.0
10586,176.416667,0.000278,0.0
10587,176.433333,0.0,0.0
10588,176.45,0.008264,0.000139
10589,176.466667,0.000278,0.0
10590,176.483333,0.000347,0.0
10591,176.5,0.338611,0.0
10592,176.516667,1.71875,0.042292
10593,176.533333,2.522639,0.065347
10594,176.55,0.014167,0.0
10595,176.566667,4.856042,0.123611
10596,176.583333,4.4975,0.114861
10597,176.6,5.042708,0.1325
10598,176.616667,0.011528,0.0
10599,176.633333,5.664583,0.148542
10600,176.65,7.197014,0.191806
10601,176.666667,7.602639,0.205486
10602,176.683333,8.058611,0.2175
10603,176.7,7.963194,0.211111
10604,176.716667,7.561458,0.203819
10605,176.733333,7.112639,0.196319
10606,176.75,0.031875,0.0
10607,176.766667,6.537639,0.177222
10608,176.783333,6.297083,0.171458
10609,176.8,5.697778,0.157014
10610,176.816667,5.38625,0.150764
10611,176.833333,4.584931,0.113125
10612,176.85,0.030833,0.0
10613,176.866667,5.327917,0.138542
10614,176.883333,1.579375,0.035556
10615,176.9,1.386042,0.025694
10616,176.916667,0.466667,0.000278
10617,176.933333,0.048472,0.0
10618,176.95,0.058819,0.0
10619,176.966667,0.026667,0.0
10620,176.983333,0.046389,0.0
10621,177.0,0.151389,0.0
10622,177.016667,0.003125,0.0
10623,177.033333,0.004375,0.0
10624,177.05,0.003125,0.0
10625,177.066667,0.001111,0.0
10626,177.083333,0.007292,6.9e-05
10627,177.1,0.005069,0.000139
10628,177.116667,0.004583,6.9e-05
10629,177.133333,0.005,6.9e-05
10630,177.15,0.004653,6.9e-05
10631,177.166667,0.004514,0.0
10632,177.183333,0.004514,6.9e-05
10633,177.2,0.007361,0.000347
10634,177.216667,0.007778,0.000347
10635,177.233333,0.007847,0.000139
10636,177.25,0.012986,0.000417
10637,177.266667,0.013542,0.000556
10638,177.283333,0.010486,0.000417
10639,177.3,0.011458,0.000347
10640,177.316667,0.007986,0.000278
10641,177.333333,0.005903,0.000208
10642,177.35,0.006181,0.000208
10643,177.366667,0.005764,0.000208
10644,177.383333,0.004583,6.9e-05
10645,177.4,0.005556,6.9e-05
10646,177.416667,0.001528,0.0
10647,177.433333,0.001181,0.0
10648,177.45,0.001736,0.0
10649,177.466667,0.000139,0.0
10650,177.483333,0.000486,0.0
10651,177.5,0.0,0.0
10652,177.516667,0.001944,0.0
10653,177.533333,0.0,0.0
10654,177.55,0.0,0.0
10655,177.566667,0.000833,0.0
10656,177.583333,0.0,0.0
10657,177.6,0.001944,0.0
10658,177.616667,0.000486,0.0
10659,177.633333,0.000903,0.0
10660,177.65,0.000694,0.0
10661,177.666667,0.0,0.0
10662,177.683333,0.0,0.0
10663,177.7,0.0,0.0
10664,177.716667,6.9e-05,0.0
10665,177.733333,0.0,0.0
10666,177.75,0.0,0.0
10667,177.766667,0.0,0.0
10668,177.783333,0.0,0.0
10669,177.8,0.0,0.0
10670,177.816667,0.0,0.0
10671,177.833333,0.0,0.0
10672,177.85,0.0,0.0
10673,177.866667,0.0,0.0
10674,177.883333,0.0,0.0
10675,177.9,0.0,0.0
10676,177.916667,0.0,0.0
10677,177.933333,0.0,0.0
10678,177.95,0.0,0.0
10679,177.966667,0.0,0.0
10680,177.983333,0.000208,0.0
10681,178.0,0.087708,0.0
10682,178.016667,0.0,0.0
10683,178.033333,0.001597,0.0
10684,178.05,0.0,0.0
10685,178.066667,0.0,0.0
10686,178.083333,0.0,0.0
10687,178.1,0.0,0.0
10688,178.116667,0.0,0.0
10689,178.133333,0.0,0.0
10690,178.15,0.0,0.0
10691,178.166667,0.0,0.0
10692,178.183333,0.0,0.0
10693,178.2,0.0,0.0
10694,178.216667,0.0,0.0
10695,178.233333,0.0,0.0
10696,178.25,0.0,0.0
10697,178.266667,0.0,0.0
10698,178.283333,0.0,0.0
10699,178.3,0.0,0.0
10700,178.316667,0.0,0.0
10701,178.333333,0.181111,0.0
10702,178.35,0.043611,0.0
10703,178.366667,0.004722,0.0
10704,178.383333,0.000903,0.0
10705,178.4,0.00125,0.0
10706,178.416667,0.0,0.0
10707,178.433333,0.0,0.0
10708,178.45,0.0,0.0
10709,178.466667,0.000486,0.0
10710,178.483333,0.0,0.0
10711,178.5,0.0,0.0
10712,178.516667,0.0,0.0
10713,178.533333,0.0,0.0
10714,178.55,0.0,0.0
10715,178.566667,0.0,0.0
10716,178.583333,0.0,0.0
10717,178.6,0.0,0.0
10718,178.616667,0.009792,0.000278
10719,178.633333,0.0,0.0
10720,178.65,0.0,0.0
10721,178.666667,0.0,0.0
10722,178.683333,6.9e-05,0.0
10723,178.7,0.002014,0.0
10724,178.716667,0.004514,6.9e-05
10725,178.733333,0.004583,6.9e-05
10726,178.75,0.001875,0.0
10727,178.766667,0.0,0.0
10728,178.783333,0.001181,0.0
10729,178.8,0.000139,0.0
10730,178.816667,0.0,0.0
10731,178.833333,0.0,0.0
10732,178.85,0.0,0.0
10733,178.866667,0.0,0.0
10734,178.883333,0.0,0.0
10735,178.9,0.0,0.0
10736,178.916667,0.0,0.0
10737,178.933333,0.0,0.0
10738,178.95,0.0,0.0
10739,178.966667,0.0,0.0
10740,178.983333,0.0,0.0
10741,179.0,0.111875,0.0
10742,179.016667,0.00125,0.0
10743,179.033333,0.002153,0.0
10744,179.05,0.0,0.0
10745,179.066667,0.0,0.0
10746,179.083333,0.002569,0.0
10747,179.1,0.003611,0.0
10748,179.116667,0.002153,0.0
10749,179.133333,0.004653,0.000139
10750,179.15,0.004167,6.9e-05
10751,179.166667,0.0025,0.0
10752,179.183333,0.004306,0.000139
10753,179.2,0.008889,0.000208
10754,179.216667,0.006042,0.000278
10755,179.233333,0.006667,0.000208
10756,179.25,0.0,0.0
10757,179.266667,0.014167,0.000486
10758,179.283333,0.004028,0.0
10759,179.3,0.007222,0.000208
10760,179.316667,0.005,6.9e-05
10761,179.333333,0.001806,0.0
10762,179.35,0.004097,6.9e-05
10763,179.366667,0.001458,0.0
10764,179.383333,0.0,0.0
10765,179.4,0.0,0.0
10766,179.416667,0.0,0.0
10767,179.433333,0.0,0.0
10768,179.45,0.0,0.0
10769,179.466667,0.0,0.0
10770,179.483333,0.0,0.0
10771,179.5,0.004028,6.9e-05
10772,179.516667,0.000347,0.0
10773,179.533333,6.9e-05,0.0
10774,179.55,0.000139,0.0
10775,179.566667,0.0,0.0
10776,179.583333,0.0,0.0
10777,179.6,0.000278,0.0
10778,179.616667,0.0,0.0
10779,179.633333,0.0,0.0
10780,179.65,6.9e-05,0.0
10781,179.666667,0.000764,0.0
10782,179.683333,0.000764,0.0
10783,179.7,0.001597,0.0
10784,179.716667,0.00125,0.0
10785,179.733333,0.001042,0.0
10786,179.75,0.001597,0.0
10787,179.766667,0.001389,0.0
10788,179.783333,0.0,0.0
10789,179.8,0.0,0.0
10790,179.816667,0.0,0.0
10791,179.833333,0.0,0.0
10792,179.85,0.002847,0.0
10793,179.866667,0.001875,0.0
10794,179.883333,0.000556,0.0
10795,179.9,0.000764,0.0
10796,179.916667,0.000486,0.0
10797,179.933333,0.000903,0.0
10798,179.95,0.000556,0.0
10799,179.966667,0.000486,0.0
10800,179.983333,0.000486,0.0
10801,180.0,0.003542,0.0
10802,180.016667,0.002014,0.0
10803,180.033333,20.217847,0.506111
10804,180.05,0.0,0.0
10805,180.066667,0.0,0.0
10806,180.083333,0.004792,0.000139
10807,180.1,0.004583,0.0
10808,180.116667,0.015417,0.0
10809,180.133333,0.360556,0.0
10810,180.15,0.049375,0.0
10811,180.166667,0.078264,0.0
10812,180.183333,0.405,0.0
10813,180.2,0.069097,0.0
10814,180.216667,0.08875,0.0
10815,180.233333,0.057917,0.0
10816,180.25,0.029375,0.0
10817,180.266667,0.040972,0.0
10818,180.283333,0.413125,0.0
10819,180.3,0.098056,0.0
10820,180.316667,0.747986,0.0
10821,180.333333,0.057083,0.0
10822,180.35,0.046528,0.0
10823,180.366667,0.333403,0.000347
10824,180.383333,0.423264,0.0
10825,180.4,0.056736,0.0
10826,180.416667,0.049306,0.0
10827,180.433333,0.378681,0.0
10828,180.45,0.028194,0.0
10829,180.466667,0.029514,0.0
10830,180.483333,0.050139,0.0
10831,180.5,0.08375,0.0
10832,180.516667,0.040764,0.0
10833,180.533333,0.041528,0.0
10834,180.55,0.067986,0.0
10835,180.566667,0.215556,0.000208
10836,180.583333,0.028611,0.0
10837,180.6,0.035139,0.0
10838,180.616667,0.026944,0.0
10839,180.633333,0.030486,0.0
10840,180.65,0.008125,0.0
10841,180.666667,0.016389,0.0
10842,180.683333,0.019931,0.0
10843,180.7,0.361944,0.000417
10844,180.716667,0.054097,0.000208
10845,180.733333,0.020625,0.000139
10846,180.75,0.037847,0.000278
10847,180.766667,0.037014,0.000694
10848,180.783333,0.046319,0.000139
10849,180.8,0.029931,0.000278
10850,180.816667,0.022292,0.000208
10851,180.833333,0.024722,0.000139
10852,180.85,0.029444,0.000139
10853,180.866667,0.024167,0.0
10854,180.883333,0.023403,0.000139
10855,180.9,0.026111,6.9e-05
10856,180.916667,0.04125,6.9e-05
10857,180.933333,0.043611,0.000139
10858,180.95,0.033958,0.000208
10859,180.966667,0.028264,6.9e-05
10860,180.983333,0.048403,0.0
10861,181.0,0.053125,6.9e-05
10862,181.016667,0.019931,6.9e-05
10863,181.033333,0.018681,0.0
10864,181.05,0.028681,6.9e-05
10865,181.066667,0.021736,0.0
10866,181.083333,0.017847,0.0
10867,181.1,0.015556,0.0
10868,181.116667,0.022708,0.0
10869,181.133333,0.023194,0.0
10870,181.15,0.013056,0.0
10871,181.166667,0.012778,0.0
10872,181.183333,0.030278,0.000347
10873,181.2,0.021389,6.9e-05
10874,181.216667,0.011389,0.0
10875,181.233333,0.025833,0.000208
10876,181.25,0.029028,6.9e-05
10877,181.266667,0.003194,0.0
10878,181.283333,72.929861,0.590417
10879,181.3,0.008958,0.000208
10880,181.316667,0.008194,0.000208
10881,181.333333,0.009653,0.000208
10882,181.35,0.008889,0.000139
10883,181.366667,0.002014,0.0
10884,181.383333,0.013403,0.000278
10885,181.4,0.007222,0.000208
10886,181.416667,0.007431,0.000139
10887,181.433333,0.007083,0.000208
10888,181.45,30.430903,0.453611
10889,181.466667,0.012431,0.000208
10890,181.483333,0.009444,0.000278
10891,181.5,0.012778,0.000139
10892,181.516667,0.007917,0.000278
10893,181.533333,0.009792,0.000139
10894,181.55,0.00375,0.0
10895,181.566667,0.000903,0.0
10896,181.583333,0.012292,0.000347
10897,181.6,0.006389,0.000208
10898,181.616667,0.007361,0.000208
10899,181.633333,0.007014,0.000208
10900,181.65,0.000764,0.0
10901,181.666667,0.016667,0.000556
10902,181.683333,0.011528,0.000347
10903,181.7,0.012292,0.000486
10904,181.716667,0.010833,0.000278
10905,181.733333,0.010833,0.000347
10906,181.75,0.011528,0.000417
10907,181.766667,0.008472,0.000139
10908,181.783333,0.009931,0.000347
10909,181.8,0.01,0.000417
10910,181.816667,0.008611,0.000139
10911,181.833333,0.007778,0.000139
10912,181.85,0.001944,0.0
10913,181.866667,0.000833,0.0
10914,181.883333,0.001111,0.0
10915,181.9,0.018958,0.000486
10916,181.916667,0.008542,0.000208
10917,181.933333,0.014306,0.000347
10918,181.95,0.001528,0.0
10919,181.966667,0.001667,0.0
10920,181.983333,0.030764,0.000833
10921,182.0,0.097708,0.000208
10922,182.016667,0.007847,0.000278
10923,182.033333,0.007778,0.000208
10924,182.05,0.000278,0.0
10925,182.066667,23.843472,0.405417
10926,182.083333,0.003611,0.0
10927,182.1,0.000764,0.0
10928,182.116667,0.003403,0.0
10929,182.133333,0.004028,0.0
10930,182.15,0.005278,0.0
10931,182.166667,0.000139,0.0
10932,182.183333,0.000208,0.0
10933,182.2,0.000556,0.0
10934,182.216667,0.000694,0.0
10935,182.233333,0.0,0.0
10936,182.25,0.0,0.0
10937,182.266667,0.000139,0.0
10938,182.283333,0.000486,0.0
10939,182.3,0.0,0.0
10940,182.316667,0.0,0.0
10941,182.333333,0.0,0.0
10942,182.35,6.9e-05,0.0
10943,182.366667,0.0,0.0
10944,182.383333,0.0,0.0
10945,182.4,0.0,0.0
10946,182.416667,0.0,0.0
10947,182.433333,0.0,0.0
10948,182.45,0.0,0.0
10949,182.466667,0.0,0.0
10950,182.483333,0.0,0.0
10951,182.5,0.0,0.0
10952,182.516667,0.0,0.0
10953,182.533333,0.0,0.0
10954,182.55,0.0,0.0
10955,182.566667,0.0,0.0
10956,182.583333,0.0,0.0
10957,182.6,0.0,0.0
10958,182.616667,0.0,0.0
10959,182.633333,0.0,0.0
10960,182.65,0.0,0.0
10961,182.666667,0.0,0.0
10962,182.683333,0.0,0.0
10963,182.7,0.0,0.0
10964,182.716667,0.0,0.0
10965,182.733333,0.0,0.0
10966,182.75,0.0,0.0
10967,182.766667,0.0,0.0
10968,182.783333,0.0,0.0
10969,182.8,0.0,0.0
10970,182.816667,0.0,0.0
10971,182.833333,0.0,0.0
10972,182.85,0.0,0.0
10973,182.866667,0.0,0.0
10974,182.883333,0.0,0.0
10975,182.9,0.000139,0.0
10976,182.916667,0.000139,0.0
10977,182.933333,0.000278,0.0
10978,182.95,0.000972,0.0
10979,182.966667,0.0,0.0
10980,182.983333,0.0,0.0
10981,183.0,0.087014,6.9e-05
10982,183.016667,0.002986,6.9e-05
10983,183.033333,0.000556,0.0
10984,183.05,0.00125,0.0
10985,183.066667,0.0025,0.0
10986,183.083333,0.005,0.000139
10987,183.1,0.002569,6.9e-05
10988,183.116667,0.002222,0.0
10989,183.133333,0.001667,0.0
10990,183.15,0.003125,6.9e-05
10991,183.166667,0.002153,6.9e-05
10992,183.183333,0.001042,0.0
10993,183.2,0.000556,0.0
10994,183.216667,6.9e-05,0.0
10995,183.233333,6.9e-05,0.0
10996,183.25,6.9e-05,0.0
10997,183.266667,0.0,0.0
10998,183.283333,0.0,0.0
10999,183.3,0.0,0.0
11000,183.316667,0.0,0.0
11001,183.333333,0.0,0.0
11002,183.35,0.0,0.0
11003,183.366667,0.0,0.0
11004,183.383333,0.0,0.0
11005,183.4,0.0,0.0
11006,183.416667,0.0,0.0
11007,183.433333,0.0,0.0
11008,183.45,0.0,0.0
11009,183.466667,0.0,0.0
11010,183.483333,0.000625,0.0
11011,183.5,0.0,0.0
11012,183.516667,0.0,0.0
11013,183.533333,0.000764,0.0
11014,183.55,0.0,0.0
11015,183.566667,0.0,0.0
11016,183.583333,0.0,0.0
11017,183.6,0.0,0.0
11018,183.616667,0.0,0.0
11019,183.633333,0.0,0.0
11020,183.65,0.002361,0.0
11021,183.666667,0.000694,0.0
11022,183.683333,0.001181,0.0
11023,183.7,0.0,0.0
11024,183.716667,0.0,0.0
11025,183.733333,0.0,0.0
11026,183.75,0.0,0.0
11027,183.766667,0.0,0.0
11028,183.783333,0.0,0.0
11029,183.8,0.0,0.0
11030,183.816667,0.0,0.0
11031,183.833333,0.0,0.0
11032,183.85,0.0,0.0
11033,183.866667,0.0,0.0
11034,183.883333,0.000625,0.0
11035,183.9,0.000486,0.0
11036,183.916667,0.0,0.0
11037,183.933333,0.0,0.0
11038,183.95,0.0,0.0
11039,183.966667,0.0,0.0
11040,183.983333,0.00125,0.0
11041,184.0,0.005764,6.9e-05
11042,184.016667,0.004097,6.9e-05
11043,184.033333,0.000556,0.0
11044,184.05,6.9e-05,0.0
11045,184.066667,0.000903,0.0
11046,184.083333,6.9e-05,0.0
11047,184.1,0.0,0.0
11048,184.116667,0.0,0.0
11049,184.133333,0.0,0.0
11050,184.15,0.0,0.0
11051,184.166667,0.0,0.0
11052,184.183333,0.0,0.0
11053,184.2,0.0,0.0
11054,184.216667,0.0,0.0
11055,184.233333,0.0,0.0
11056,184.25,0.000972,0.0
11057,184.266667,0.003194,6.9e-05
11058,184.283333,0.005208,0.000139
11059,184.3,0.008542,0.000278
11060,184.316667,0.008819,0.000347
11061,184.333333,0.004167,0.000139
11062,184.35,0.0,0.0
11063,184.366667,0.002639,0.0
11064,184.383333,0.005486,0.000208
11065,184.4,0.008125,0.000417
11066,184.416667,0.007917,0.000417
11067,184.433333,0.008194,0.000417
11068,184.45,0.006181,0.000139
11069,184.466667,0.004444,6.9e-05
11070,184.483333,0.003472,6.9e-05
11071,184.5,0.002014,0.0
11072,184.516667,0.001944,0.0
11073,184.533333,0.000833,0.0
11074,184.55,0.000278,0.0
11075,184.566667,0.0,0.0
11076,184.583333,0.0,0.0
11077,184.6,0.0,0.0
11078,184.616667,0.0,0.0
11079,184.633333,0.0,0.0
11080,184.65,0.0,0.0
11081,184.666667,0.0,0.0
11082,184.683333,0.0,0.0
11083,184.7,0.0,0.0
11084,184.716667,0.0,0.0
11085,184.733333,0.0,0.0
11086,184.75,0.0,0.0
11087,184.766667,0.0,0.0
11088,184.783333,6.9e-05,0.0
11089,184.8,0.000625,0.0
11090,184.816667,0.000903,0.0
11091,184.833333,0.0,0.0
11092,184.85,0.0,0.0
11093,184.866667,6.9e-05,0.0
11094,184.883333,0.0,0.0
11095,184.9,0.0,0.0
11096,184.916667,0.0,0.0
11097,184.933333,0.0,0.0
11098,184.95,0.0,0.0
11099,184.966667,0.0,0.0
11100,184.983333,0.0,0.0
11101,185.0,0.008611,6.9e-05
11102,185.016667,0.004306,6.9e-05
11103,185.033333,0.000694,0.0
11104,185.05,0.000694,0.0
11105,185.066667,0.001597,0.0
11106,185.083333,0.002083,0.0
11107,185.1,0.001875,0.0
11108,185.116667,0.003125,0.0
11109,185.133333,0.001736,0.0
11110,185.15,0.0,0.0
11111,185.166667,0.000139,0.0
11112,185.183333,0.003333,0.0
11113,185.2,0.007153,0.0
11114,185.216667,0.003611,0.0
11115,185.233333,0.002569,0.0
11116,185.25,0.002639,0.0
11117,185.266667,0.000347,0.0
11118,185.283333,0.006042,6.9e-05
11119,185.3,0.004028,0.0
11120,185.316667,1.397153,0.011597
11121,185.333333,0.002708,0.0
11122,185.35,0.001667,0.0
11123,185.366667,1.226181,0.013125
11124,185.383333,2.478889,0.033194
11125,185.4,2.061667,0.031042
11126,185.416667,2.198403,0.032083
11127,185.433333,2.154931,0.029514
11128,185.45,2.304931,0.03375
11129,185.466667,0.898611,0.013681
11130,185.483333,0.995625,0.012917
11131,185.5,1.110833,0.015139
11132,185.516667,0.275347,0.0
11133,185.533333,0.150764,0.0
11134,185.55,0.075139,0.0
11135,185.566667,0.062569,0.0
11136,185.583333,0.07125,0.0
11137,185.6,0.0425,0.0
11138,185.616667,0.042083,0.0
11139,185.633333,0.050556,0.0
11140,185.65,0.022153,0.0
11141,185.666667,0.03625,0.0
11142,185.683333,0.015764,0.0
11143,185.7,1.282778,0.013819
11144,185.716667,1.194236,0.011181
11145,185.733333,1.124167,0.015903
11146,185.75,0.027917,0.0
11147,185.766667,0.075833,0.0
11148,185.783333,0.152014,0.0
11149,185.8,2.476181,0.038472
11150,185.816667,3.614236,0.073681
11151,185.833333,1.794097,0.029514
11152,185.85,0.021319,0.0
11153,185.866667,2.867361,0.048333
11154,185.883333,1.129861,0.012292
11155,185.9,1.179722,0.011528
11156,185.916667,0.134514,0.0
11157,185.933333,0.155903,0.0
11158,185.95,0.140972,0.0
11159,185.966667,0.151597,0.0
11160,185.983333,0.051042,0.000139
11161,186.0,0.223056,0.000278
11162,186.016667,0.020833,0.000347
11163,186.033333,0.029306,0.000278
11164,186.05,0.027014,0.0
11165,186.066667,0.030347,0.000347
11166,186.083333,0.030208,0.000347
11167,186.1,0.033611,0.000208
11168,186.116667,0.019444,0.000139
11169,186.133333,0.025417,0.000278
11170,186.15,0.022292,0.000417
11171,186.166667,0.018403,0.000278
11172,186.183333,0.013264,0.000278
11173,186.2,0.013194,0.000417
11174,186.216667,0.009722,0.000278
11175,186.233333,0.008125,0.000139
11176,186.25,0.002708,0.0
11177,186.266667,0.00125,0.0
11178,186.283333,0.011667,0.000417
11179,186.3,0.002639,0.0
11180,186.316667,0.000694,0.0
11181,186.333333,0.001389,0.0
11182,186.35,0.002431,0.0
11183,186.366667,0.001736,0.0
11184,186.383333,0.005347,0.000208
11185,186.4,0.004722,0.0
11186,186.416667,0.002986,0.0
11187,186.433333,0.004514,0.000139
11188,186.45,0.004236,6.9e-05
11189,186.466667,0.007569,0.000417
11190,186.483333,0.008611,0.000278
11191,186.5,0.005764,0.000208
11192,186.516667,0.010625,0.000208
11193,186.533333,0.01,0.000347
11194,186.55,0.0,0.0
11195,186.566667,0.019306,0.000694
11196,186.583333,0.013889,0.000486
11197,186.6,0.016875,0.000764
11198,186.616667,0.016319,0.000694
11199,186.633333,0.013681,0.000486
11200,186.65,0.015625,0.000625
11201,186.666667,0.012083,0.000417
11202,186.683333,0.016458,0.000764
11203,186.7,0.011736,0.000486
11204,186.716667,0.015069,0.000625
11205,186.733333,0.011389,0.000486
11206,186.75,0.009306,0.000208
11207,186.766667,0.008611,0.000347
11208,186.783333,0.011319,0.000486
11209,186.8,0.007569,0.000278
11210,186.816667,0.004444,0.0
11211,186.833333,0.001875,0.0
11212,186.85,0.003125,0.0
11213,186.866667,0.001319,0.0
11214,186.883333,0.000278,0.0
11215,186.9,0.004028,0.0
11216,186.916667,0.000278,0.0
11217,186.933333,0.002986,0.0
11218,186.95,0.000972,0.0
11219,186.966667,0.766597,0.005139
11220,186.983333,0.000833,0.0
11221,187.0,0.120347,6.9e-05
11222,187.016667,0.004167,6.9e-05
11223,187.033333,0.003819,0.0
11224,187.05,0.0,0.0
11225,187.066667,0.0,0.0
11226,187.083333,0.000208,0.0
11227,187.1,0.000139,0.0
11228,187.116667,0.0,0.0
11229,187.133333,0.0,0.0
11230,187.15,0.0,0.0
11231,187.166667,6.9e-05,0.0
11232,187.183333,0.0,0.0
11233,187.2,0.0,0.0
11234,187.216667,0.0,0.0
11235,187.233333,6.9e-05,0.0
11236,187.25,0.0,0.0
11237,187.266667,59.822639,0.588194
11238,187.283333,0.794236,0.003403
11239,187.3,2.845208,0.062708
11240,187.316667,5.166389,0.140278
11241,187.333333,6.638264,0.191944
11242,187.35,8.072778,0.2425
11243,187.366667,0.017292,0.0
11244,187.383333,7.281944,0.220972
11245,187.4,4.8725,0.131944
11246,187.416667,3.656528,0.091042
11247,187.433333,2.902014,0.063472
11248,187.45,2.613681,0.052361
11249,187.466667,2.432986,0.049792
11250,187.483333,2.301944,0.045833
11251,187.5,2.133681,0.046319
11252,187.516667,1.73625,0.042639
11253,187.533333,1.571111,0.033819
11254,187.55,0.029375,0.0
11255,187.566667,2.154931,0.046111
11256,187.583333,0.663125,0.005139
11257,187.6,0.725417,0.01
11258,187.616667,0.234514,0.000417
11259,187.633333,0.262431,0.000278
11260,187.65,0.015903,0.0
11261,187.666667,0.015139,0.0
11262,187.683333,0.025139,0.000625
11263,187.7,0.013125,0.000347
11264,187.716667,0.010417,0.000278
11265,187.733333,0.010764,0.000347
11266,187.75,0.0,0.0
11267,187.766667,0.018333,0.000556
11268,187.783333,0.009722,0.000208
11269,187.8,0.010278,0.000417
11270,187.816667,0.006806,0.000208
11271,187.833333,0.010208,0.000278
11272,187.85,0.009653,0.000208
11273,187.866667,0.009306,0.000278
11274,187.883333,0.010139,0.000278
11275,187.9,0.009028,6.9e-05
11276,187.916667,0.008681,0.000278
11277,187.933333,0.009792,0.000347
11278,187.95,0.012083,0.000278
11279,187.966667,0.012847,0.000347
11280,187.983333,0.011458,0.000347
11281,188.0,0.050556,0.000347
11282,188.016667,4.016736,0.149931
11283,188.033333,0.005208,0.0
11284,188.05,0.005139,0.0
11285,188.066667,0.005208,0.000139
11286,188.083333,0.00375,6.9e-05
11287,188.1,0.003333,0.0
11288,188.116667,0.004097,6.9e-05
11289,188.133333,0.002014,0.0
11290,188.15,0.001944,0.0
11291,188.166667,0.001597,0.0
11292,188.183333,0.016806,0.000417
11293,188.2,0.011319,0.000278
11294,188.216667,2.186944,0.074097
11295,188.233333,0.011389,0.000208
11296,188.25,0.008333,0.0
11297,188.266667,0.016181,0.000347
11298,188.283333,0.011944,6.9e-05
11299,188.3,0.013125,0.0
11300,188.316667,0.005972,0.0
11301,188.333333,0.015694,0.000139
11302,188.35,0.008681,0.0
11303,188.366667,0.006597,0.000278
11304,188.383333,0.00625,0.000139
11305,188.4,0.008056,0.000347
11306,188.416667,0.004444,0.000139
11307,188.433333,0.005903,0.000278
11308,188.45,0.006875,0.000208
11309,188.466667,0.004236,0.000139
11310,188.483333,0.005139,0.000139
11311,188.5,0.005139,0.000278
11312,188.516667,0.006042,0.000139
11313,188.533333,0.0025,6.9e-05
11314,188.55,0.000833,0.0
11315,188.566667,0.001944,6.9e-05
11316,188.583333,0.001111,0.0
11317,188.6,0.003611,6.9e-05
11318,188.616667,0.003403,6.9e-05
11319,188.633333,0.007153,0.000139
11320,188.65,0.004931,0.000139
11321,188.666667,0.003958,6.9e-05
11322,188.683333,0.014167,0.000417
11323,188.7,0.013611,0.000278
11324,188.716667,0.003194,0.0
11325,188.733333,0.002014,0.0
11326,188.75,0.002778,0.0
11327,188.766667,0.001528,0.0
11328,188.783333,0.000764,0.0
11329,188.8,0.001111,0.0
11330,188.816667,0.000486,0.0
11331,188.833333,6.9e-05,0.0
11332,188.85,0.0,0.0
11333,188.866667,0.0,0.0
11334,188.883333,0.000764,0.0
11335,188.9,6.9e-05,0.0
11336,188.916667,0.0,0.0
11337,188.933333,0.000417,0.0
11338,188.95,0.000208,0.0
11339,188.966667,0.0,0.0
11340,188.983333,0.0,0.0
11341,189.0,0.036597,0.0
11342,189.016667,0.001181,0.0
11343,189.033333,0.000486,0.0
11344,189.05,0.001111,0.0
11345,189.066667,6.9e-05,0.0
11346,189.083333,6.9e-05,0.0
11347,189.1,0.0,0.0
11348,189.116667,0.0,0.0
11349,189.133333,0.0,0.0
11350,189.15,0.0,0.0
11351,189.166667,0.000486,0.0
11352,189.183333,0.0,0.0
11353,189.2,0.000139,0.0
11354,189.216667,0.0,0.0
11355,189.233333,0.007153,0.0
11356,189.25,0.640833,0.009306
11357,189.266667,0.004236,0.0
11358,189.283333,0.010208,0.0
11359,189.3,0.033958,6.9e-05
11360,189.316667,0.031667,0.0
11361,189.333333,0.012569,0.0
11362,189.35,0.008819,0.0
11363,189.366667,0.001389,0.0
11364,189.383333,0.004861,6.9e-05
11365,189.4,0.013542,0.000347
11366,189.416667,0.016806,0.000556
11367,189.433333,0.01,0.000417
11368,189.45,0.009931,0.000556
11369,189.466667,0.010903,0.000556
11370,189.483333,0.011458,0.000417
11371,189.5,0.010764,0.000417
11372,189.516667,0.009514,0.000347
11373,189.533333,0.008472,0.000278
11374,189.55,0.0,0.0
11375,189.566667,0.010139,0.000347
11376,189.583333,0.005486,0.000139
11377,189.6,0.002014,0.0
11378,189.616667,0.001806,0.0
11379,189.633333,0.0,0.0
11380,189.65,0.0,0.0
11381,189.666667,0.0,0.0
11382,189.683333,0.001181,0.0
11383,189.7,0.000694,0.0
11384,189.716667,0.001597,0.0
11385,189.733333,0.003056,0.0
11386,189.75,0.002083,0.0
11387,189.766667,0.002778,0.0
11388,189.783333,0.002222,0.0
11389,189.8,0.001458,0.0
11390,189.816667,0.0,0.0
11391,189.833333,0.0,0.0
11392,189.85,0.0,0.0
11393,189.866667,0.0,0.0
11394,189.883333,0.0,0.0
11395,189.9,6.9e-05,0.0
11396,189.916667,0.000764,0.0
11397,189.933333,0.0,0.0
11398,189.95,0.001528,0.0
11399,189.966667,0.000903,0.0
11400,189.983333,0.000903,0.0
11401,190.0,0.026528,6.9e-05
11402,190.016667,0.001806,0.0
11403,190.033333,0.000417,0.0
11404,190.05,0.0,0.0
11405,190.066667,0.0,0.0
11406,190.083333,0.0,0.0
11407,190.1,0.0,0.0
11408,190.116667,0.001944,0.0
11409,190.133333,0.004375,6.9e-05
11410,190.15,0.006875,0.000139
11411,190.166667,0.00375,6.9e-05
11412,190.183333,0.010486,0.000347
11413,190.2,0.009792,0.000347
11414,190.216667,0.008472,0.000347
11415,190.233333,0.009167,0.000347
11416,190.25,0.0,0.0
11417,190.266667,0.01,0.000417
11418,190.283333,0.008333,0.000347
11419,190.3,0.006181,0.000139
11420,190.316667,0.005069,6.9e-05
11421,190.333333,0.015139,0.000417
11422,190.35,0.023611,0.000625
11423,190.366667,0.023056,0.000625
11424,190.383333,0.018403,0.000556
11425,190.4,0.400556,0.005278
11426,190.416667,0.009306,0.000278
11427,190.433333,0.015208,0.000486
11428,190.45,0.000278,0.0
11429,190.466667,0.0,0.0
11430,190.483333,3.960208,0.070278
11431,190.5,0.014722,0.000486
11432,190.516667,0.011181,0.000347
11433,190.533333,1.184236,0.020486
11434,190.55,0.000417,0.0
11435,190.566667,0.0,0.0
11436,190.583333,0.013403,0.000278
11437,190.6,0.005694,6.9e-05
11438,190.616667,0.008264,0.000278
11439,190.633333,0.013681,0.000347
11440,190.65,0.014306,0.000347
11441,190.666667,0.975903,0.016458
11442,190.683333,0.005903,0.000139
11443,190.7,0.003958,0.000139
11444,190.716667,0.004722,6.9e-05
11445,190.733333,0.002778,0.0
11446,190.75,0.002222,0.0
11447,190.766667,0.003194,0.0
11448,190.783333,0.007014,0.000139
11449,190.8,0.004306,0.000139
11450,190.816667,0.001667,0.0
11451,190.833333,0.005208,0.000139
11452,190.85,0.0,0.0
11453,190.866667,0.001806,0.0
11454,190.883333,0.000139,0.0
11455,190.9,0.003681,0.0
11456,190.916667,0.003889,0.0
11457,190.933333,0.001944,0.0
11458,190.95,0.003681,0.0
11459,190.966667,0.0,0.0
11460,190.983333,0.002083,0.0
11461,191.0,0.016736,0.0
11462,191.016667,0.001597,0.0
11463,191.033333,0.000556,0.0
11464,191.05,0.000139,0.0
11465,191.066667,0.000139,0.0
11466,191.083333,0.000139,0.0
11467,191.1,0.0,0.0
11468,191.116667,0.0,0.0
11469,191.133333,0.000139,0.0
11470,191.15,0.000625,0.0
11471,191.166667,0.000208,0.0
11472,191.183333,0.000625,0.0
11473,191.2,0.000556,0.0
11474,191.216667,7.887292,0.146181
11475,191.233333,6.9e-05,0.0
11476,191.25,0.000347,0.0
11477,191.266667,0.001389,0.0
11478,191.283333,0.000972,0.0
11479,191.3,0.0,0.0
11480,191.316667,0.0,0.0
11481,191.333333,0.0,0.0
11482,191.35,0.0,0.0
11483,191.366667,0.0,0.0
11484,191.383333,0.0,0.0
11485,191.4,0.0,0.0
11486,191.416667,0.0,0.0
11487,191.433333,0.0,0.0
11488,191.45,0.0,0.0
11489,191.466667,0.0,0.0
11490,191.483333,0.0,0.0
11491,191.5,0.0,0.0
11492,191.516667,0.0,0.0
11493,191.533333,0.0,0.0
11494,191.55,0.0,0.0
11495,191.566667,0.0,0.0
11496,191.583333,0.0,0.0
11497,191.6,0.000833,0.0
11498,191.616667,0.000208,0.0
11499,191.633333,0.0,0.0
11500,191.65,0.0,0.0
11501,191.666667,0.0,0.0
11502,191.683333,0.0,0.0
11503,191.7,0.0,0.0
11504,191.716667,0.0,0.0
11505,191.733333,0.0,0.0
11506,191.75,0.0,0.0
11507,191.766667,0.000139,0.0
11508,191.783333,6.9e-05,0.0
11509,191.8,6.9e-05,0.0
11510,191.816667,0.001597,0.0
11511,191.833333,0.004583,0.000139
11512,191.85,0.004028,0.0
11513,191.866667,0.005625,0.000139
11514,191.883333,0.006597,0.000208
11515,191.9,3.290417,0.075417
11516,191.916667,0.009583,0.000208
11517,191.933333,0.004167,0.0
11518,191.95,0.006944,0.000208
11519,191.966667,0.004792,6.9e-05
11520,191.983333,0.003819,6.9e-05
11521,192.0,0.019028,0.000278
11522,192.016667,0.003194,0.0
11523,192.033333,0.003681,6.9e-05
11524,192.05,0.004514,6.9e-05
11525,192.066667,0.002708,0.0
11526,192.083333,0.774167,0.033889
11527,192.1,0.001319,0.0
11528,192.116667,0.001528,0.0
11529,192.133333,0.001181,0.0
11530,192.15,0.001944,0.0
11531,192.166667,0.001181,0.0
11532,192.183333,0.101458,0.0
11533,192.2,0.002986,0.0
11534,192.216667,0.000625,0.0
11535,192.233333,0.0,0.0
11536,192.25,0.000208,0.0
11537,192.266667,0.0,0.0
11538,192.283333,0.0,0.0
11539,192.3,0.0,0.0
11540,192.316667,0.0,0.0
11541,192.333333,0.0,0.0
11542,192.35,0.0,0.0
11543,192.366667,0.0,0.0
11544,192.383333,0.001042,0.0
11545,192.4,0.000417,0.0
11546,192.416667,0.001181,0.0
11547,192.433333,0.0,0.0
11548,192.45,0.000278,0.0
11549,192.466667,0.001458,0.0
11550,192.483333,0.000278,0.0
11551,192.5,0.003264,0.0
11552,192.516667,0.318542,0.000208
11553,192.533333,1.588472,0.029722
11554,192.55,0.000972,0.0
11555,192.566667,0.002847,0.0
11556,192.583333,2.483958,0.069375
11557,192.6,3.476319,0.091111
11558,192.616667,3.968542,0.114167
11559,192.633333,4.718819,0.135972
11560,192.65,5.465903,0.158056
11561,192.666667,5.929444,0.174722
11562,192.683333,6.055,0.179931
11563,192.7,5.376111,0.155486
11564,192.716667,4.3975,0.131597
11565,192.733333,4.301806,0.120347
11566,192.75,0.021667,0.0
11567,192.766667,1.699722,0.027569
11568,192.783333,2.034861,0.062222
11569,192.8,1.066944,0.019861
11570,192.816667,0.025347,0.0
11571,192.833333,0.011458,0.0
11572,192.85,0.027917,0.0
11573,192.866667,0.021528,0.0
11574,192.883333,0.002847,0.0
11575,192.9,0.004375,0.0
11576,192.916667,0.02375,0.0
11577,192.933333,0.024097,0.0
11578,192.95,0.003819,0.0
11579,192.966667,0.007153,0.000208
11580,192.983333,0.022153,0.000278
11581,193.0,0.133611,0.000347
11582,193.016667,0.010347,0.000278
11583,193.033333,0.014097,0.000208
11584,193.05,0.009375,0.000278
11585,193.066667,0.006389,0.000208
11586,193.083333,0.005694,0.000139
11587,193.1,0.004722,6.9e-05
11588,193.116667,0.005139,0.000139
11589,193.133333,0.003611,6.9e-05
11590,193.15,0.006528,0.000139
11591,193.166667,0.003542,6.9e-05
11592,193.183333,0.002639,0.0
11593,193.2,0.0,0.0
11594,193.216667,0.0,0.0
11595,193.233333,0.0,0.0
11596,193.25,0.0,0.0
11597,193.266667,0.000486,0.0
11598,193.283333,0.104097,0.003958
11599,193.3,6.9e-05,0.0
11600,193.316667,0.0,0.0
11601,193.333333,6.9e-05,0.0
11602,193.35,0.001528,0.0
11603,193.366667,0.000139,0.0
11604,193.383333,6.9e-05,0.0
11605,193.4,0.000694,0.0
11606,193.416667,0.0,0.0
11607,193.433333,0.0,0.0
11608,193.45,0.000208,0.0
11609,193.466667,0.0,0.0
11610,193.483333,0.0,0.0
11611,193.5,0.0,0.0
11612,193.516667,0.0,0.0
11613,193.533333,0.0,0.0
11614,193.55,0.0,0.0
11615,193.566667,0.0,0.0
11616,193.583333,0.0,0.0
11617,193.6,0.0,0.0
11618,193.616667,0.0,0.0
11619,193.633333,0.0,0.0
11620,193.65,0.0,0.0
11621,193.666667,0.0,0.0
11622,193.683333,0.0,0.0
11623,193.7,0.0,0.0
11624,193.716667,0.0,0.0
11625,193.733333,0.0,0.0
11626,193.75,0.0,0.0
11627,193.766667,0.0,0.0
11628,193.783333,0.0,0.0
11629,193.8,6.9e-05,0.0
11630,193.816667,0.001597,0.0
11631,193.833333,0.000625,0.0
11632,193.85,0.000278,0.0
11633,193.866667,6.9e-05,0.0
11634,193.883333,0.0,0.0
11635,193.9,6.9e-05,0.0
11636,193.916667,0.003819,0.0
11637,193.933333,0.001597,0.0
11638,193.95,0.000139,0.0
11639,193.966667,0.002639,0.0
11640,193.983333,0.004583,0.0
11641,194.0,0.011181,6.9e-05
11642,194.016667,0.004097,0.0
11643,194.033333,0.007083,0.000139
11644,194.05,0.010903,0.000417
11645,194.066667,0.012778,0.000347
11646,194.083333,0.0125,0.000486
11647,194.1,0.014306,0.000625
11648,194.116667,0.017639,0.000625
11649,194.133333,0.019167,0.000694
11650,194.15,0.017361,0.000694
11651,194.166667,0.017222,0.000694
11652,194.183333,0.018542,0.000694
11653,194.2,0.014375,0.000347
11654,194.216667,0.015694,0.000417
11655,194.233333,0.008542,0.0
11656,194.25,0.004097,0.0
11657,194.266667,0.002431,0.0
11658,194.283333,0.004653,0.0
11659,194.3,0.000833,0.0
11660,194.316667,0.628056,0.007569
11661,194.333333,0.000347,0.0
11662,194.35,0.000694,0.0
11663,194.366667,0.002639,0.0
11664,194.383333,0.003403,0.0
11665,194.4,0.0,0.0
11666,194.416667,6.9e-05,0.0
11667,194.433333,0.000764,0.0
11668,194.45,0.00125,0.0
11669,194.466667,0.005833,0.0
11670,194.483333,0.016181,0.0
11671,194.5,0.022639,0.0
11672,194.516667,0.218542,0.001458
11673,194.533333,0.0,0.0
11674,194.55,0.0,0.0
11675,194.566667,0.000278,0.0
11676,194.583333,0.001111,0.0
11677,194.6,6.9e-05,0.0
11678,194.616667,0.001597,0.0
11679,194.633333,0.226111,0.006458
11680,194.65,0.000625,0.0
11681,194.666667,0.0,0.0
11682,194.683333,0.000139,0.0
11683,194.7,0.000278,0.0
11684,194.716667,6.9e-05,0.0
11685,194.733333,0.0,0.0
11686,194.75,6.9e-05,0.0
11687,194.766667,0.000972,0.0
11688,194.783333,0.0,0.0
11689,194.8,0.000903,0.0
11690,194.816667,0.000347,0.0
11691,194.833333,6.9e-05,0.0
11692,194.85,0.001736,0.0
11693,194.866667,0.0,0.0
11694,194.883333,0.0,0.0
11695,194.9,0.0,0.0
11696,194.916667,0.0,0.0
11697,194.933333,0.001736,0.0
11698,194.95,0.0,0.0
11699,194.966667,0.0,0.0
11700,194.983333,0.0,0.0
11701,195.0,0.025417,0.0
11702,195.016667,0.000139,0.0
11703,195.033333,6.9e-05,0.0
11704,195.05,0.000833,0.0
11705,195.066667,0.0,0.0
11706,195.083333,0.0,0.0
11707,195.1,0.0,0.0
11708,195.116667,0.0,0.0
11709,195.133333,0.0,0.0
11710,195.15,0.0,0.0
11711,195.166667,0.0,0.0
11712,195.183333,0.0,0.0
11713,195.2,0.0,0.0
11714,195.216667,0.000139,0.0
11715,195.233333,0.000347,0.0
11716,195.25,0.002639,0.0
11717,195.266667,0.005486,6.9e-05
11718,195.283333,0.005694,0.000208
11719,195.3,0.0075,0.000139
11720,195.316667,0.005625,0.000208
11721,195.333333,0.009375,0.000208
11722,195.35,0.015,0.000556
11723,195.366667,0.037153,0.001042
11724,195.383333,0.017292,0.000556
11725,195.4,0.015278,0.000417
11726,195.416667,0.011597,0.000347
11727,195.433333,0.008125,0.000208
11728,195.45,0.007222,6.9e-05
11729,195.466667,0.012639,0.000347
11730,195.483333,0.013611,0.0
11731,195.5,0.032847,0.0
11732,195.516667,0.364583,0.000278
11733,195.533333,1.69875,0.031389
11734,195.55,2.610833,0.065694
11735,195.566667,4.171181,0.123194
11736,195.583333,5.585694,0.177708
11737,195.6,7.574653,0.259097
11738,195.616667,8.849236,0.290069
11739,195.633333,9.016736,0.2675
11740,195.65,0.010278,0.0
11741,195.666667,7.152014,0.208958
11742,195.683333,5.764444,0.158264
11743,195.7,4.487083,0.112361
11744,195.716667,2.749306,0.067569
11745,195.733333,0.060417,0.0
11746,195.75,0.090625,0.0
11747,195.766667,0.064097,0.0
11748,195.783333,0.041319,0.0
11749,195.8,0.046875,0.0
11750,195.816667,0.026806,0.0
11751,195.833333,0.014375,0.0
11752,195.85,0.004792,0.0
11753,195.866667,0.003889,0.0
11754,195.883333,0.002778,0.0
11755,195.9,0.004375,0.0
11756,195.916667,0.0,0.0
11757,195.933333,0.0,0.0
11758,195.95,0.0,0.0
11759,195.966667,0.0,0.0
11760,195.983333,0.0,0.0
11761,196.0,0.058333,0.0
11762,196.016667,0.001181,0.0
11763,196.033333,0.000903,0.0
11764,196.05,0.000625,0.0
11765,196.066667,0.000556,0.0
11766,196.083333,0.001944,0.0
11767,196.1,0.0,0.0
11768,196.116667,0.001458,0.0
11769,196.133333,0.001389,0.0
11770,196.15,0.001319,0.0
11771,196.166667,0.001597,0.0
11772,196.183333,0.004792,6.9e-05
11773,196.2,0.005278,0.000208
11774,196.216667,0.004583,6.9e-05
11775,196.233333,0.00375,0.0
11776,196.25,0.004028,6.9e-05
11777,196.266667,0.003333,0.0
11778,196.283333,0.006319,0.000208
11779,196.3,0.004167,6.9e-05
11780,196.316667,0.005972,0.000139
11781,196.333333,0.003681,6.9e-05
11782,196.35,0.137083,0.0
11783,196.366667,0.006458,0.0
11784,196.383333,0.003681,0.0
11785,196.4,0.003403,0.0
11786,196.416667,0.000556,0.0
11787,196.433333,0.001319,0.0
11788,196.45,0.000972,0.0
11789,196.466667,0.0,0.0
11790,196.483333,0.001875,6.9e-05
11791,196.5,0.000694,0.0
11792,196.516667,0.001597,0.0
11793,196.533333,0.000417,0.0
11794,196.55,0.002014,0.0
11795,196.566667,0.0,0.0
11796,196.583333,0.008056,0.000347
11797,196.6,0.0,0.0
11798,196.616667,0.002708,6.9e-05
11799,196.633333,0.0,0.0
11800,196.65,0.0,0.0
11801,196.666667,0.0,0.0
11802,196.683333,0.0,0.0
11803,196.7,0.0,0.0
11804,196.716667,0.0,0.0
11805,196.733333,0.0,0.0
11806,196.75,0.0,0.0
11807,196.766667,0.0,0.0
11808,196.783333,0.0,0.0
11809,196.8,0.0,0.0
11810,196.816667,0.0,0.0
11811,196.833333,0.0,0.0
11812,196.85,0.0,0.0
11813,196.866667,0.0,0.0
11814,196.883333,0.0,0.0
11815,196.9,0.0,0.0
11816,196.916667,0.0,0.0
11817,196.933333,0.0,0.0
11818,196.95,0.0,0.0
11819,196.966667,0.0,0.0
11820,196.983333,0.0,0.0
11821,197.0,0.035069,0.0
11822,197.016667,0.001944,0.0
11823,197.033333,0.000347,0.0
11824,197.05,0.0,0.0
11825,197.066667,0.0,0.0
11826,197.083333,0.0,0.0
11827,197.1,0.0,0.0
11828,197.116667,0.0,0.0
11829,197.133333,0.0,0.0
11830,197.15,0.0,0.0
11831,197.166667,0.0,0.0
11832,197.183333,0.0,0.0
11833,197.2,0.0,0.0
11834,197.216667,0.0,0.0
11835,197.233333,0.0,0.0
11836,197.25,0.0,0.0
11837,197.266667,0.0,0.0
11838,197.283333,0.0,0.0
11839,197.3,0.0,0.0
11840,197.316667,0.0,0.0
11841,197.333333,0.0,0.0
11842,197.35,0.0,0.0
11843,197.366667,0.0,0.0
11844,197.383333,0.0,0.0
11845,197.4,0.0,0.0
11846,197.416667,0.0,0.0
11847,197.433333,0.0,0.0
11848,197.45,0.0,0.0
11849,197.466667,0.0,0.0
11850,197.483333,0.0,0.0
11851,197.5,0.0,0.0
11852,197.516667,0.0,0.0
11853,197.533333,0.0,0.0
11854,197.55,0.0,0.0
11855,197.566667,0.0,0.0
11856,197.583333,0.0,0.0
11857,197.6,0.0,0.0
11858,197.616667,0.0,0.0
11859,197.633333,0.0,0.0
11860,197.65,0.0,0.0
11861,197.666667,0.0,0.0
11862,197.683333,0.0,0.0
11863,197.7,0.0,0.0
11864,197.716667,0.0,0.0
11865,197.733333,0.0,0.0
11866,197.75,0.0,0.0
11867,197.766667,0.0,0.0
11868,197.783333,0.0,0.0
11869,197.8,0.0,0.0
11870,197.816667,0.0,0.0
11871,197.833333,0.0,0.0
11872,197.85,14.544236,0.143264
11873,197.866667,3.56625,0.082014
11874,197.883333,0.126667,0.002986
11875,197.9,0.007431,6.9e-05
11876,197.916667,0.005417,0.0
11877,197.933333,0.004653,0.0
11878,197.95,0.002292,0.0
11879,197.966667,24.975347,0.246528
11880,197.983333,0.034236,0.000625
11881,198.0,0.062153,0.000347
11882,198.016667,0.020764,0.000556
11883,198.033333,0.021111,0.000625
11884,198.05,0.003681,0.0
11885,198.066667,0.029167,0.000486
11886,198.083333,0.010764,0.000139
11887,198.1,0.014792,0.000347
11888,198.116667,0.003333,0.0
11889,198.133333,0.002778,0.0
11890,198.15,0.001875,0.0
11891,198.166667,6.9e-05,0.0
11892,198.183333,6.9e-05,0.0
11893,198.2,0.0,0.0
11894,198.216667,0.001111,0.0
11895,198.233333,0.000625,0.0
11896,198.25,0.0,0.0
11897,198.266667,6.9e-05,0.0
11898,198.283333,0.001806,0.0
11899,198.3,0.0025,0.0
11900,198.316667,0.003611,6.9e-05
11901,198.333333,0.005694,0.000278
11902,198.35,0.008611,0.000347
11903,198.366667,0.009861,0.000347
11904,198.383333,0.011042,0.000486
11905,198.4,0.010417,0.000347
11906,198.416667,0.009931,0.000278
11907,198.433333,0.0075,0.000208
11908,198.45,0.013403,0.000417
11909,198.466667,0.022014,0.000625
11910,198.483333,0.022847,0.000694
11911,198.5,0.014931,0.000486
11912,198.516667,0.008333,0.000208
11913,198.533333,0.016389,0.000417
11914,198.55,0.021042,0.000625
11915,198.566667,0.022153,0.000764
11916,198.583333,0.022292,0.000694
11917,198.6,3.381806,0.021319
11918,198.616667,1.945069,0.015625
11919,198.633333,1.446389,0.014306
11920,198.65,1.146319,0.012778
11921,198.666667,0.970347,0.010972
11922,198.683333,0.812847,0.010833
11923,198.7,0.684097,0.010972
11924,198.716667,0.597986,0.009722
11925,198.733333,0.491736,0.00875
11926,198.75,0.001181,0.0
11927,198.766667,0.001319,0.0
11928,198.783333,0.819653,0.010903
11929,198.8,0.213264,0.004653
11930,198.816667,0.102361,0.0025
11931,198.833333,0.031319,0.000208
11932,198.85,0.006528,0.000139
11933,198.866667,0.611736,0.012569
11934,198.883333,0.007222,0.000139
11935,198.9,0.002708,6.9e-05
11936,198.916667,0.004861,0.000139
11937,198.933333,0.003958,0.0
11938,198.95,0.001806,0.0
11939,198.966667,0.002361,0.0
11940,198.983333,0.004583,0.000139
11941,199.0,0.053194,0.0
11942,199.016667,0.004583,0.000139
11943,199.033333,0.004236,6.9e-05
11944,199.05,0.002083,0.0
11945,199.066667,0.003819,0.000139
11946,199.083333,0.00375,0.0
11947,199.1,0.005764,0.000208
11948,199.116667,0.003125,0.0
11949,199.133333,0.001458,0.0
11950,199.15,0.002014,0.0
11951,199.166667,0.0,0.0
11952,199.183333,0.000208,0.0
11953,199.2,0.000139,0.0
11954,199.216667,0.001597,0.0
11955,199.233333,0.002014,0.0
11956,199.25,0.003611,6.9e-05
11957,199.266667,0.004514,0.000139
11958,199.283333,0.005278,0.000139
11959,199.3,0.004792,0.000139
11960,199.316667,0.007292,0.000208
11961,199.333333,0.009931,0.000347
11962,199.35,0.011042,0.000347
11963,199.366667,0.013194,0.000417
11964,199.383333,0.009236,0.000347
11965,199.4,0.005833,6.9e-05
11966,199.416667,0.006458,0.000139
11967,199.433333,0.007292,0.000278
11968,199.45,0.008819,0.000278
11969,199.466667,0.006667,0.000208
11970,199.483333,0.007639,0.000278
11971,199.5,0.006667,0.000278
11972,199.516667,0.007639,0.000347
11973,199.533333,0.004583,0.000139
11974,199.55,0.00875,0.000278
11975,199.566667,0.005694,0.000208
11976,199.583333,0.004653,0.000139
11977,199.6,0.005347,0.000139
11978,199.616667,0.005347,0.000139
11979,199.633333,0.004792,0.000139
11980,199.65,0.002778,0.0
11981,199.666667,0.003681,0.0
11982,199.683333,0.006667,0.000208
11983,199.7,0.006597,0.000278
11984,199.716667,0.005347,0.000208
11985,199.733333,0.004167,0.000139
11986,199.75,0.003056,0.0
11987,199.766667,0.000903,0.0
11988,199.783333,0.002986,0.0
11989,199.8,0.000486,0.0
11990,199.816667,0.001875,0.0
11991,199.833333,0.000694,0.0
11992,199.85,0.001597,0.0
11993,199.866667,0.004514,0.000139
11994,199.883333,0.000903,0.0
11995,199.9,0.005486,0.000278
11996,199.916667,0.002014,0.0
11997,199.933333,0.000625,0.0
11998,199.95,0.000625,0.0
11999,199.966667,0.0,0.0
12000,199.983333,0.001319,0.0
12001,200.0,0.004722,0.0
12002,200.016667,0.001458,0.0
12003,200.033333,0.001597,0.0
12004,200.05,0.000139,0.0
12005,200.066667,0.000417,0.0
12006,200.083333,0.0,0.0
12007,200.1,0.0,0.0
12008,200.116667,0.0,0.0
12009,200.133333,0.0,0.0
12010,200.15,0.0,0.0
12011,200.166667,0.0,0.0
12012,200.183333,0.0,0.0
12013,200.2,0.0,0.0
12014,200.216667,0.000208,0.0
12015,200.233333,0.000972,0.0
12016,200.25,6.9e-05,0.0
12017,200.266667,0.000278,0.0
12018,200.283333,0.0,0.0
12019,200.3,0.0,0.0
12020,200.316667,0.0,0.0
12021,200.333333,0.0,0.0
12022,200.35,0.000972,0.0
12023,200.366667,0.000903,0.0
12024,200.383333,0.002361,0.0
12025,200.4,0.005694,0.000208
12026,200.416667,0.005,0.000139
12027,200.433333,0.005556,0.000139
12028,200.45,0.004375,0.0
12029,200.466667,0.003056,0.0
12030,200.483333,0.004931,0.000139
12031,200.5,0.005347,0.000208
12032,200.516667,0.198194,0.000139
12033,200.533333,0.017222,0.000208
12034,200.55,0.006111,0.000139
12035,200.566667,0.005694,0.0
12036,200.583333,0.006042,0.000139
12037,200.6,0.010069,0.000347
12038,200.616667,0.011806,0.000417
12039,200.633333,0.011181,0.000417
12040,200.65,0.0,0.0
12041,200.666667,0.016458,0.000486
12042,200.683333,0.007778,0.000208
12043,200.7,0.004861,0.000139
12044,200.716667,0.007986,0.000278
12045,200.733333,0.005347,0.000139
12046,200.75,0.008125,0.000208
12047,200.766667,0.006597,0.000347
12048,200.783333,0.008542,0.000208
12049,200.8,0.008611,0.000417
12050,200.816667,0.007292,0.000208
12051,200.833333,0.008333,0.000417
12052,200.85,0.011319,0.000417
12053,200.866667,0.012431,0.000347
12054,200.883333,0.015833,0.000486
12055,200.9,0.009583,0.000417
12056,200.916667,0.011458,0.000417
12057,200.933333,0.011389,0.000347
12058,200.95,0.00875,0.000208
12059,200.966667,0.010278,0.000278
12060,200.983333,0.015139,0.000417
12061,201.0,0.082222,0.000278
12062,201.016667,0.019722,0.000486
12063,201.033333,0.003333,0.0
12064,201.05,0.002986,6.9e-05
12065,201.066667,0.012222,0.000278
12066,201.083333,0.003611,6.9e-05
12067,201.1,0.003403,6.9e-05
12068,201.116667,0.003472,6.9e-05
12069,201.133333,0.006458,0.000278
12070,201.15,0.001528,0.0
12071,201.166667,6.9e-05,0.0
12072,201.183333,0.004097,6.9e-05
12073,201.2,0.001736,0.0
12074,201.216667,6.9e-05,0.0
12075,201.233333,0.002708,0.0
12076,201.25,0.0,0.0
12077,201.266667,0.001875,0.0
12078,201.283333,0.0,0.0
12079,201.3,0.001389,0.0
12080,201.316667,0.000208,0.0
12081,201.333333,0.002917,0.0
12082,201.35,0.0,0.0
12083,201.366667,0.0,0.0
12084,201.383333,0.001528,0.0
12085,201.4,0.001181,0.0
12086,201.416667,0.0,0.0
12087,201.433333,0.0,0.0
12088,201.45,6.9e-05,0.0
12089,201.466667,0.002431,0.0
12090,201.483333,0.0,0.0
12091,201.5,0.0,0.0
12092,201.516667,0.001458,0.0
12093,201.533333,0.0,0.0
12094,201.55,0.00125,0.0
12095,201.566667,0.000417,0.0
12096,201.583333,0.003194,0.0
12097,201.6,1.480208,0.02875
12098,201.616667,1.7275,0.042986
12099,201.633333,2.278542,0.057153
12100,201.65,2.609583,0.072708
12101,201.666667,2.504861,0.064306
12102,201.683333,2.636042,0.067639
12103,201.7,2.57625,0.068958
12104,201.716667,2.489375,0.059097
12105,201.733333,2.437222,0.051944
12106,201.75,2.195,0.044236
12107,201.766667,2.009861,0.039514
12108,201.783333,1.410903,0.022153
12109,201.8,1.193403,0.024653
12110,201.816667,0.680486,0.006319
12111,201.833333,0.259236,6.9e-05
12112,201.85,0.018681,0.0
12113,201.866667,0.026875,0.0
12114,201.883333,0.006319,0.0
12115,201.9,0.002917,0.0
12116,201.916667,0.002778,0.0
12117,201.933333,0.002778,0.0
12118,201.95,0.000278,0.0
12119,201.966667,0.000208,0.0
12120,201.983333,0.000347,0.0
12121,202.0,0.055486,0.0
12122,202.016667,0.001458,0.0
12123,202.033333,0.000486,0.0
12124,202.05,6.9e-05,0.0
12125,202.066667,0.0,0.0
12126,202.083333,0.0,0.0
12127,202.1,0.0,0.0
12128,202.116667,0.0,0.0
12129,202.133333,0.0,0.0
12130,202.15,0.0,0.0
12131,202.166667,0.0,0.0
12132,202.183333,0.0,0.0
12133,202.2,0.0,0.0
12134,202.216667,0.0,0.0
12135,202.233333,0.0,0.0
12136,202.25,0.0,0.0
12137,202.266667,0.0,0.0
12138,202.283333,0.0,0.0
12139,202.3,0.0,0.0
12140,202.316667,0.0,0.0
12141,202.333333,0.0,0.0
12142,202.35,0.0,0.0
12143,202.366667,0.0,0.0
12144,202.383333,0.0,0.0
12145,202.4,0.0,0.0
12146,202.416667,0.002014,0.0
12147,202.433333,0.001528,0.0
12148,202.45,0.001597,0.0
12149,202.466667,0.002361,0.0
12150,202.483333,0.003264,0.0
12151,202.5,0.003264,6.9e-05
12152,202.516667,0.004236,0.0
12153,202.533333,0.004861,6.9e-05
12154,202.55,0.000139,0.0
12155,202.566667,0.006875,0.000139
12156,202.583333,0.007361,0.000208
12157,202.6,0.004306,0.0
12158,202.616667,0.001944,0.0
12159,202.633333,0.001667,0.0
12160,202.65,0.002569,0.0
12161,202.666667,0.002569,6.9e-05
12162,202.683333,0.001944,0.0
12163,202.7,0.002431,0.0
12164,202.716667,0.001389,0.0
12165,202.733333,0.006389,0.000208
12166,202.75,0.004514,0.000139
12167,202.766667,0.00375,6.9e-05
12168,202.783333,0.005625,0.000208
12169,202.8,0.001389,0.0
12170,202.816667,0.001181,0.0
12171,202.833333,0.002014,0.0
12172,202.85,0.000694,0.0
12173,202.866667,0.000625,0.0
12174,202.883333,0.0,0.0
12175,202.9,0.002083,0.0
12176,202.916667,0.000486,0.0
12177,202.933333,0.000764,0.0
12178,202.95,0.000625,0.0
12179,202.966667,0.000764,0.0
12180,202.983333,0.000764,0.0
12181,203.0,0.002708,0.0
12182,203.016667,0.002708,0.0
12183,203.033333,0.001944,0.0
12184,203.05,0.001181,0.0
12185,203.066667,0.001181,0.0
12186,203.083333,0.001389,0.0
12187,203.1,0.002292,0.0
12188,203.116667,0.002639,0.0
12189,203.133333,0.0,0.0
12190,203.15,0.002222,0.0
12191,203.166667,0.002292,0.0
12192,203.183333,0.00125,0.0
12193,203.2,0.001597,0.0
12194,203.216667,0.001458,0.0
12195,203.233333,0.001597,0.0
12196,203.25,0.003611,6.9e-05
12197,203.266667,0.002431,0.0
12198,203.283333,0.002222,0.0
12199,203.3,0.00375,6.9e-05
12200,203.316667,0.005208,0.000139
12201,203.333333,0.003611,6.9e-05
12202,203.35,0.005417,0.000208
12203,203.366667,0.004236,0.000208
12204,203.383333,0.004861,0.0
12205,203.4,0.000903,0.0
12206,203.416667,0.002569,0.0
12207,203.433333,0.0,0.0
12208,203.45,0.000625,0.0
12209,203.466667,0.000556,0.0
12210,203.483333,0.000764,0.0
12211,203.5,0.0,0.0
12212,203.516667,0.001597,0.0
12213,203.533333,0.003611,6.9e-05
12214,203.55,0.005347,0.000208
12215,203.566667,0.010764,0.000556
12216,203.583333,0.01,0.000417
12217,203.6,0.011111,0.000417
12218,203.616667,0.028264,0.000486
12219,203.633333,0.017222,0.000347
12220,203.65,0.005903,0.000139
12221,203.666667,0.005069,0.000208
12222,203.683333,0.0,0.0
12223,203.7,0.0,0.0
12224,203.716667,0.000278,0.0
12225,203.733333,0.004583,0.000208
12226,203.75,0.004306,0.0
12227,203.766667,0.00625,0.000278
12228,203.783333,0.003264,6.9e-05
12229,203.8,0.001528,0.0
12230,203.816667,0.001528,0.0
12231,203.833333,0.001528,0.0
12232,203.85,0.002569,0.0
12233,203.866667,0.002778,0.0
12234,203.883333,0.002986,0.0
12235,203.9,0.0,0.0
12236,203.916667,0.0,0.0
12237,203.933333,0.0,0.0
12238,203.95,0.001667,0.0
12239,203.966667,0.0,0.0
12240,203.983333,0.0,0.0
12241,204.0,0.017778,0.0
12242,204.016667,0.001528,0.0
12243,204.033333,0.000278,0.0
12244,204.05,6.9e-05,0.0
12245,204.066667,0.0,0.0
12246,204.083333,0.0,0.0
12247,204.1,0.0,0.0
12248,204.116667,0.0,0.0
12249,204.133333,0.0,0.0
12250,204.15,0.0,0.0
12251,204.166667,0.0,0.0
12252,204.183333,0.0,0.0
12253,204.2,0.0,0.0
12254,204.216667,0.0,0.0
12255,204.233333,0.0,0.0
12256,204.25,0.0,0.0
12257,204.266667,0.0,0.0
12258,204.283333,0.0,0.0
12259,204.3,0.0,0.0
12260,204.316667,0.0,0.0
12261,204.333333,0.0,0.0
12262,204.35,0.0,0.0
12263,204.366667,0.0,0.0
12264,204.383333,0.0,0.0
12265,204.4,0.0,0.0
12266,204.416667,0.0,0.0
12267,204.433333,0.0,0.0
12268,204.45,0.0,0.0
12269,204.466667,0.0,0.0
12270,204.483333,0.0,0.0
12271,204.5,0.0,0.0
12272,204.516667,0.0,0.0
12273,204.533333,0.0,0.0
12274,204.55,0.0,0.0
12275,204.566667,0.0,0.0
12276,204.583333,0.0,0.0
12277,204.6,0.0,0.0
12278,204.616667,0.0,0.0
12279,204.633333,0.0,0.0
12280,204.65,0.000208,0.0
12281,204.666667,0.007222,0.000139
12282,204.683333,0.147778,0.0
12283,204.7,0.003056,0.0
12284,204.716667,0.001458,0.0
12285,204.733333,0.001389,0.0
12286,204.75,0.000833,0.0
12287,204.766667,0.000417,0.0
12288,204.783333,0.001528,0.0
12289,204.8,0.000417,0.0
12290,204.816667,0.000278,0.0
12291,204.833333,0.000278,0.0
12292,204.85,0.000278,0.0
12293,204.866667,0.000278,0.0
12294,204.883333,0.000278,0.0
12295,204.9,0.000278,0.0
12296,204.916667,0.001597,0.0
12297,204.933333,54.574236,0.476319
12298,204.95,0.013681,0.0
12299,204.966667,0.009306,0.0
12300,204.983333,0.009097,0.0
12301,205.0,0.079236,0.0
12302,205.016667,0.007222,0.0
12303,205.033333,0.002153,0.0
12304,205.05,0.003333,0.0
12305,205.066667,0.003681,0.0
12306,205.083333,0.004375,0.0
12307,205.1,0.002222,0.0
12308,205.116667,0.000903,0.0
12309,205.133333,0.000833,0.0
12310,205.15,0.002361,0.0
12311,205.166667,0.002292,0.0
12312,205.183333,0.001042,0.0
12313,205.2,0.001042,0.0
12314,205.216667,0.0025,0.0
12315,205.233333,0.002083,0.0
12316,205.25,0.000694,0.0
12317,205.266667,0.000694,0.0
12318,205.283333,0.002083,0.0
12319,205.3,0.003056,0.0
12320,205.316667,0.000694,0.0
12321,205.333333,0.000347,0.0
12322,205.35,0.001736,0.0
12323,205.366667,0.002222,0.0
12324,205.383333,0.001111,0.0
12325,205.4,0.000486,0.0
12326,205.416667,0.001875,0.0
12327,205.433333,0.001944,0.0
12328,205.45,0.001875,0.0
12329,205.466667,0.003056,0.0
12330,205.483333,0.004306,0.0
12331,205.5,0.006667,6.9e-05
12332,205.516667,0.008333,0.000208
12333,205.533333,0.004653,6.9e-05
12334,205.55,0.008681,6.9e-05
12335,205.566667,0.010625,0.000208
12336,205.583333,0.010347,0.000347
12337,205.6,0.005347,0.000208
12338,205.616667,0.005764,0.0
12339,205.633333,0.005903,6.9e-05
12340,205.65,0.002847,6.9e-05
12341,205.666667,0.002083,0.0
12342,205.683333,0.002569,0.0
12343,205.7,0.003542,0.0
12344,205.716667,0.000486,0.0
12345,205.733333,0.000556,0.0
12346,205.75,0.003125,0.0
12347,205.766667,0.003403,0.0
12348,205.783333,0.003403,0.0
12349,205.8,0.003264,0.0
12350,205.816667,0.003125,0.0
12351,205.833333,0.002917,0.0
12352,205.85,0.001389,0.0
12353,205.866667,0.003681,0.0
12354,205.883333,0.002639,0.0
12355,205.9,0.002569,0.0
12356,205.916667,0.000278,0.0
12357,205.933333,0.000972,0.0
12358,205.95,0.001597,0.0
12359,205.966667,0.001806,0.0
12360,205.983333,0.000556,0.0
12361,206.0,0.068403,6.9e-05
12362,206.016667,0.003542,0.0
12363,206.033333,0.002569,0.0
12364,206.05,0.000625,0.0
12365,206.066667,0.000208,0.0
12366,206.083333,0.001597,0.0
12367,206.1,0.002083,0.0
12368,206.116667,0.000764,0.0
12369,206.133333,0.001042,0.0
12370,206.15,0.0025,0.0
12371,206.166667,0.002014,0.0
12372,206.183333,0.000625,0.0
12373,206.2,0.000625,0.0
12374,206.216667,0.002014,0.0
12375,206.233333,0.004792,0.0
12376,206.25,0.003542,0.0
12377,206.266667,0.003681,0.0
12378,206.283333,0.006736,0.000139
12379,206.3,0.004444,0.0
12380,206.316667,0.00375,0.0
12381,206.333333,0.00375,0.0
12382,206.35,0.005,6.9e-05
12383,206.366667,0.003958,0.0
12384,206.383333,0.001944,0.0
12385,206.4,0.003264,0.0
12386,206.416667,0.002014,0.0
12387,206.433333,0.001736,0.0
12388,206.45,0.000417,0.0
12389,206.466667,0.000625,0.0
12390,206.483333,0.006389,0.0
12391,206.5,0.004722,0.0
12392,206.516667,0.003194,0.0
12393,206.533333,0.002639,0.0
12394,206.55,0.002639,0.0
12395,206.566667,0.961875,0.006458
12396,206.583333,0.245903,0.0
12397,206.6,0.0475,0.0
12398,206.616667,0.103611,0.0
12399,206.633333,0.004444,0.0
12400,206.65,0.005,0.0
12401,206.666667,0.005625,0.0
12402,206.683333,0.005069,0.0
12403,206.7,0.0,0.0
12404,206.716667,0.000417,0.0
12405,206.733333,0.002361,0.0
12406,206.75,0.001319,0.0
12407,206.766667,6.9e-05,0.0
12408,206.783333,0.005972,0.000139
12409,206.8,0.000625,0.0
12410,206.816667,0.000625,0.0
12411,206.833333,0.0,0.0
12412,206.85,0.0,0.0
12413,206.866667,0.000694,0.0
12414,206.883333,0.000417,0.0
12415,206.9,0.0,0.0
12416,206.916667,0.000556,0.0
12417,206.933333,0.001042,0.0
12418,206.95,0.000347,0.0
12419,206.966667,0.0,0.0
12420,206.983333,0.0,0.0
12421,207.0,0.097431,0.0
12422,207.016667,0.001042,0.0
12423,207.033333,0.000347,0.0
12424,207.05,0.0,0.0
12425,207.066667,0.0,0.0
12426,207.083333,0.0,0.0
12427,207.1,0.0,0.0
12428,207.116667,0.0,0.0
12429,207.133333,0.0,0.0
12430,207.15,0.0,0.0
12431,207.166667,0.000486,0.0
12432,207.183333,0.000208,0.0
12433,207.2,0.000764,0.0
12434,207.216667,0.000764,0.0
12435,207.233333,0.014306,0.000486
12436,207.25,0.008542,0.000208
12437,207.266667,0.017014,0.000417
12438,207.283333,0.013125,0.000208
12439,207.3,0.023611,0.000486
12440,207.316667,0.024514,0.000208
12441,207.333333,5.410694,0.161944
12442,207.35,0.016528,0.0
12443,207.366667,5.977222,0.189931
12444,207.383333,8.198542,0.227639
12445,207.4,9.110556,0.247222
12446,207.416667,10.266458,0.2575
12447,207.433333,11.162083,0.281806
12448,207.45,10.676944,0.259792
12449,207.466667,12.181736,0.282847
12450,207.483333,12.806944,0.267014
12451,207.5,10.086458,0.217153
12452,207.516667,9.269931,0.221875
12453,207.533333,4.145347,0.096111
12454,207.55,0.136875,0.0
12455,207.566667,2.872222,0.08625
12456,207.583333,0.140556,0.000417
12457,207.6,0.148611,0.000278
12458,207.616667,0.111458,0.000347
12459,207.633333,0.143125,0.000278
12460,207.65,0.037292,0.0
12461,207.666667,0.054931,0.0
12462,207.683333,0.023056,0.0
12463,207.7,0.02625,0.0
12464,207.716667,0.006458,0.0
12465,207.733333,0.017361,0.000278
12466,207.75,0.00625,6.9e-05
12467,207.766667,0.010972,0.000208
12468,207.783333,0.010625,0.000208
12469,207.8,0.009583,0.000208
12470,207.816667,0.013403,0.000347
12471,207.833333,0.011389,0.000347
12472,207.85,0.004167,0.0
12473,207.866667,0.024514,0.000208
12474,207.883333,0.009167,0.000278
12475,207.9,0.011389,0.000417
12476,207.916667,0.007639,0.000278
12477,207.933333,0.012153,0.000278
12478,207.95,0.011319,0.000347
12479,207.966667,0.012361,0.000417
12480,207.983333,0.022917,0.000347
12481,208.0,0.154583,0.000347
12482,208.016667,0.011528,0.000278
12483,208.033333,0.020278,0.000417
12484,208.05,0.000139,0.0
12485,208.066667,0.019653,0.000417
12486,208.083333,0.015625,0.000347
12487,208.1,0.011806,0.000278
12488,208.116667,0.010139,0.000208
12489,208.133333,0.009375,0.000139
12490,208.15,0.000417,0.0
12491,208.166667,0.010139,0.000208
12492,208.183333,0.011667,0.000278
12493,208.2,0.010139,0.000208
12494,208.216667,0.005139,0.000139
12495,208.233333,0.005903,0.000208
12496,208.25,0.000278,0.0
12497,208.266667,0.0,0.0
12498,208.283333,0.013403,0.000417
12499,208.3,0.006875,0.000139
12500,208.316667,0.004444,0.000139
12501,208.333333,0.004306,0.000139
12502,208.35,0.002153,0.0
12503,208.366667,0.003125,0.000139
12504,208.383333,0.00375,0.000139
12505,208.4,0.001875,0.0
12506,208.416667,0.005764,0.000139
12507,208.433333,0.006597,0.000139
12508,208.45,0.004861,0.000139
12509,208.466667,0.004444,0.000139
12510,208.483333,0.00375,6.9e-05
12511,208.5,0.005972,0.000278
12512,208.516667,0.004653,0.000208
12513,208.533333,0.003889,0.000139
12514,208.55,0.004514,0.000139
12515,208.566667,0.001597,6.9e-05
12516,208.583333,0.000833,0.0
12517,208.6,0.000833,0.0
12518,208.616667,0.000139,0.0
12519,208.633333,0.0,0.0
12520,208.65,0.000208,0.0
12521,208.666667,0.000486,0.0
12522,208.683333,0.000556,0.0
12523,208.7,0.0,0.0
12524,208.716667,0.000417,0.0
12525,208.733333,0.0,0.0
12526,208.75,0.0,0.0
12527,208.766667,0.000139,0.0
12528,208.783333,0.000139,0.0
12529,208.8,0.0,0.0
12530,208.816667,0.0,0.0
12531,208.833333,0.0,0.0
12532,208.85,0.346736,0.0
12533,208.866667,0.011458,0.0
12534,208.883333,0.001806,0.0
12535,208.9,0.001389,0.0
12536,208.916667,0.002917,0.0
12537,208.933333,0.000556,0.0
12538,208.95,0.000139,0.0
12539,208.966667,0.001042,0.0
12540,208.983333,6.9e-05,0.0
12541,209.0,0.111667,0.0
12542,209.016667,0.001389,0.0
12543,209.033333,0.001319,0.0
12544,209.05,0.000486,0.0
12545,209.066667,0.000556,0.0
12546,209.083333,0.0,0.0
12547,209.1,0.000417,0.0
12548,209.116667,0.000417,0.0
12549,209.133333,0.000278,0.0
12550,209.15,0.001111,0.0
12551,209.166667,0.000486,0.0
12552,209.183333,0.563819,0.010208
12553,209.2,0.006458,0.0
12554,209.216667,0.010625,0.0
12555,209.233333,0.00125,0.0
12556,209.25,0.001389,0.0
12557,209.266667,0.0,0.0
12558,209.283333,0.000139,0.0
12559,209.3,0.000625,0.0
12560,209.316667,0.000347,0.0
12561,209.333333,0.000139,0.0
12562,209.35,0.000347,0.0
12563,209.366667,0.000625,0.0
12564,209.383333,0.001181,0.0
12565,209.4,0.0,0.0
12566,209.416667,0.000417,0.0
12567,209.433333,0.000833,0.0
12568,209.45,0.000694,0.0
12569,209.466667,0.0,0.0
12570,209.483333,0.0,0.0
12571,209.5,0.000278,0.0
12572,209.516667,0.000208,0.0
12573,209.533333,0.000556,0.0
12574,209.55,0.001458,0.0
12575,209.566667,0.000278,0.0
12576,209.583333,0.000833,0.0
12577,209.6,0.0,0.0
12578,209.616667,0.0,0.0
12579,209.633333,0.000278,0.0
12580,209.65,0.0,0.0
12581,209.666667,6.9e-05,0.0
12582,209.683333,0.000139,0.0
12583,209.7,0.000833,0.0
12584,209.716667,0.000208,0.0
12585,209.733333,0.001111,0.0
12586,209.75,0.000486,0.0
12587,209.766667,0.001181,0.0
12588,209.783333,0.000139,0.0
12589,209.8,0.0,0.0
12590,209.816667,0.0,0.0
12591,209.833333,0.0,0.0
12592,209.85,0.0,0.0
12593,209.866667,0.0,0.0
12594,209.883333,0.0,0.0
12595,209.9,0.0,0.0
12596,209.916667,0.0,0.0
12597,209.933333,0.0,0.0
12598,209.95,0.0,0.0
12599,209.966667,0.0,0.0
12600,209.983333,0.0,0.0
12601,210.0,0.010833,0.0
12602,210.016667,0.004028,0.0
12603,210.033333,0.003819,0.0
12604,210.05,0.000139,0.0
12605,210.066667,0.0,0.0
12606,210.083333,0.000208,0.0
12607,210.1,0.003819,0.0
12608,210.116667,0.003542,6.9e-05
12609,210.133333,0.005556,0.000139
12610,210.15,0.000278,0.0
12611,210.166667,0.000417,0.0
12612,210.183333,0.0,0.0
12613,210.2,0.006181,0.000208
12614,210.216667,0.001875,0.0
12615,210.233333,0.002708,0.0
12616,210.25,0.0025,0.0
12617,210.266667,0.002153,0.0
12618,210.283333,0.001806,0.0
12619,210.3,0.003611,6.9e-05
12620,210.316667,0.000972,0.0
12621,210.333333,0.005,0.000139
12622,210.35,0.0,0.0
12623,210.366667,0.003472,6.9e-05
12624,210.383333,0.002569,6.9e-05
12625,210.4,0.000764,0.0
12626,210.416667,0.000556,0.0
12627,210.433333,0.000139,0.0
12628,210.45,0.0,0.0
12629,210.466667,0.005417,6.9e-05
12630,210.483333,0.001806,0.0
12631,210.5,0.003194,0.0
12632,210.516667,0.0,0.0
12633,210.533333,0.003264,0.0
12634,210.55,0.000347,0.0
12635,210.566667,0.001597,0.0
12636,210.583333,0.003333,6.9e-05
12637,210.6,0.002083,0.0
12638,210.616667,0.001528,0.0
12639,210.633333,0.002153,0.0
12640,210.65,6.9e-05,0.0
12641,210.666667,0.001458,0.0
12642,210.683333,0.0,0.0
12643,210.7,0.000208,0.0
12644,210.716667,0.0,0.0
12645,210.733333,0.002222,0.0
12646,210.75,0.000208,0.0
12647,210.766667,0.000347,0.0
12648,210.783333,0.000208,0.0
12649,210.8,0.0,0.0
12650,210.816667,0.0,0.0
12651,210.833333,0.0,0.0
12652,210.85,0.0,0.0
12653,210.866667,0.0,0.0
12654,210.883333,0.0,0.0
12655,210.9,0.0,0.0
12656,210.916667,0.0,0.0
12657,210.933333,0.004167,0.000139
12658,210.95,0.0,0.0
12659,210.966667,0.002847,6.9e-05
12660,210.983333,0.005,0.000139
12661,211.0,0.007083,0.000139
12662,211.016667,0.009514,0.000208
12663,211.033333,0.005764,0.000139
12664,211.05,0.005833,0.000139
12665,211.066667,0.005625,0.000139
12666,211.083333,0.006458,0.000208
12667,211.1,0.001736,0.0
12668,211.116667,0.006458,0.000139
12669,211.133333,0.003611,0.000139
12670,211.15,0.003056,0.000139
12671,211.166667,6.9e-05,0.0
12672,211.183333,0.000139,0.0
12673,211.2,0.056528,0.000417
12674,211.216667,0.041458,6.9e-05
12675,211.233333,0.016875,6.9e-05
12676,211.25,0.011875,0.0
12677,211.266667,0.009097,0.0
12678,211.283333,0.007639,0.0
12679,211.3,0.020069,0.000347
12680,211.316667,0.009861,0.000208
12681,211.333333,0.003194,6.9e-05
12682,211.35,0.000417,0.0
12683,211.366667,0.000764,0.0
12684,211.383333,0.005,0.000208
12685,211.4,0.0,0.0
12686,211.416667,0.0,0.0
12687,211.433333,0.0,0.0
12688,211.45,6.9e-05,0.0
12689,211.466667,0.0,0.0
12690,211.483333,6.9e-05,0.0
12691,211.5,0.0,0.0
12692,211.516667,0.000278,0.0
12693,211.533333,0.001181,0.0
12694,211.55,0.003403,0.0
12695,211.566667,0.000139,0.0
12696,211.583333,6.9e-05,0.0
12697,211.6,0.0,0.0
12698,211.616667,0.000208,0.0
12699,211.633333,0.002361,0.0
12700,211.65,0.001042,0.0
12701,211.666667,0.001319,0.0
12702,211.683333,0.001667,0.0
12703,211.7,0.003056,0.000139
12704,211.716667,0.001528,0.0
12705,211.733333,0.006458,0.000139
12706,211.75,0.005208,0.000208
12707,211.766667,0.003264,6.9e-05
12708,211.783333,0.002639,0.000139
12709,211.8,0.001944,0.0
12710,211.816667,0.001944,0.0
12711,211.833333,0.0,0.0
12712,211.85,0.0,0.0
12713,211.866667,0.0,0.0
12714,211.883333,0.0,0.0
12715,211.9,0.0,0.0
12716,211.916667,0.000139,0.0
12717,211.933333,0.0,0.0
12718,211.95,0.0,0.0
12719,211.966667,0.0,0.0
12720,211.983333,0.002083,0.0
12721,212.0,0.005208,0.0
12722,212.016667,0.001597,0.0
12723,212.033333,0.003958,0.000139
12724,212.05,6.9e-05,0.0
12725,212.066667,0.0,0.0
12726,212.083333,0.0,0.0
12727,212.1,0.0,0.0
12728,212.116667,0.0,0.0
12729,212.133333,0.0,0.0
12730,212.15,0.0,0.0
12731,212.166667,0.0,0.0
12732,212.183333,0.0,0.0
12733,212.2,0.0,0.0
12734,212.216667,0.0,0.0
12735,212.233333,0.0,0.0
12736,212.25,0.0,0.0
12737,212.266667,0.0,0.0
12738,212.283333,0.0,0.0
12739,212.3,0.0,0.0
12740,212.316667,0.0,0.0
12741,212.333333,0.0,0.0
12742,212.35,0.0,0.0
12743,212.366667,0.0,0.0
12744,212.383333,0.0,0.0
12745,212.4,0.0,0.0
12746,212.416667,0.0,0.0
12747,212.433333,0.0,0.0
12748,212.45,0.0,0.0
12749,212.466667,0.0,0.0
12750,212.483333,0.000208,0.0
12751,212.5,0.017361,0.0
12752,212.516667,0.16,0.008056
12753,212.533333,0.381319,0.010208
12754,212.55,0.507847,0.013958
12755,212.566667,0.568681,0.026111
12756,212.583333,0.521806,0.02375
12757,212.6,0.479097,0.021181
12758,212.616667,0.97,0.025208
12759,212.633333,0.002986,0.0
12760,212.65,0.463889,0.021597
12761,212.666667,6.9e-05,0.0
12762,212.683333,70.485,0.561389
12763,212.7,0.674653,0.029028
12764,212.716667,0.002361,0.0
12765,212.733333,0.736319,0.014653
12766,212.75,0.013056,0.0
12767,212.766667,0.224861,0.006944
12768,212.783333,0.003611,0.0
12769,212.8,0.001458,0.0
12770,212.816667,0.007014,0.0
12771,212.833333,0.005764,0.0
12772,212.85,0.047292,0.000486
12773,212.866667,0.004514,0.0
12774,212.883333,0.015972,0.000417
12775,212.9,0.013403,0.000347
12776,212.916667,0.017917,0.000486
12777,212.933333,0.00875,0.000278
12778,212.95,8.203403,0.059375
12779,212.966667,0.003264,0.0
12780,212.983333,0.002708,0.0
12781,213.0,0.048681,0.000417
12782,213.016667,0.175139,0.000625
12783,213.033333,0.026181,0.000486
12784,213.05,0.030903,0.0
12785,213.066667,0.036111,0.000417
12786,213.083333,0.028819,0.000417
12787,213.1,0.033125,0.000417
12788,213.116667,0.031458,0.000556
12789,213.133333,0.029514,0.000556
12790,213.15,0.023125,0.000347
12791,213.166667,0.02,0.000486
12792,213.183333,0.024653,0.000556
12793,213.2,0.021597,0.000347
12794,213.216667,0.016111,0.000278
12795,213.233333,0.007431,0.000347
12796,213.25,0.003472,0.000139
12797,213.266667,0.008125,0.000208
12798,213.283333,0.000139,0.0
12799,213.3,0.000208,0.0
12800,213.316667,0.000556,0.0
12801,213.333333,0.000694,0.0
12802,213.35,0.001944,0.0
12803,213.366667,0.013958,0.0
12804,213.383333,0.016458,0.0
12805,213.4,0.017639,0.0
12806,213.416667,0.020417,0.0
12807,213.433333,0.0225,0.000278
12808,213.45,0.015208,0.000278
12809,213.466667,0.017431,0.0
12810,213.483333,0.030208,0.000208
12811,213.5,0.006458,0.0
12812,213.516667,0.018611,0.000208
12813,213.533333,0.011806,0.0
12814,213.55,0.007153,0.000139
12815,213.566667,0.001111,0.0
12816,213.583333,0.003403,6.9e-05
12817,213.6,0.000764,0.0
12818,213.616667,0.0,0.0
12819,213.633333,6.9e-05,0.0
12820,213.65,0.000417,0.0
12821,213.666667,0.000278,0.0
12822,213.683333,0.0,0.0
12823,213.7,6.9e-05,0.0
12824,213.716667,0.000139,0.0
12825,213.733333,0.001944,0.0
12826,213.75,0.000208,0.0
12827,213.766667,0.0,0.0
12828,213.783333,6.9e-05,0.0
12829,213.8,0.0,0.0
12830,213.816667,0.000833,0.0
12831,213.833333,0.000486,0.0
12832,213.85,6.9e-05,0.0
12833,213.866667,0.000139,0.0
12834,213.883333,0.000833,0.0
12835,213.9,0.000764,0.0
12836,213.916667,0.059792,0.001806
12837,213.933333,0.040903,0.00125
12838,213.95,0.036458,0.001319
12839,213.966667,0.048681,0.000972
12840,213.983333,0.046319,0.001042
12841,214.0,0.084653,0.000833
12842,214.016667,0.025208,0.000903
12843,214.033333,0.024097,0.000764
12844,214.05,0.150625,0.000417
12845,214.066667,0.060556,0.000278
12846,214.083333,0.151806,0.000625
12847,214.1,0.145347,0.000278
12848,214.116667,0.171319,0.000208
12849,214.133333,0.022083,0.000278
12850,214.15,0.019028,0.000208
12851,214.166667,0.013264,0.0
12852,214.183333,0.000972,0.0
12853,214.2,0.006736,0.000347
12854,214.216667,0.007708,0.000278
12855,214.233333,0.008472,0.000208
12856,214.25,0.009722,0.000278
12857,214.266667,0.009583,0.000278
12858,214.283333,0.008889,0.000278
12859,214.3,0.009583,0.000347
12860,214.316667,0.009931,0.000417
12861,214.333333,0.002083,0.0
12862,214.35,0.002431,0.0
12863,214.366667,0.0025,0.0
12864,214.383333,0.885139,0.019028
12865,214.4,0.786944,0.018056
12866,214.416667,1.294375,0.038056
12867,214.433333,1.580764,0.045278
12868,214.45,1.539861,0.035556
12869,214.466667,1.70375,0.046111
12870,214.483333,1.651042,0.045417
12871,214.5,1.492292,0.033542
12872,214.516667,1.529375,0.043958
12873,214.533333,1.376597,0.037361
12874,214.55,1.353819,0.03375
12875,214.566667,1.372083,0.0375
12876,214.583333,1.223681,0.025833
12877,214.6,1.257292,0.036875
12878,214.616667,1.314653,0.031319
12879,214.633333,1.888889,0.036736
12880,214.65,1.626181,0.027292
12881,214.666667,1.507708,0.029583
12882,214.683333,1.893472,0.034792
12883,214.7,1.597639,0.034236
12884,214.716667,1.538125,0.03375
12885,214.733333,1.356736,0.028472
12886,214.75,1.179792,0.029653
12887,214.766667,1.3475,0.030694
12888,214.783333,0.992917,0.024514
12889,214.8,0.974583,0.021875
12890,214.816667,0.971875,0.027361
12891,214.833333,0.751944,0.018611
12892,214.85,0.751458,0.018403
12893,214.866667,0.730764,0.02375
12894,214.883333,0.491458,0.009792
12895,214.9,0.771528,0.018819
12896,214.916667,0.509653,0.005
12897,214.933333,0.491389,0.004444
12898,214.95,0.308472,6.9e-05
12899,214.966667,0.026042,0.0
12900,214.983333,0.823958,0.019097
12901,215.0,0.324722,0.000208
12902,215.016667,0.3,0.000278
12903,215.033333,0.329444,0.000278
12904,215.05,0.263819,0.0
12905,215.066667,0.079236,0.0
12906,215.083333,0.221597,0.000486
12907,215.1,0.284097,0.0
12908,215.116667,0.300903,0.000139
12909,215.133333,0.243125,0.0
12910,215.15,0.042778,0.0
12911,215.166667,0.071944,0.0
12912,215.183333,0.244722,0.000208
12913,215.2,0.259514,0.0
12914,215.216667,0.053194,0.0
12915,215.233333,0.059028,0.0
12916,215.25,0.262431,0.0
12917,215.266667,0.003333,0.0
12918,215.283333,0.003333,0.0
12919,215.3,0.003194,0.0
12920,215.316667,0.003056,0.0
12921,215.333333,0.273125,0.0
12922,215.35,0.040694,0.0
12923,215.366667,0.013403,0.0
12924,215.383333,0.012292,0.0
12925,215.4,0.001667,0.0
12926,215.416667,0.000556,0.0
12927,215.433333,0.000694,0.0
12928,215.45,0.001528,0.0
12929,215.466667,0.001181,0.0
12930,215.483333,0.017778,0.0
12931,215.5,0.048819,0.0
12932,215.516667,0.260833,0.0
12933,215.533333,0.000139,0.0
12934,215.55,0.0,0.0
12935,215.566667,0.000764,0.0
12936,215.583333,0.001389,0.0
12937,215.6,0.0,0.0
12938,215.616667,0.000625,0.0
12939,215.633333,0.000694,0.0
12940,215.65,0.002639,0.0
12941,215.666667,0.0,0.0
12942,215.683333,0.005833,0.000208
12943,215.7,0.005139,0.000139
12944,215.716667,0.005,6.9e-05
12945,215.733333,0.004097,6.9e-05
12946,215.75,0.006458,6.9e-05
12947,215.766667,0.001181,0.0
12948,215.783333,0.001597,0.0
12949,215.8,0.001458,0.0
12950,215.816667,0.0,0.0
12951,215.833333,0.002431,0.0
12952,215.85,0.001528,0.0
12953,215.866667,0.0,0.0
12954,215.883333,0.0,0.0
12955,215.9,0.001528,0.0
12956,215.916667,0.0,0.0
12957,215.933333,0.007014,0.000208
12958,215.95,0.011042,0.000347
12959,215.966667,0.007847,0.000208
12960,215.983333,0.011181,0.000347
12961,216.0,0.055694,0.000347
12962,216.016667,0.0075,0.000208
12963,216.033333,0.005,0.000208
12964,216.05,0.003819,0.000139
12965,216.066667,0.000625,0.0
12966,216.083333,0.000972,0.0
12967,216.1,0.0,0.0
12968,216.116667,0.000278,0.0
12969,216.133333,2.426597,0.047014
12970,216.15,2.224514,0.049583
12971,216.166667,1.690833,0.039792
12972,216.183333,3.24,0.068194
12973,216.2,0.010625,0.000208
12974,216.216667,4.334444,0.084722
12975,216.233333,0.016806,0.000139
12976,216.25,2.725833,0.061042
12977,216.266667,2.931458,0.060764
12978,216.283333,2.379931,0.054028
12979,216.3,1.379931,0.028333
12980,216.316667,1.416597,0.033125
12981,216.333333,1.100903,0.020833
12982,216.35,1.101319,0.023056
12983,216.366667,0.987153,0.018958
12984,216.383333,0.847986,0.014583
12985,216.4,0.782153,0.010139
12986,216.416667,0.728264,0.009097
12987,216.433333,0.749653,0.013958
12988,216.45,0.684306,0.006736
12989,216.466667,0.010417,0.000278
12990,216.483333,0.001944,0.0
12991,216.5,0.910764,0.019722
12992,216.516667,0.004861,0.0
12993,216.533333,0.008889,6.9e-05
12994,216.55,1.098403,0.018472
12995,216.566667,0.284097,0.002292
12996,216.583333,0.380347,0.002431
12997,216.6,0.319583,0.001736
12998,216.616667,0.193958,0.001042
12999,216.633333,0.305278,0.001736
13000,216.65,0.185278,0.000903
13001,216.666667,0.012639,0.0
13002,216.683333,0.394097,0.002222
13003,216.7,0.214028,0.001181
13004,216.716667,0.120139,6.9e-05
13005,216.733333,0.199931,0.001181
13006,216.75,0.096111,6.9e-05
13007,216.766667,0.099792,0.0
13008,216.783333,0.115069,0.000278
13009,216.8,0.124861,6.9e-05
13010,216.816667,0.111458,6.9e-05
13011,216.833333,0.105903,0.000139
13012,216.85,0.022431,0.0
13013,216.866667,0.112778,0.000208
13014,216.883333,0.114306,0.000208
13015,216.9,0.019375,0.000139
13016,216.916667,0.102917,0.000139
13017,216.933333,0.021111,0.000139
13018,216.95,0.100625,0.000139
13019,216.966667,0.024653,0.000139
13020,216.983333,0.100208,0.0
13021,217.0,0.033125,0.0
13022,217.016667,0.002639,0.0
13023,217.033333,0.003056,0.0
13024,217.05,0.016042,0.0
13025,217.066667,0.110694,0.0
13026,217.083333,0.007917,0.0
13027,217.1,0.010486,0.0
13028,217.116667,0.003542,0.0
13029,217.133333,0.008194,0.000139
13030,217.15,0.005486,0.0
13031,217.166667,0.002292,0.0
13032,217.183333,0.128542,0.000278
13033,217.2,0.019653,0.000208
13034,217.216667,0.019722,0.000278
13035,217.233333,0.017431,0.000139
13036,217.25,0.114167,0.000208
13037,217.266667,0.00375,0.0
13038,217.283333,0.003056,0.0
13039,217.3,0.002361,0.0
13040,217.316667,0.00125,0.0
13041,217.333333,0.001597,0.0
13042,217.35,0.002014,0.0
13043,217.366667,0.005208,0.000139
13044,217.383333,0.003611,0.0
13045,217.4,0.004375,6.9e-05
13046,217.416667,0.003958,0.0
13047,217.433333,0.003194,0.0
13048,217.45,0.001042,0.0
13049,217.466667,0.000764,0.0
13050,217.483333,0.000764,0.0
13051,217.5,0.001806,0.0
13052,217.516667,0.000556,0.0
13053,217.533333,0.000278,0.0
13054,217.55,0.0,0.0
13055,217.566667,0.0,0.0
13056,217.583333,0.0,0.0
13057,217.6,0.000208,0.0
13058,217.616667,0.000347,0.0
13059,217.633333,0.000139,0.0
13060,217.65,0.000139,0.0
13061,217.666667,0.000347,0.0
13062,217.683333,0.000278,0.0
13063,217.7,0.000208,0.0
13064,217.716667,0.000139,0.0
13065,217.733333,6.9e-05,0.0
13066,217.75,0.000208,0.0
13067,217.766667,0.000208,0.0
13068,217.783333,0.0025,0.000139
13069,217.8,0.0,0.0
13070,217.816667,0.000208,0.0
13071,217.833333,6.9e-05,0.0
13072,217.85,0.000278,0.0
13073,217.866667,0.001111,0.0
13074,217.883333,0.002847,0.0
13075,217.9,2.034653,0.062639
13076,217.916667,2.106944,0.061042
13077,217.933333,2.189931,0.067569
13078,217.95,2.297292,0.072431
13079,217.966667,2.131458,0.072222
13080,217.983333,2.203819,0.069236
13081,218.0,2.335139,0.077292
13082,218.016667,2.238611,0.07375
13083,218.033333,2.883889,0.104722
13084,218.05,2.779514,0.104514
13085,218.066667,4.697917,0.112917
13086,218.083333,5.001528,0.123264
13087,218.1,5.348889,0.127083
13088,218.116667,5.453472,0.126597
13089,218.133333,5.695417,0.132639
13090,218.15,5.610972,0.132361
13091,218.166667,0.134861,0.0
13092,218.183333,9.566597,0.196667
13093,218.2,6.047708,0.125347
13094,218.216667,6.879028,0.145972
13095,218.233333,6.276944,0.134583
13096,218.25,6.609375,0.14125
13097,218.266667,7.045139,0.147431
13098,218.283333,7.364097,0.162708
13099,218.3,6.985556,0.159236
13100,218.316667,7.070069,0.159167
13101,218.333333,7.109653,0.161181
13102,218.35,7.430903,0.169167
13103,218.366667,0.069444,0.0
13104,218.383333,12.249375,0.252778
13105,218.4,7.150972,0.161111
13106,218.416667,6.807986,0.151458
13107,218.433333,6.792569,0.155208
13108,218.45,6.378194,0.145139
13109,218.466667,6.057847,0.136181
13110,218.483333,6.382014,0.141389
13111,218.5,5.930417,0.133472
13112,218.516667,5.415556,0.124861
13113,218.533333,5.879097,0.131597
13114,218.55,4.889375,0.114583
13115,218.566667,5.502431,0.124514
13116,218.583333,4.969306,0.115972
13117,218.6,5.000139,0.118403
13118,218.616667,4.478889,0.109583
13119,218.633333,5.028611,0.121111
13120,218.65,4.009375,0.096389
13121,218.666667,3.890208,0.096042
13122,218.683333,3.816319,0.092917
13123,218.7,6.976875,0.146319
13124,218.716667,0.082986,0.0
13125,218.733333,3.301667,0.082639
13126,218.75,3.278542,0.080556
13127,218.766667,3.291181,0.080069
13128,218.783333,3.333681,0.084306
13129,218.8,3.225833,0.076667
13130,218.816667,2.776667,0.071389
13131,218.833333,2.791597,0.067569
13132,218.85,2.869167,0.075625
13133,218.866667,2.255764,0.056458
13134,218.883333,1.475208,0.015
13135,218.9,0.027222,0.0
13136,218.916667,0.030208,0.0
13137,218.933333,0.012222,0.0
13138,218.95,0.003264,0.0
13139,218.966667,106.811042,0.783056
13140,218.983333,0.123125,0.004236
13141,219.0,0.042014,0.000764
13142,219.016667,0.021319,0.000764
13143,219.033333,0.019444,0.000833
13144,219.05,0.016458,0.000625
13145,219.066667,0.012569,0.000417
13146,219.083333,0.007778,0.0
13147,219.1,0.002222,0.0
13148,219.116667,0.000556,0.0
13149,219.133333,0.0,0.0
13150,219.15,0.001042,0.0
13151,219.166667,0.000556,0.0
13152,219.183333,6.9e-05,0.0
13153,219.2,0.001181,0.0
13154,219.216667,0.001806,0.0
13155,219.233333,0.001319,0.0
13156,219.25,0.000139,0.0
13157,219.266667,0.000486,0.0
13158,219.283333,0.00125,0.0
13159,219.3,0.01875,0.000556
13160,219.316667,0.018333,0.000556
13161,219.333333,0.018472,0.000556
13162,219.35,0.018472,0.000486
13163,219.366667,0.017847,0.000486
13164,219.383333,0.017708,0.000417
13165,219.4,0.011806,0.000208
13166,219.416667,0.012361,0.000347
13167,219.433333,0.011111,0.000278
13168,219.45,0.014653,0.000417
13169,219.466667,0.013819,0.000417
13170,219.483333,0.015625,0.000278
13171,219.5,0.018958,0.000486
13172,219.516667,0.016042,0.000347
13173,219.533333,0.016875,0.000347
13174,219.55,0.011875,0.000278
13175,219.566667,0.018542,0.000486
13176,219.583333,0.017569,0.000486
13177,219.6,0.017153,0.000486
13178,219.616667,0.017847,0.000417
13179,219.633333,0.016042,0.000278
13180,219.65,0.0,0.0
13181,219.666667,0.019306,0.000417
13182,219.683333,0.009931,0.000208
13183,219.7,0.006944,0.000278
13184,219.716667,0.00375,6.9e-05
13185,219.733333,0.005625,0.000139
13186,219.75,0.006944,0.000278
13187,219.766667,0.009375,0.000347
13188,219.783333,0.007917,0.000278
13189,219.8,0.005347,0.000139
13190,219.816667,0.003958,0.000139
13191,219.833333,0.002292,0.0
13192,219.85,0.003958,0.000139
13193,219.866667,0.004097,0.000208
13194,219.883333,0.057569,0.001875
13195,219.9,0.008333,0.000278
13196,219.916667,0.005278,0.000208
13197,219.933333,0.008958,0.000278
13198,219.95,0.008403,0.000208
13199,219.966667,0.004375,0.000139
13200,219.983333,0.000347,0.0
13201,220.0,0.019861,0.000208
13202,220.016667,0.000417,0.0
13203,220.033333,6.9e-05,0.0
13204,220.05,0.0,0.0
13205,220.066667,0.0,0.0
13206,220.083333,149.623681,0.821667
13207,220.1,0.007569,0.0
13208,220.116667,0.223403,0.0
13209,220.133333,0.171667,0.003472
13210,220.15,0.019653,0.0
13211,220.166667,0.280764,0.0
13212,220.183333,0.047014,0.0
13213,220.2,0.075764,0.000278
13214,220.216667,0.314792,0.000347
13215,220.233333,0.071181,0.000347
13216,220.25,0.766458,0.005764
13217,220.266667,0.62375,0.007708
13218,220.283333,1.360486,0.012153
13219,220.3,1.462917,0.014097
13220,220.316667,2.670556,0.018333
13221,220.333333,2.379722,0.018403
13222,220.35,1.666181,0.012083
13223,220.366667,0.015903,0.0
13224,220.383333,0.020347,0.0
13225,220.4,1.116042,0.009375
13226,220.416667,0.932986,0.005556
13227,220.433333,0.050139,0.000139
13228,220.45,0.037153,0.0
13229,220.466667,0.019722,0.0
13230,220.483333,0.023403,0.0
13231,220.5,0.328194,0.000278
13232,220.516667,0.109861,0.000347
13233,220.533333,0.012153,0.0
13234,220.55,0.029653,0.000208
13235,220.566667,0.403958,0.000833
13236,220.583333,0.033542,0.000347
13237,220.6,0.043333,0.000139
13238,220.616667,0.043264,0.000139
13239,220.633333,0.030764,0.000208
13240,220.65,0.004653,0.0
13241,220.666667,0.004861,0.0
13242,220.683333,0.003472,0.0
13243,220.7,0.284514,0.000417
13244,220.716667,0.046458,0.0
13245,220.733333,0.011806,6.9e-05
13246,220.75,0.014444,0.000139
13247,220.766667,0.018333,0.000208
13248,220.783333,0.012153,0.000208
13249,220.8,0.015694,0.0
13250,220.816667,0.011181,0.0
13251,220.833333,0.01625,0.0
13252,220.85,0.004722,0.0
13253,220.866667,0.005069,0.0
13254,220.883333,0.004444,0.0
13255,220.9,0.003958,0.0
13256,220.916667,0.003264,0.0
13257,220.933333,0.001806,0.0
13258,220.95,0.002639,0.0
13259,220.966667,0.001736,0.0
13260,220.983333,0.003056,0.0
13261,221.0,0.031597,0.0
13262,221.016667,0.001458,0.0
13263,221.033333,0.002778,0.0
13264,221.05,0.001875,0.0
13265,221.066667,0.000972,0.0
13266,221.083333,0.001181,0.0
13267,221.1,0.001528,0.0
13268,221.116667,0.002014,0.0
13269,221.133333,0.001806,0.0
13270,221.15,0.001111,0.0
13271,221.166667,0.001042,0.0
13272,221.183333,0.004167,0.0
13273,221.2,0.002431,0.0
13274,221.216667,0.009514,0.000347
13275,221.233333,0.003125,6.9e-05
13276,221.25,0.006319,0.0
13277,221.266667,0.007431,0.0
13278,221.283333,0.005278,0.0
13279,221.3,0.021597,0.000139
13280,221.316667,0.001806,0.0
13281,221.333333,0.001181,0.0
13282,221.35,0.149861,0.0
13283,221.366667,0.003958,0.0
13284,221.383333,0.001944,0.0
13285,221.4,0.001528,0.0
13286,221.416667,0.001389,0.0
13287,221.433333,0.001181,0.0
13288,221.45,0.001319,0.0
13289,221.466667,0.0,0.0
13290,221.483333,71.519653,0.531528
13291,221.5,0.001597,0.0
13292,221.516667,0.002778,0.0
13293,221.533333,0.002292,0.0
13294,221.55,0.002917,0.0
13295,221.566667,0.000139,0.0
13296,221.583333,0.000208,0.0
13297,221.6,0.0,0.0
13298,221.616667,0.000417,0.0
13299,221.633333,0.001389,0.0
13300,221.65,0.000208,0.0
13301,221.666667,0.0,0.0
13302,221.683333,0.002014,0.0
13303,221.7,0.001875,0.0
13304,221.716667,0.001458,0.0
13305,221.733333,0.000139,0.0
13306,221.75,0.000417,0.0
13307,221.766667,0.0,0.0
13308,221.783333,0.005486,6.9e-05
13309,221.8,0.003403,0.0
13310,221.816667,0.002153,0.0
13311,221.833333,0.003333,0.0
13312,221.85,0.0,0.0
13313,221.866667,0.005556,0.000139
13314,221.883333,0.003194,0.000139
13315,221.9,0.007431,0.000139
13316,221.916667,0.007778,0.000278
13317,221.933333,0.007847,0.000139
13318,221.95,0.003056,6.9e-05
13319,221.966667,0.013333,0.000278
13320,221.983333,0.013333,0.000347
13321,222.0,0.092986,0.000347
13322,222.016667,0.005069,0.000139
13323,222.033333,0.093403,0.001181
13324,222.05,0.006042,0.0
13325,222.066667,0.007569,0.0
13326,222.083333,0.019306,0.000486
13327,222.1,0.008194,0.000139
13328,222.116667,0.008333,0.000208
13329,222.133333,0.006181,0.000139
13330,222.15,0.002222,0.0
13331,222.166667,0.000347,0.0
13332,222.183333,0.009514,0.000278
13333,222.2,6.9e-05,0.0
13334,222.216667,0.000278,0.0
13335,222.233333,0.001319,0.0
13336,222.25,0.001528,0.0
13337,222.266667,0.00125,0.0
13338,222.283333,0.001181,0.0
13339,222.3,0.001597,0.0
13340,222.316667,0.004514,0.0
13341,222.333333,0.002292,0.0
13342,222.35,1.230625,0.014583
13343,222.366667,5.862431,0.146528
13344,222.383333,0.012847,0.0
13345,222.4,7.864028,0.19375
13346,222.416667,11.023125,0.251111
13347,222.433333,14.655278,0.303264
13348,222.45,19.159931,0.315625
13349,222.466667,0.047222,0.0
13350,222.483333,0.130625,0.0
13351,222.5,14.050694,0.295625
13352,222.516667,15.173333,0.308542
13353,222.533333,26.170903,0.398681
13354,222.55,11.890486,0.192014
13355,222.566667,14.717222,0.279375
13356,222.583333,14.104028,0.277431
13357,222.6,12.772569,0.261528
13358,222.616667,11.493889,0.240208
13359,222.633333,9.786806,0.205694
13360,222.65,0.049306,0.0
13361,222.666667,11.291875,0.233333
13362,222.683333,4.336944,0.117569
13363,222.7,2.251042,0.059583
13364,222.716667,0.944583,0.024792
13365,222.733333,1.120556,0.028611
13366,222.75,0.066944,0.0
13367,222.766667,0.057222,0.0
13368,222.783333,0.050208,0.0
13369,222.8,0.037153,0.0
13370,222.816667,0.033611,0.0
13371,222.833333,0.020347,0.0
13372,222.85,0.009236,0.0
13373,222.866667,0.013056,0.0
13374,222.883333,0.005556,0.0
13375,222.9,0.002569,0.0
13376,222.916667,0.003889,0.0
13377,222.933333,0.001458,0.0
13378,222.95,0.000486,0.0
13379,222.966667,0.000347,0.0
13380,222.983333,0.000833,0.0
13381,223.0,0.688542,0.003403
13382,223.016667,3.557778,0.096667
13383,223.033333,4.462569,0.119861
13384,223.05,6.600486,0.152639
13385,223.066667,7.054514,0.167917
13386,223.083333,7.200972,0.168403
13387,223.1,7.114514,0.159167
13388,223.116667,6.661181,0.163542
13389,223.133333,5.246458,0.149167
13390,223.15,5.142917,0.129722
13391,223.166667,5.244583,0.133125
13392,223.183333,5.183611,0.129236
13393,223.2,5.333125,0.134792
13394,223.216667,4.984931,0.125694
13395,223.233333,5.014444,0.127847
13396,223.25,4.392778,0.114028
13397,223.266667,3.314375,0.107708
13398,223.283333,2.405764,0.074167
13399,223.3,1.530069,0.043958
13400,223.316667,0.584375,0.000694
13401,223.333333,0.019583,0.0
13402,223.35,0.040972,0.0
13403,223.366667,0.039792,0.000208
13404,223.383333,0.034722,0.000347
13405,223.4,0.030764,0.000278
13406,223.416667,0.025625,0.000278
13407,223.433333,0.020347,0.000347
13408,223.45,0.009167,0.0
13409,223.466667,0.002639,0.0
13410,223.483333,0.008472,0.000139
13411,223.5,0.007222,0.000208
13412,223.516667,0.008194,0.000278
13413,223.533333,0.00625,0.000139
13414,223.55,0.00625,0.000208
13415,223.566667,0.011458,0.000417
13416,223.583333,0.012153,0.000417
13417,223.6,0.010278,0.000347
13418,223.616667,0.009167,0.000278
13419,223.633333,0.009792,0.000347
13420,223.65,0.008125,0.000208
13421,223.666667,0.006667,0.000208
13422,223.683333,0.005347,0.000208
13423,223.7,0.004722,6.9e-05
13424,223.716667,0.004931,0.000139
13425,223.733333,0.002222,0.0
13426,223.75,0.002014,0.0
13427,223.766667,0.000903,0.0
13428,223.783333,0.006944,0.000278
13429,223.8,0.002986,0.0
13430,223.816667,0.002222,0.0
13431,223.833333,0.001389,0.0
13432,223.85,0.000694,0.0
13433,223.866667,0.002708,0.0
13434,223.883333,0.000347,0.0
13435,223.9,0.000833,0.0
13436,223.916667,0.002083,0.0
13437,223.933333,0.004306,6.9e-05
13438,223.95,0.004167,6.9e-05
13439,223.966667,0.005,6.9e-05
13440,223.983333,0.005347,6.9e-05
13441,224.0,0.049514,6.9e-05
13442,224.016667,0.009653,0.000139
13443,224.033333,0.007431,0.000139
13444,224.05,0.008472,0.000139
13445,224.066667,0.029236,0.000208
13446,224.083333,0.524514,0.002431
13447,224.1,2.438333,0.075694
13448,224.116667,3.441389,0.102153
13449,224.133333,5.128611,0.129931
13450,224.15,5.886389,0.138889
13451,224.166667,6.299931,0.14125
13452,224.183333,6.427778,0.150833
13453,224.2,6.637708,0.155417
13454,224.216667,7.120208,0.156389
13455,224.233333,6.881389,0.152431
13456,224.25,0.024861,0.0
13457,224.266667,0.028125,0.0
13458,224.283333,6.847153,0.153611
13459,224.3,2.512083,0.085347
13460,224.316667,0.019583,6.9e-05
13461,224.333333,0.030694,6.9e-05
13462,224.35,0.025903,6.9e-05
13463,224.366667,0.019514,0.000139
13464,224.383333,0.013889,0.000139
13465,224.4,0.015069,0.000278
13466,224.416667,0.008681,0.000278
13467,224.433333,0.008264,0.000278
13468,224.45,0.007222,0.000139
13469,224.466667,0.005694,6.9e-05
13470,224.483333,0.001458,0.0
13471,224.5,0.002292,0.0
13472,224.516667,0.003889,6.9e-05
13473,224.533333,0.003333,0.0
13474,224.55,0.002986,6.9e-05
13475,224.566667,0.002986,0.0
13476,224.583333,0.006806,0.000278
13477,224.6,0.008889,0.000347
13478,224.616667,0.010208,0.000417
13479,224.633333,0.010208,0.000417
13480,224.65,0.010625,0.000278
13481,224.666667,0.010556,0.000347
13482,224.683333,0.009861,0.000417
13483,224.7,0.008681,0.000278
13484,224.716667,0.00625,0.000139
13485,224.733333,0.004167,0.0
13486,224.75,0.002431,0.0
13487,224.766667,0.00375,6.9e-05
13488,224.783333,0.0025,0.0
13489,224.8,0.004722,6.9e-05
13490,224.816667,0.002222,6.9e-05
13491,224.833333,0.008889,0.000208
13492,224.85,0.000417,0.0
13493,224.866667,0.008403,0.000208
13494,224.883333,0.002153,0.0
13495,224.9,0.000764,0.0
13496,224.916667,0.000347,0.0
13497,224.933333,0.000694,0.0
13498,224.95,0.0,0.0
13499,224.966667,0.0,0.0
13500,224.983333,6.9e-05,0.0
13501,225.0,0.042778,0.0
13502,225.016667,0.002014,0.0
13503,225.033333,0.000764,0.0
13504,225.05,0.000139,0.0
13505,225.066667,0.000139,0.0
13506,225.083333,0.0,0.0
13507,225.1,0.0,0.0
13508,225.116667,0.0,0.0
13509,225.133333,0.0,0.0
13510,225.15,0.0,0.0
13511,225.166667,0.0,0.0
13512,225.183333,0.0,0.0
13513,225.2,0.0,0.0
13514,225.216667,0.0,0.0
13515,225.233333,0.0,0.0
13516,225.25,0.0,0.0
13517,225.266667,0.0,0.0
13518,225.283333,0.0,0.0
13519,225.3,0.0,0.0
13520,225.316667,0.0,0.0
13521,225.333333,0.0,0.0
13522,225.35,0.0,0.0
13523,225.366667,0.0,0.0
13524,225.383333,0.0,0.0
13525,225.4,0.009514,0.000278
13526,225.416667,0.0075,0.000139
13527,225.433333,0.008403,6.9e-05
13528,225.45,0.006736,0.000208
13529,225.466667,0.003194,0.0
13530,225.483333,0.001875,0.0
13531,225.5,0.0,0.0
13532,225.516667,0.153333,0.0
13533,225.533333,0.582222,0.003056
13534,225.55,2.440417,0.077847
13535,225.566667,3.477083,0.108542
13536,225.583333,4.702986,0.123681
13537,225.6,6.078681,0.164514
13538,225.616667,6.373889,0.153819
13539,225.633333,6.600347,0.156181
13540,225.65,7.028333,0.158958
13541,225.666667,7.094583,0.154722
13542,225.683333,6.527431,0.153611
13543,225.7,5.972153,0.144097
13544,225.716667,5.616111,0.140833
13545,225.733333,4.179931,0.121736
13546,225.75,2.5575,0.089861
13547,225.766667,0.036528,0.0
13548,225.783333,0.552292,0.002708
13549,225.8,2.426111,0.076736
13550,225.816667,3.510278,0.111319
13551,225.833333,4.6075,0.124722
13552,225.85,5.408264,0.140625
13553,225.866667,5.560347,0.145694
13554,225.883333,5.815903,0.139792
13555,225.9,5.146944,0.137222
13556,225.916667,4.605556,0.133194
13557,225.933333,3.896736,0.118611
13558,225.95,2.117778,0.073264
13559,225.966667,0.560139,0.001667
13560,225.983333,0.018403,0.0
13561,226.0,0.095903,0.0
13562,226.016667,0.011319,0.0
13563,226.033333,0.020556,0.0
13564,226.05,0.018333,0.0
13565,226.066667,0.021806,0.0
13566,226.083333,0.027014,0.0
13567,226.1,0.020903,0.0
13568,226.116667,0.013056,0.0
13569,226.133333,0.009167,0.0
13570,226.15,0.007708,0.0
13571,226.166667,0.001944,0.0
13572,226.183333,0.544167,0.002153
13573,226.2,2.519028,0.081181
13574,226.216667,3.556806,0.111806
13575,226.233333,4.642569,0.121875
13576,226.25,5.327569,0.140139
13577,226.266667,5.488472,0.139097
13578,226.283333,5.900625,0.150764
13579,226.3,5.967361,0.145625
13580,226.316667,6.0575,0.146944
13581,226.333333,6.2725,0.151597
13582,226.35,6.183958,0.147917
13583,226.366667,6.062292,0.152083
13584,226.383333,5.587014,0.144097
13585,226.4,4.282083,0.1175
13586,226.416667,2.552222,0.085625
13587,226.433333,1.112431,0.020903
13588,226.45,0.015833,0.0
13589,226.466667,0.027431,0.0
13590,226.483333,0.022153,0.0
13591,226.5,0.026111,0.0
13592,226.516667,0.005833,0.0
13593,226.533333,0.005625,0.0
13594,226.55,0.003819,0.0
13595,226.566667,0.002708,0.0
13596,226.583333,0.001042,0.0
13597,226.6,0.000833,0.0
13598,226.616667,0.000556,0.0
13599,226.633333,0.000278,0.0
13600,226.65,0.032569,0.0
13601,226.666667,0.067639,0.0
13602,226.683333,0.566597,0.0025
13603,226.7,2.531181,0.080556
13604,226.716667,3.894236,0.116528
13605,226.733333,5.004792,0.126736
13606,226.75,5.912431,0.146319
13607,226.766667,6.270972,0.150764
13608,226.783333,6.372708,0.157361
13609,226.8,6.592847,0.152569
13610,226.816667,7.378333,0.157083
13611,226.833333,7.922222,0.162708
13612,226.85,7.505,0.168819
13613,226.866667,7.781528,0.167917
13614,226.883333,7.53875,0.163333
13615,226.9,7.602986,0.164653
13616,226.916667,6.618611,0.156944
13617,226.933333,5.831875,0.143542
13618,226.95,5.082292,0.138889
13619,226.966667,3.641181,0.110486
13620,226.983333,1.532014,0.048889
13621,227.0,0.14125,0.0
13622,227.016667,0.005417,0.0
13623,227.033333,0.031944,0.000139
13624,227.05,0.028125,0.0
13625,227.066667,0.039167,0.0
13626,227.083333,0.040208,0.0
13627,227.1,0.033889,0.0
13628,227.116667,0.029583,0.0
13629,227.133333,0.029097,0.0
13630,227.15,0.020069,0.0
13631,227.166667,0.038056,0.0
13632,227.183333,1.045694,0.016597
13633,227.2,2.450764,0.081528
13634,227.216667,3.734236,0.110278
13635,227.233333,5.324028,0.146458
13636,227.25,5.776806,0.136736
13637,227.266667,5.969375,0.133542
13638,227.283333,6.261111,0.154514
13639,227.3,6.506528,0.16
13640,227.316667,6.674653,0.153542
13641,227.333333,6.747431,0.155486
13642,227.35,6.76125,0.152778
13643,227.366667,6.269236,0.143264
13644,227.383333,6.09625,0.148333
13645,227.4,6.003056,0.152569
13646,227.416667,6.066806,0.153542
13647,227.433333,6.235764,0.161319
13648,227.45,5.937847,0.147153
13649,227.466667,5.645139,0.140486
13650,227.483333,5.182778,0.133056
13651,227.5,4.615833,0.130556
13652,227.516667,3.355417,0.106597
13653,227.533333,2.512014,0.084167
13654,227.55,1.062361,0.020417
13655,227.566667,1.093125,0.020069
13656,227.583333,0.012153,0.0
13657,227.6,0.033333,0.0
13658,227.616667,0.034444,0.0
13659,227.633333,0.026736,0.0
13660,227.65,0.024375,0.0
13661,227.666667,0.048403,0.0
13662,227.683333,0.600278,0.002222
13663,227.7,2.510139,0.083958
13664,227.716667,0.029236,0.0
13665,227.733333,3.464861,0.113194
13666,227.75,4.474236,0.121389
13667,227.766667,5.479306,0.145903
13668,227.783333,5.647361,0.142222
13669,227.8,6.227917,0.151042
13670,227.816667,6.503889,0.150208
13671,227.833333,6.571458,0.160069
13672,227.85,6.570278,0.159375
13673,227.866667,7.001389,0.163542
13674,227.883333,7.073264,0.161389
13675,227.9,6.773194,0.145833
13676,227.916667,6.440972,0.153611
13677,227.933333,6.131389,0.141389
13678,227.95,6.092986,0.144306
13679,227.966667,6.165139,0.151944
13680,227.983333,6.106528,0.160347
13681,228.0,5.579028,0.142917
13682,228.016667,4.727292,0.131458
13683,228.033333,3.558958,0.115972
13684,228.05,2.617917,0.085347
13685,228.066667,1.101528,0.021458
13686,228.083333,0.590417,0.000694
13687,228.1,0.026875,0.0
13688,228.116667,0.031736,0.0
13689,228.133333,0.036875,0.0
13690,228.15,0.029792,0.0
13691,228.166667,0.041667,0.0
13692,228.183333,0.026736,0.0
13693,228.2,1.140347,0.021042
13694,228.216667,2.635,0.085833
13695,228.233333,4.718056,0.12875
13696,228.25,5.604028,0.150694
13697,228.266667,6.107708,0.147222
13698,228.283333,6.23375,0.143333
13699,228.3,6.179028,0.144514
13700,228.316667,6.068958,0.143958
13701,228.333333,6.217431,0.143958
13702,228.35,6.329653,0.159306
13703,228.366667,6.408611,0.159861
13704,228.383333,6.385417,0.155347
13705,228.4,6.428681,0.153333
13706,228.416667,6.429028,0.154722
13707,228.433333,6.198056,0.148611
13708,228.45,4.986597,0.1275
13709,228.466667,4.007708,0.117083
13710,228.483333,2.087639,0.067153
13711,228.5,0.628194,0.000833
13712,228.516667,0.023125,0.0
13713,228.533333,0.048819,0.0
13714,228.55,0.021181,0.0
13715,228.566667,0.030347,0.0
13716,228.583333,0.026042,0.0
13717,228.6,0.0125,0.0
13718,228.616667,0.009306,0.0
13719,228.633333,0.004444,0.0
13720,228.65,0.003194,0.0
13721,228.666667,0.608264,0.001944
13722,228.683333,2.646389,0.089097
13723,228.7,3.479167,0.112222
13724,228.716667,4.53125,0.126319
13725,228.733333,5.404722,0.138403
13726,228.75,5.770208,0.152569
13727,228.766667,5.934792,0.142778
13728,228.783333,6.276389,0.141875
13729,228.8,6.480764,0.148333
13730,228.816667,6.405903,0.158125
13731,228.833333,6.189514,0.153125
13732,228.85,6.400972,0.156458
13733,228.866667,6.498056,0.15375
13734,228.883333,6.610069,0.159653
13735,228.9,6.532917,0.16125
13736,228.916667,6.623681,0.162083
13737,228.933333,5.879097,0.140833
13738,228.95,4.933403,0.128542
13739,228.966667,3.879931,0.116181
13740,228.983333,1.929306,0.062847
13741,229.0,0.609514,0.000556
13742,229.016667,0.002708,0.0
13743,229.033333,0.008681,0.0
13744,229.05,0.035903,0.0
13745,229.066667,0.021875,0.0
13746,229.083333,0.026319,0.0
13747,229.1,0.018889,0.0
13748,229.116667,0.013403,0.0
13749,229.133333,0.012222,0.0
13750,229.15,0.006389,0.0
13751,229.166667,0.001389,0.0
13752,229.183333,0.550208,0.001875
13753,229.2,4.777431,0.123056
13754,229.216667,4.350139,0.115278
13755,229.233333,5.242569,0.134167
13756,229.25,5.616111,0.141667
13757,229.266667,5.95,0.154514
13758,229.283333,6.126458,0.150278
13759,229.3,6.388958,0.152569
13760,229.316667,6.782986,0.151875
13761,229.333333,7.182083,0.164306
13762,229.35,7.419722,0.167778
13763,229.366667,7.517986,0.161806
13764,229.383333,7.342431,0.161042
13765,229.4,6.863264,0.154375
13766,229.416667,6.501944,0.160625
13767,229.433333,5.747639,0.149931
13768,229.45,3.418542,0.111597
13769,229.466667,0.022361,0.0
13770,229.483333,0.049583,0.0
13771,229.5,0.036528,0.0
13772,229.516667,0.037639,0.0
13773,229.533333,0.031736,0.0
13774,229.55,0.024306,0.0
13775,229.566667,0.024722,0.0
13776,229.583333,0.015833,0.0
13777,229.6,0.009444,0.0
13778,229.616667,0.008264,0.0
13779,229.633333,0.003403,0.0
13780,229.65,0.000486,0.0
13781,229.666667,6.9e-05,0.0
13782,229.683333,0.145972,0.0
13783,229.7,0.005278,0.0
13784,229.716667,0.002014,0.0
13785,229.733333,0.002847,0.0
13786,229.75,0.003333,0.0
13787,229.766667,0.553819,0.00125
13788,229.783333,2.030347,0.067361
13789,229.8,2.577014,0.088472
13790,229.816667,4.198403,0.130903
13791,229.833333,4.430903,0.140903
13792,229.85,4.680764,0.137847
13793,229.866667,4.696389,0.13125
13794,229.883333,4.056319,0.120833
13795,229.9,3.320833,0.098333
13796,229.916667,2.499653,0.084931
13797,229.933333,1.470208,0.038264
13798,229.95,0.015556,0.0
13799,229.966667,0.028472,0.0
13800,229.983333,0.030486,0.0
13801,230.0,0.089653,0.0
13802,230.016667,0.005208,0.0
13803,230.033333,0.012708,0.0
13804,230.05,0.034167,0.0
13805,230.066667,0.009167,0.0
13806,230.083333,0.006736,0.0
13807,230.1,0.004931,0.0
13808,230.116667,0.004514,0.0
13809,230.133333,0.004097,0.0
13810,230.15,0.000486,0.0
13811,230.166667,0.000972,0.0
13812,230.183333,0.0,0.0
13813,230.2,0.0,0.0
13814,230.216667,0.0,0.0
13815,230.233333,0.0,0.0
13816,230.25,0.0,0.0
13817,230.266667,0.0,0.0
13818,230.283333,0.0,0.0
13819,230.3,0.0,0.0
13820,230.316667,0.0,0.0
13821,230.333333,0.0,0.0
13822,230.35,0.0,0.0
13823,230.366667,0.0,0.0
13824,230.383333,0.0,0.0
13825,230.4,0.0,0.0
13826,230.416667,0.0,0.0
13827,230.433333,0.0,0.0
13828,230.45,0.0,0.0
13829,230.466667,0.000139,0.0
13830,230.483333,0.0,0.0
13831,230.5,0.000764,0.0
13832,230.516667,0.001389,0.0
13833,230.533333,0.004375,0.000139
13834,230.55,0.0,0.0
13835,230.566667,0.0,0.0
13836,230.583333,0.000278,0.0
13837,230.6,0.016806,0.000486
13838,230.616667,0.000903,0.0
13839,230.633333,0.000694,0.0
13840,230.65,0.0,0.0
13841,230.666667,0.0,0.0
13842,230.683333,0.0,0.0
13843,230.7,0.0,0.0
13844,230.716667,0.0,0.0
13845,230.733333,0.0,0.0
13846,230.75,0.0,0.0
13847,230.766667,0.0,0.0
13848,230.783333,0.0,0.0
13849,230.8,0.0,0.0
13850,230.816667,0.000347,0.0
13851,230.833333,0.0,0.0
13852,230.85,0.002083,0.0
13853,230.866667,0.000556,0.0
13854,230.883333,0.0,0.0
13855,230.9,0.000486,0.0
13856,230.916667,0.000903,0.0
13857,230.933333,0.000694,0.0
13858,230.95,0.0,0.0
13859,230.966667,0.0,0.0
13860,230.983333,0.001458,0.0
13861,231.0,0.060417,0.0
13862,231.016667,0.004236,6.9e-05
13863,231.033333,0.004167,0.000139
13864,231.05,0.0,0.0
13865,231.066667,0.004931,0.000208
13866,231.083333,0.002847,0.0
13867,231.1,0.008194,0.000278
13868,231.116667,0.007431,0.000208
13869,231.133333,0.012708,0.000417
13870,231.15,0.003819,6.9e-05
13871,231.166667,6.9e-05,0.0
13872,231.183333,0.019444,0.000764
13873,231.2,0.005972,0.000278
13874,231.216667,0.004306,0.000139
13875,231.233333,0.005278,0.000139
13876,231.25,0.006181,0.000278
13877,231.266667,0.003056,6.9e-05
13878,231.283333,0.004167,6.9e-05
13879,231.3,0.002639,0.0
13880,231.316667,0.003056,6.9e-05
13881,231.333333,0.002639,0.0
13882,231.35,0.002014,0.0
13883,231.366667,0.000139,0.0
13884,231.383333,0.007014,0.000208
13885,231.4,0.002986,0.0
13886,231.416667,0.001944,0.0
13887,231.433333,0.001736,0.0
13888,231.45,0.004097,0.000139
13889,231.466667,0.002222,0.0
13890,231.483333,0.002569,0.0
13891,231.5,0.002569,0.0
13892,231.516667,0.001944,0.0
13893,231.533333,0.001111,0.0
13894,231.55,0.00375,0.000139
13895,231.566667,0.000972,0.0
13896,231.583333,0.001736,0.0
13897,231.6,0.002153,0.0
13898,231.616667,0.000764,0.0
13899,231.633333,0.001458,0.0
13900,231.65,6.9e-05,0.0
13901,231.666667,0.0,0.0
13902,231.683333,0.001667,0.0
13903,231.7,0.005278,0.000139
13904,231.716667,6.9e-05,0.0
13905,231.733333,0.000139,0.0
13906,231.75,0.001944,0.0
13907,231.766667,0.003681,6.9e-05
13908,231.783333,0.005,0.000139
13909,231.8,0.0,0.0
13910,231.816667,0.001181,0.0
13911,231.833333,0.0,0.0
13912,231.85,0.0,0.0
13913,231.866667,0.0,0.0
13914,231.883333,0.0,0.0
13915,231.9,0.0,0.0
13916,231.916667,0.0,0.0
13917,231.933333,0.0,0.0
13918,231.95,0.0,0.0
13919,231.966667,0.0,0.0
13920,231.983333,0.0,0.0
13921,232.0,0.015278,0.0
13922,232.016667,0.002361,0.0
13923,232.033333,0.000486,0.0
13924,232.05,6.9e-05,0.0
13925,232.066667,0.0,0.0
13926,232.083333,0.0,0.0
13927,232.1,0.0,0.0
13928,232.116667,0.0,0.0
13929,232.133333,0.0,0.0
13930,232.15,0.0,0.0
13931,232.166667,0.0,0.0
13932,232.183333,0.0,0.0
13933,232.2,0.0,0.0
13934,232.216667,0.0,0.0
13935,232.233333,0.0,0.0
13936,232.25,0.0,0.0
13937,232.266667,0.0,0.0
13938,232.283333,0.0,0.0
13939,232.3,0.0,0.0
13940,232.316667,0.0,0.0
13941,232.333333,0.0,0.0
13942,232.35,0.0,0.0
13943,232.366667,0.0,0.0
13944,232.383333,0.0,0.0
13945,232.4,0.0,0.0
13946,232.416667,0.0,0.0
13947,232.433333,0.0,0.0
13948,232.45,0.0,0.0
13949,232.466667,0.0,0.0
13950,232.483333,0.0,0.0
13951,232.5,0.0,0.0
13952,232.516667,0.0,0.0
13953,232.533333,0.0,0.0
13954,232.55,0.0,0.0
13955,232.566667,0.0,0.0
13956,232.583333,0.0,0.0
13957,232.6,0.0,0.0
13958,232.616667,0.0,0.0
13959,232.633333,0.0,0.0
13960,232.65,0.0,0.0
13961,232.666667,0.001597,0.0
13962,232.683333,0.000139,0.0
13963,232.7,0.001181,0.0
13964,232.716667,0.000139,0.0
13965,232.733333,0.001944,0.0
13966,232.75,0.0,0.0
13967,232.766667,0.003333,6.9e-05
13968,232.783333,0.004514,0.000278
13969,232.8,0.003681,0.000139
13970,232.816667,0.007222,0.000278
13971,232.833333,0.009792,0.000278
13972,232.85,0.010903,0.000278
13973,232.866667,0.012847,0.000278
13974,232.883333,0.011875,0.000278
13975,232.9,0.014861,0.000556
13976,232.916667,0.010833,0.000347
13977,232.933333,0.007569,0.000278
13978,232.95,0.00625,0.000278
13979,232.966667,0.002778,0.0
13980,232.983333,0.005069,0.000139
13981,233.0,0.005347,0.0
13982,233.016667,0.002708,0.0
13983,233.033333,0.000903,0.0
13984,233.05,6.9e-05,0.0
13985,233.066667,6.9e-05,0.0
13986,233.083333,0.0,0.0
13987,233.1,0.0,0.0
13988,233.116667,0.0,0.0
13989,233.133333,0.0,0.0
13990,233.15,0.0,0.0
13991,233.166667,0.0,0.0
13992,233.183333,0.0,0.0
13993,233.2,0.0,0.0
13994,233.216667,0.0,0.0
13995,233.233333,0.0,0.0
13996,233.25,0.0,0.0
13997,233.266667,0.0,0.0
13998,233.283333,0.0,0.0
13999,233.3,0.0,0.0
14000,233.316667,0.000833,0.0
14001,233.333333,0.0,0.0
14002,233.35,0.000417,0.0
14003,233.366667,0.000208,0.0
14004,233.383333,0.002014,0.0
14005,233.4,0.001528,0.0
14006,233.416667,0.016597,0.0
14007,233.433333,0.513264,0.002083
14008,233.45,4.9825,0.127014
14009,233.466667,4.41875,0.12125
14010,233.483333,5.159583,0.139236
14011,233.5,5.636042,0.152361
14012,233.516667,5.874444,0.142361
14013,233.533333,6.112986,0.149097
14014,233.55,6.328611,0.151806
14015,233.566667,6.234375,0.148194
14016,233.583333,6.172708,0.147639
14017,233.6,5.816458,0.14375
14018,233.616667,5.843264,0.146736
14019,233.633333,5.982986,0.155556
14020,233.65,5.895556,0.155903
14021,233.666667,0.02625,0.0
14022,233.683333,5.838611,0.145625
14023,233.7,0.020764,0.0
14024,233.716667,6.242917,0.150139
14025,233.733333,0.009236,0.0
14026,233.75,6.237431,0.150139
14027,233.766667,5.716736,0.142847
14028,233.783333,5.8275,0.147847
14029,233.8,5.905278,0.143403
14030,233.816667,5.578194,0.149306
14031,233.833333,5.410625,0.139931
14032,233.85,4.813403,0.129236
14033,233.866667,0.040347,0.0
14034,233.883333,0.040625,0.0
14035,233.9,0.049792,0.0
14036,233.916667,5.237083,0.143889
14037,233.933333,0.023681,0.0
14038,233.95,1.544722,0.042639
14039,233.966667,0.02375,0.0
14040,233.983333,0.0325,0.0
14041,234.0,0.092014,0.0
14042,234.016667,0.011042,0.0
14043,234.033333,0.017708,0.0
14044,234.05,0.022778,0.0
14045,234.066667,0.01875,0.0
14046,234.083333,0.017431,0.0
14047,234.1,0.009861,0.0
14048,234.116667,0.0075,0.0
14049,234.133333,0.006181,0.0
14050,234.15,0.003889,0.0
14051,234.166667,0.001528,0.0
14052,234.183333,0.002361,0.0
14053,234.2,0.0,0.0
14054,234.216667,0.000833,0.0
14055,234.233333,0.000347,0.0
14056,234.25,6.9e-05,0.0
14057,234.266667,0.000486,0.0
14058,234.283333,0.000833,0.0
14059,234.3,0.000208,0.0
14060,234.316667,0.0,0.0
14061,234.333333,0.0,0.0
14062,234.35,0.00125,0.0
14063,234.366667,0.0,0.0
14064,234.383333,0.000833,0.0
14065,234.4,0.0,0.0
14066,234.416667,0.0,0.0
14067,234.433333,0.0,0.0
14068,234.45,0.0,0.0
14069,234.466667,0.0,0.0
14070,234.483333,0.0,0.0
14071,234.5,0.0,0.0
14072,234.516667,0.0,0.0
14073,234.533333,0.0,0.0
14074,234.55,0.0,0.0
14075,234.566667,0.0,0.0
14076,234.583333,0.0,0.0
14077,234.6,0.0,0.0
14078,234.616667,0.0,0.0
14079,234.633333,0.0,0.0
14080,234.65,0.0,0.0
14081,234.666667,0.0,0.0
14082,234.683333,0.0,0.0
14083,234.7,0.0,0.0
14084,234.716667,0.0,0.0
14085,234.733333,0.0,0.0
14086,234.75,0.0,0.0
14087,234.766667,0.0,0.0
14088,234.783333,0.0,0.0
14089,234.8,0.0,0.0
14090,234.816667,0.0,0.0
14091,234.833333,0.0,0.0
14092,234.85,0.0,0.0
14093,234.866667,0.0,0.0
14094,234.883333,0.0,0.0
14095,234.9,0.0,0.0
14096,234.916667,0.0,0.0
14097,234.933333,0.0,0.0
14098,234.95,0.0,0.0
14099,234.966667,0.0,0.0
14100,234.983333,0.0,0.0
14101,235.0,0.054653,0.0
14102,235.016667,0.003125,0.0
14103,235.033333,0.001042,0.0
14104,235.05,6.9e-05,0.0
14105,235.066667,6.9e-05,0.0
14106,235.083333,0.0,0.0
14107,235.1,0.0,0.0
14108,235.116667,0.0,0.0
14109,235.133333,0.0,0.0
14110,235.15,0.0,0.0
14111,235.166667,0.0,0.0
14112,235.183333,0.0,0.0
14113,235.2,0.0,0.0
14114,235.216667,0.0,0.0
14115,235.233333,0.0,0.0
14116,235.25,0.0,0.0
14117,235.266667,0.000556,0.0
14118,235.283333,0.0,0.0
14119,235.3,0.0,0.0
14120,235.316667,0.0,0.0
14121,235.333333,0.0,0.0
14122,235.35,0.0,0.0
14123,235.366667,0.0,0.0
14124,235.383333,0.0,0.0
14125,235.4,0.0,0.0
14126,235.416667,0.0,0.0
14127,235.433333,0.0,0.0
14128,235.45,0.0,0.0
14129,235.466667,0.0,0.0
14130,235.483333,0.0,0.0
14131,235.5,0.0,0.0
14132,235.516667,0.0,0.0
14133,235.533333,0.0,0.0
14134,235.55,0.0,0.0
14135,235.566667,0.0,0.0
14136,235.583333,0.0,0.0
14137,235.6,0.0,0.0
14138,235.616667,0.0,0.0
14139,235.633333,0.0,0.0
14140,235.65,0.0,0.0
14141,235.666667,0.0,0.0
14142,235.683333,0.0,0.0
14143,235.7,0.0,0.0
14144,235.716667,0.0,0.0
14145,235.733333,0.0,0.0
14146,235.75,0.0,0.0
14147,235.766667,0.0,0.0
14148,235.783333,0.0,0.0
14149,235.8,0.0,0.0
14150,235.816667,0.0,0.0
14151,235.833333,0.0,0.0
14152,235.85,0.0,0.0
14153,235.866667,0.0,0.0
14154,235.883333,0.0,0.0
14155,235.9,0.0,0.0
14156,235.916667,0.0,0.0
14157,235.933333,0.00125,0.0
14158,235.95,0.0,0.0
14159,235.966667,0.000417,0.0
14160,235.983333,0.001042,0.0
14161,236.0,0.005833,0.0
14162,236.016667,0.003194,0.0
14163,236.033333,0.001528,0.0
14164,236.05,0.000139,0.0
14165,236.066667,0.001597,0.0
14166,236.083333,0.001875,0.0
14167,236.1,0.004028,0.0
14168,236.116667,0.001944,0.0
14169,236.133333,0.000417,0.0
14170,236.15,6.9e-05,0.0
14171,236.166667,0.000208,0.0
14172,236.183333,0.000694,0.0
14173,236.2,0.007222,0.0
14174,236.216667,0.521389,0.002083
14175,236.233333,2.555486,0.089792
14176,236.25,3.312778,0.108264
14177,236.266667,4.406042,0.126528
14178,236.283333,5.099167,0.137917
14179,236.3,5.379861,0.142431
14180,236.316667,5.281042,0.133333
14181,236.333333,5.004028,0.137917
14182,236.35,4.5025,0.135694
14183,236.366667,3.85875,0.116806
14184,236.383333,2.082708,0.069792
14185,236.4,0.521736,0.002569
14186,236.416667,0.022778,0.0
14187,236.433333,0.029514,0.0
14188,236.45,0.014722,0.0
14189,236.466667,0.009028,0.0
14190,236.483333,0.005139,0.0
14191,236.5,0.002917,0.0
14192,236.516667,0.000486,0.0
14193,236.533333,0.000208,0.0
14194,236.55,0.000556,0.0
14195,236.566667,0.000208,0.0
14196,236.583333,0.000139,0.0
14197,236.6,0.000694,0.0
14198,236.616667,0.000625,0.0
14199,236.633333,0.000833,0.0
14200,236.65,0.0,0.0
14201,236.666667,0.0,0.0
14202,236.683333,0.0,0.0
14203,236.7,0.0,0.0
14204,236.716667,0.0,0.0
14205,236.733333,0.0,0.0
14206,236.75,0.0,0.0
14207,236.766667,0.0,0.0
14208,236.783333,0.0,0.0
14209,236.8,0.0,0.0
14210,236.816667,0.0,0.0
14211,236.833333,0.0,0.0
14212,236.85,0.0,0.0
14213,236.866667,0.0,0.0
14214,236.883333,0.001736,0.0
14215,236.9,0.000139,0.0
14216,236.916667,0.0,0.0
14217,236.933333,0.0,0.0
14218,236.95,0.0,0.0
14219,236.966667,0.0,0.0
14220,236.983333,0.0,0.0
14221,237.0,0.040833,0.0
14222,237.016667,0.001736,0.0
14223,237.033333,0.000972,0.0
14224,237.05,6.9e-05,0.0
14225,237.066667,0.0,0.0
14226,237.083333,0.0,0.0
14227,237.1,0.0,0.0
14228,237.116667,0.0,0.0
14229,237.133333,0.0,0.0
14230,237.15,0.000486,0.0
14231,237.166667,0.0,0.0
14232,237.183333,0.000833,0.0
14233,237.2,0.000486,0.0
14234,237.216667,0.000556,0.0
14235,237.233333,0.000694,0.0
14236,237.25,0.0,0.0
14237,237.266667,0.000556,0.0
14238,237.283333,0.000833,0.0
14239,237.3,0.000625,0.0
14240,237.316667,0.0,0.0
14241,237.333333,0.00125,0.0
14242,237.35,6.9e-05,0.0
14243,237.366667,0.000486,0.0
14244,237.383333,0.000556,0.0
14245,237.4,0.000556,0.0
14246,237.416667,0.001806,0.0
14247,237.433333,0.000278,0.0
14248,237.45,0.000694,0.0
14249,237.466667,0.000208,0.0
14250,237.483333,0.000278,0.0
14251,237.5,0.000694,0.0
14252,237.516667,0.020556,0.0
14253,237.533333,0.525903,0.002639
14254,237.55,2.63875,0.089097
14255,237.566667,0.006806,0.0
14256,237.583333,3.427431,0.101944
14257,237.6,0.016528,0.0
14258,237.616667,6.781042,0.161042
14259,237.633333,0.004653,0.0
14260,237.65,6.811319,0.1675
14261,237.666667,0.006042,0.0
14262,237.683333,6.548958,0.156389
14263,237.7,0.002847,0.0
14264,237.716667,5.400764,0.146667
14265,237.733333,0.555347,0.001319
14266,237.75,0.02,0.0
14267,237.766667,0.028056,0.0
14268,237.783333,0.033333,0.0
14269,237.8,0.014444,0.0
14270,237.816667,0.008403,0.0
14271,237.833333,0.005347,0.0
14272,237.85,0.001875,0.0
14273,237.866667,0.001875,0.0
14274,237.883333,0.0,0.0
14275,237.9,0.000139,0.0
14276,237.916667,0.000139,0.0
14277,237.933333,0.000903,0.0
14278,237.95,0.000625,0.0
14279,237.966667,0.000139,0.0
14280,237.983333,0.000556,0.0
14281,238.0,0.048403,0.0
14282,238.016667,0.138264,0.0
14283,238.033333,0.007708,0.0
14284,238.05,0.008333,0.0
14285,238.066667,0.546458,0.002222
14286,238.083333,2.697847,0.093403
14287,238.1,3.483333,0.110694
14288,238.116667,4.682083,0.127361
14289,238.133333,5.057153,0.144653
14290,238.15,5.844375,0.158611
14291,238.166667,5.664792,0.140278
14292,238.183333,5.576458,0.151806
14293,238.2,4.784583,0.130625
14294,238.216667,3.588611,0.102986
14295,238.233333,3.043403,0.097014
14296,238.25,4.232778,0.116389
14297,238.266667,4.600069,0.120278
14298,238.283333,5.156597,0.130069
14299,238.3,5.320903,0.143958
14300,238.316667,5.410417,0.150417
14301,238.333333,5.498611,0.142361
14302,238.35,5.402014,0.137917
14303,238.366667,5.864444,0.150417
14304,238.383333,5.946736,0.144375
14305,238.4,6.282153,0.156597
14306,238.416667,6.09875,0.14625
14307,238.433333,6.184722,0.146944
14308,238.45,6.170764,0.143333
14309,238.466667,6.253056,0.142778
14310,238.483333,6.267708,0.154653
14311,238.5,6.224028,0.154583
14312,238.516667,6.349931,0.153194
14313,238.533333,6.622361,0.151944
14314,238.55,6.800278,0.152014
14315,238.566667,6.81375,0.152361
14316,238.583333,6.685833,0.151389
14317,238.6,6.491875,0.155694
14318,238.616667,6.142361,0.15125
14319,238.633333,5.820417,0.139861
14320,238.65,5.289722,0.140486
14321,238.666667,3.468194,0.109861
14322,238.683333,1.972431,0.061944
14323,238.7,0.019306,0.0
14324,238.716667,0.036458,0.0
14325,238.733333,0.034306,0.0
14326,238.75,0.027639,0.0
14327,238.766667,0.016389,0.0
14328,238.783333,0.008472,0.0
14329,238.8,0.005486,0.0
14330,238.816667,0.002847,0.0
14331,238.833333,0.000208,0.0
14332,238.85,0.0,0.0
14333,238.866667,0.0,0.0
14334,238.883333,0.556736,0.003125
14335,238.9,2.515208,0.087292
14336,238.916667,3.320139,0.097431
14337,238.933333,4.844167,0.133194
14338,238.95,6.130625,0.157361
14339,238.966667,6.347292,0.153889
14340,238.983333,6.701875,0.164167
14341,239.0,7.173819,0.164236
14342,239.016667,7.625764,0.168542
14343,239.033333,7.955069,0.171111
14344,239.05,7.818472,0.1775
14345,239.066667,7.591181,0.179931
14346,239.083333,7.571528,0.177917
14347,239.1,7.309931,0.156736
14348,239.116667,6.931875,0.160417
14349,239.133333,6.507569,0.161736
14350,239.15,6.21625,0.163819
14351,239.166667,6.076597,0.146806
14352,239.183333,5.961528,0.142083
14353,239.2,6.048056,0.145069
14354,239.216667,6.141389,0.150278
14355,239.233333,6.219236,0.155903
14356,239.25,6.272292,0.152847
14357,239.266667,6.296319,0.146458
14358,239.283333,6.178125,0.152639
14359,239.3,6.310833,0.147014
14360,239.316667,6.237708,0.14625
14361,239.333333,6.481736,0.153542
14362,239.35,7.530972,0.160208
14363,239.366667,7.576736,0.167986
14364,239.383333,7.21,0.167361
14365,239.4,6.692708,0.161528
14366,239.416667,6.345903,0.1525
14367,239.433333,5.382292,0.141875
14368,239.45,3.816806,0.117083
14369,239.466667,1.638889,0.051389
14370,239.483333,0.023403,0.0
14371,239.5,0.037083,0.0
14372,239.516667,0.044792,0.0
14373,239.533333,0.039306,0.0
14374,239.55,0.02875,0.0
14375,239.566667,0.0225,0.0
14376,239.583333,0.028194,0.0
14377,239.6,0.542153,0.002431
14378,239.616667,2.542986,0.082361
14379,239.633333,0.009167,0.0
14380,239.65,3.509514,0.109097
14381,239.666667,0.013403,0.0
14382,239.683333,6.837431,0.155833
14383,239.7,0.00875,0.0
14384,239.716667,8.462847,0.158958
14385,239.733333,0.023681,0.0
14386,239.75,11.025208,0.181458
14387,239.766667,0.016181,0.0
14388,239.783333,0.026667,0.0
14389,239.8,14.497708,0.20125
14390,239.816667,0.006111,0.0
14391,239.833333,0.024861,0.0
14392,239.85,15.956181,0.222569
14393,239.866667,0.003194,0.0
14394,239.883333,10.231111,0.197361
14395,239.9,0.003819,0.0
14396,239.916667,6.095972,0.144931
14397,239.933333,0.024444,0.0
14398,239.95,0.032639,0.0
14399,239.966667,0.048889,0.0
14400,239.983333,0.035833,0.0
14401,240.0,0.111528,0.0
14402,240.016667,0.006111,0.0
14403,240.033333,0.014514,0.0
14404,240.05,0.0275,0.0
14405,240.066667,0.027014,0.0
14406,240.083333,1.050556,0.017014
14407,240.1,2.665625,0.090903
14408,240.116667,4.756597,0.141458
14409,240.133333,6.552847,0.153681
14410,240.15,7.342708,0.155764
14411,240.166667,8.590486,0.183681
14412,240.183333,8.284931,0.150764
14413,240.2,8.795833,0.159931
14414,240.216667,13.170625,0.211042
14415,240.233333,21.580347,0.270069
14416,240.25,23.066181,0.315208
14417,240.266667,23.188611,0.338611
14418,240.283333,21.462361,0.348681
14419,240.3,19.903889,0.329653
14420,240.316667,18.310903,0.298889
14421,240.333333,13.930139,0.220139
14422,240.35,6.818056,0.119514
14423,240.366667,3.540417,0.074514
14424,240.383333,1.333819,0.015069
14425,240.4,0.351736,0.0
14426,240.416667,0.175278,0.0
14427,240.433333,0.100069,0.0
14428,240.45,0.118125,0.0
14429,240.466667,0.100347,0.0
14430,240.483333,0.065833,0.0
14431,240.5,0.057569,0.0
14432,240.516667,0.057986,0.0
14433,240.533333,0.061319,0.0
14434,240.55,0.053125,0.0
14435,240.566667,0.027708,0.0
14436,240.583333,0.047639,0.0
14437,240.6,0.035208,0.0
14438,240.616667,0.025972,6.9e-05
14439,240.633333,0.031042,0.000139
14440,240.65,0.022917,0.0
14441,240.666667,0.011181,0.0
14442,240.683333,0.014931,0.0
14443,240.7,0.015069,0.000417
14444,240.716667,0.022361,0.000694
14445,240.733333,0.016458,0.000486
14446,240.75,0.011319,0.000417
14447,240.766667,0.013264,0.000347
14448,240.783333,0.013681,0.000347
14449,240.8,0.013403,0.000486
14450,240.816667,0.0125,0.000417
14451,240.833333,0.010833,0.000278
14452,240.85,0.000903,0.0
14453,240.866667,0.009861,0.000347
14454,240.883333,0.009861,0.000347
14455,240.9,0.010139,0.000347
14456,240.916667,0.008056,0.000208
14457,240.933333,0.009861,0.000278
14458,240.95,0.006389,0.000208
14459,240.966667,0.008403,0.000278
14460,240.983333,0.004236,6.9e-05
14461,241.0,0.136736,0.0
14462,241.016667,0.008056,0.000278
14463,241.033333,0.008403,0.000347
14464,241.05,0.000139,0.0
14465,241.066667,0.010833,0.000347
14466,241.083333,0.004653,0.000139
14467,241.1,0.004722,0.0
14468,241.116667,0.004236,0.0
14469,241.133333,0.00875,0.000208
14470,241.15,0.005208,6.9e-05
14471,241.166667,0.009167,0.000139
14472,241.183333,0.006042,0.000139
14473,241.2,0.003264,0.0
14474,241.216667,0.000347,0.0
14475,241.233333,0.000486,0.0
14476,241.25,0.000486,0.0
14477,241.266667,0.379444,0.004722
14478,241.283333,0.001111,0.0
14479,241.3,0.001667,0.0
14480,241.316667,0.0025,0.0
14481,241.333333,0.004097,6.9e-05
14482,241.35,0.035625,0.0
14483,241.366667,0.030764,0.0
14484,241.383333,57.208472,0.5175
14485,241.4,1.040347,0.012153
14486,241.416667,0.006181,0.0
14487,241.433333,6.479236,0.182014
14488,241.45,11.241181,0.336042
14489,241.466667,8.707153,0.253194
14490,241.483333,6.109861,0.16125
14491,241.5,4.720972,0.119306
14492,241.516667,3.94875,0.098889
14493,241.533333,3.499375,0.084097
14494,241.55,0.062361,0.0
14495,241.566667,4.032361,0.097292
14496,241.583333,0.031528,0.0
14497,241.6,0.054583,0.0
14498,241.616667,3.758125,0.096875
14499,241.633333,0.0475,0.0
14500,241.65,2.515764,0.064792
14501,241.666667,1.050278,0.019375
14502,241.683333,0.080833,0.0
14503,241.7,1.290278,0.020903
14504,241.716667,0.353889,0.000208
14505,241.733333,0.027917,0.000278
14506,241.75,0.039444,0.000208
14507,241.766667,0.029861,0.000278
14508,241.783333,0.014236,6.9e-05
14509,241.8,0.010625,0.000139
14510,241.816667,0.016042,0.000347
14511,241.833333,0.009514,0.000417
14512,241.85,0.000208,0.0
14513,241.866667,0.011736,0.000486
14514,241.883333,0.007222,0.000208
14515,241.9,0.0675,0.0
14516,241.916667,0.012986,0.0
14517,241.933333,0.006111,0.0
14518,241.95,0.003333,0.0
14519,241.966667,0.002986,0.0
14520,241.983333,0.019861,0.000139
14521,242.0,0.064167,0.000208
14522,242.016667,0.065208,0.0
14523,242.033333,0.064306,6.9e-05
14524,242.05,0.025347,0.000278
14525,242.066667,0.005139,6.9e-05
14526,242.083333,0.005208,6.9e-05
14527,242.1,0.004028,0.0
